repository,file_name,context,target_structure,line_number,relative_path,import_hint
accumulo-examples,BloomFiltersNotFound.java,IMPORT,import static org.apache.accumulo.examples.bloom.BloomFilters.writeData,19,src/main/java/org/apache/accumulo/examples/bloom/BloomFiltersNotFound.java,
accumulo,TableConfigurationTest.java,IMPORT,import static org.apache.accumulo.core.conf.Property.TABLE_BLOOM_ENABLED,22,server/base/src/test/java/org/apache/accumulo/server/conf/TableConfigurationTest.java,
accumulo,TableConfigurationTest.java,IMPORT,import static org.apache.accumulo.core.conf.Property.TABLE_BLOOM_SIZE,23,server/base/src/test/java/org/apache/accumulo/server/conf/TableConfigurationTest.java,
accumulo,SystemConfigurationTest.java,IMPORT,import static org.apache.accumulo.core.conf.Property.TABLE_BLOOM_ENABLED,22,server/base/src/test/java/org/apache/accumulo/server/conf/SystemConfigurationTest.java,
accumulo,SystemConfigurationTest.java,IMPORT,import static org.apache.accumulo.core.conf.Property.TABLE_BLOOM_SIZE,23,server/base/src/test/java/org/apache/accumulo/server/conf/SystemConfigurationTest.java,
accumulo,ZooBasedConfigurationTest.java,IMPORT,import static org.apache.accumulo.core.conf.Property.TABLE_BLOOM_ENABLED,24,server/base/src/test/java/org/apache/accumulo/server/conf/ZooBasedConfigurationTest.java,
accumulo,ZooBasedConfigurationTest.java,IMPORT,import static org.apache.accumulo.core.conf.Property.TABLE_BLOOM_SIZE,25,server/base/src/test/java/org/apache/accumulo/server/conf/ZooBasedConfigurationTest.java,
accumulo,AccumuloConfigurationIsPropertySetTest.java,IMPORT,import static org.apache.accumulo.core.conf.Property.TABLE_BLOOM_ENABLED,27,server/base/src/test/java/org/apache/accumulo/server/conf/AccumuloConfigurationIsPropertySetTest.java,
accumulo,AccumuloConfigurationIsPropertySetTest.java,IMPORT,import static org.apache.accumulo.core.conf.Property.TABLE_BLOOM_SIZE,28,server/base/src/test/java/org/apache/accumulo/server/conf/AccumuloConfigurationIsPropertySetTest.java,
accumulo,PropSnapshotTest.java,IMPORT,import static org.apache.accumulo.core.conf.Property.TABLE_BLOOM_ENABLED,21,server/base/src/test/java/org/apache/accumulo/server/conf/util/PropSnapshotTest.java,
accumulo,DynamicBloomFilter.java,IMPORT,import org.apache.hadoop.util.bloom.Key,37,core/src/main/java/org/apache/accumulo/core/bloomfilter/DynamicBloomFilter.java,
accumulo,DynamicBloomFilter.java,INSTANTIATION,BloomFilter,109,core/src/main/java/org/apache/accumulo/core/bloomfilter/DynamicBloomFilter.java,
accumulo,DynamicBloomFilter.java,INSTANTIATION,BloomFilter,238,core/src/main/java/org/apache/accumulo/core/bloomfilter/DynamicBloomFilter.java,
accumulo,DynamicBloomFilter.java,INSTANTIATION,BloomFilter,253,core/src/main/java/org/apache/accumulo/core/bloomfilter/DynamicBloomFilter.java,
accumulo,BloomFilter.java,IMPORT,import org.apache.hadoop.util.bloom.Key,42,core/src/main/java/org/apache/accumulo/core/bloomfilter/BloomFilter.java,
accumulo,Filter.java,IMPORT,import org.apache.hadoop.util.bloom.HashFunction,38,core/src/main/java/org/apache/accumulo/core/bloomfilter/Filter.java,
accumulo,Filter.java,IMPORT,import org.apache.hadoop.util.bloom.Key,39,core/src/main/java/org/apache/accumulo/core/bloomfilter/Filter.java,
accumulo,DispatchingFileFactory.java,INSTANTIATION,BloomFilterLayer.Writer,61,core/src/main/java/org/apache/accumulo/core/file/DispatchingFileFactory.java,
accumulo,DispatchingFileFactory.java,INSTANTIATION,BloomFilterLayer.Reader,78,core/src/main/java/org/apache/accumulo/core/file/DispatchingFileFactory.java,
accumulo,BloomFilterLayer.java,IMPORT,import static org.apache.accumulo.core.util.threads.ThreadPoolNames.BLOOM_LOADER_POOL,22,core/src/main/java/org/apache/accumulo/core/file/BloomFilterLayer.java,
accumulo,BloomFilterLayer.java,IMPORT,import org.apache.accumulo.core.bloomfilter.DynamicBloomFilter,33,core/src/main/java/org/apache/accumulo/core/file/BloomFilterLayer.java,
accumulo,BloomFilterLayer.java,IMPORT,import org.apache.hadoop.util.bloom.Key,48,core/src/main/java/org/apache/accumulo/core/file/BloomFilterLayer.java,
accumulo,BloomFilterLayer.java,INSTANTIATION,DynamicBloomFilter,104,core/src/main/java/org/apache/accumulo/core/file/BloomFilterLayer.java,import org.apache.accumulo.core.bloomfilter.DynamicBloomFilter
accumulo,BloomFilterLayer.java,INSTANTIATION,DynamicBloomFilter,217,core/src/main/java/org/apache/accumulo/core/file/BloomFilterLayer.java,import org.apache.accumulo.core.bloomfilter.DynamicBloomFilter
accumulo,BloomFilterLayer.java,INSTANTIATION,BloomFilterLoader,343,core/src/main/java/org/apache/accumulo/core/file/BloomFilterLayer.java,
accumulo,BloomFilterLayer.java,INSTANTIATION,BloomFilterLayer.Reader,384,core/src/main/java/org/apache/accumulo/core/file/BloomFilterLayer.java,
accumulo,BloomFilterLayer.java,INSTANTIATION,BloomFilterLayer.Reader,431,core/src/main/java/org/apache/accumulo/core/file/BloomFilterLayer.java,
accumulo,RowFunctor.java,IMPORT,import org.apache.hadoop.util.bloom.Key,24,core/src/main/java/org/apache/accumulo/core/file/keyfunctor/RowFunctor.java,
accumulo,ColumnQualifierFunctor.java,IMPORT,import org.apache.hadoop.util.bloom.Key,24,core/src/main/java/org/apache/accumulo/core/file/keyfunctor/ColumnQualifierFunctor.java,
accumulo,ColumnQualifierFunctor.java,INSTANTIATION,org.apache.hadoop.util.bloom.Key,41,core/src/main/java/org/apache/accumulo/core/file/keyfunctor/ColumnQualifierFunctor.java,import org.apache.hadoop.util.bloom.Key
accumulo,ColumnFamilyFunctor.java,IMPORT,import org.apache.hadoop.util.bloom.Key,24,core/src/main/java/org/apache/accumulo/core/file/keyfunctor/ColumnFamilyFunctor.java,
amoro,CombinedDeleteFilter.java,IMPORT,import org.apache.amoro.shade.guava32.com.google.common.hash.BloomFilter,31,amoro-format-iceberg/src/main/java/org/apache/amoro/io/reader/CombinedDeleteFilter.java,
amoro,IcebergPageSourceProvider.java,IMPORT,import static io.trino.plugin.iceberg.IcebergSessionProperties.isOrcBloomFiltersEnabled,48,amoro-format-mixed/amoro-mixed-trino/src/main/java/org/apache/amoro/trino/unkeyed/IcebergPageSourceProvider.java,
asterixdb-hyracks,BloomCalculations.java,INSTANTIATION,BloomFilterSpecification,104,hyracks/hyracks-storage-am-bloomfilter/src/main/java/org/apache/hyracks/storage/am/bloomfilter/impls/BloomCalculations.java,
asterixdb-hyracks,BloomCalculations.java,INSTANTIATION,BloomFilterSpecification,131,hyracks/hyracks-storage-am-bloomfilter/src/main/java/org/apache/hyracks/storage/am/bloomfilter/impls/BloomCalculations.java,
asterixdb-hyracks,BloomCalculations.java,INSTANTIATION,BloomFilterSpecification,151,hyracks/hyracks-storage-am-bloomfilter/src/main/java/org/apache/hyracks/storage/am/bloomfilter/impls/BloomCalculations.java,
asterixdb-hyracks,BloomFilter.java,INSTANTIATION,BloomFilterBuilder,202,hyracks/hyracks-storage-am-bloomfilter/src/main/java/org/apache/hyracks/storage/am/bloomfilter/impls/BloomFilter.java,
asterixdb-hyracks,BloomFilterFactory.java,INSTANTIATION,BloomFilter,39,hyracks/hyracks-storage-am-bloomfilter/src/main/java/org/apache/hyracks/storage/am/bloomfilter/impls/BloomFilterFactory.java,
asterixdb-hyracks,MurmurHashForITupleReferenceTest.java,IMPORT,import org.apache.hyracks.storage.am.bloomfilter.impls.MurmurHash128Bit,37,hyracks/hyracks-tests/hyracks-storage-am-bloomfilter-test/src/test/java/org/apache/hyracks/storage/am/bloomfilter/MurmurHashForITupleReferenceTest.java,
asterixdb-hyracks,MurmurHashForITupleReferenceTest.java,IMPORT,import org.apache.hyracks.storage.am.bloomfilter.util.AbstractBloomFilterTest,38,hyracks/hyracks-tests/hyracks-storage-am-bloomfilter-test/src/test/java/org/apache/hyracks/storage/am/bloomfilter/MurmurHashForITupleReferenceTest.java,
asterixdb-hyracks,BloomFilterTest.java,IMPORT,import org.apache.hyracks.storage.am.bloomfilter.impls.BloomCalculations,38,hyracks/hyracks-tests/hyracks-storage-am-bloomfilter-test/src/test/java/org/apache/hyracks/storage/am/bloomfilter/BloomFilterTest.java,
asterixdb-hyracks,BloomFilterTest.java,IMPORT,import org.apache.hyracks.storage.am.bloomfilter.impls.BloomFilter,39,hyracks/hyracks-tests/hyracks-storage-am-bloomfilter-test/src/test/java/org/apache/hyracks/storage/am/bloomfilter/BloomFilterTest.java,
asterixdb-hyracks,BloomFilterTest.java,IMPORT,import org.apache.hyracks.storage.am.bloomfilter.impls.BloomFilterSpecification,40,hyracks/hyracks-tests/hyracks-storage-am-bloomfilter-test/src/test/java/org/apache/hyracks/storage/am/bloomfilter/BloomFilterTest.java,
asterixdb-hyracks,BloomFilterTest.java,IMPORT,import org.apache.hyracks.storage.am.bloomfilter.util.AbstractBloomFilterTest,41,hyracks/hyracks-tests/hyracks-storage-am-bloomfilter-test/src/test/java/org/apache/hyracks/storage/am/bloomfilter/BloomFilterTest.java,
asterixdb-hyracks,BloomFilterTest.java,INSTANTIATION,BloomFilter,65,hyracks/hyracks-tests/hyracks-storage-am-bloomfilter-test/src/test/java/org/apache/hyracks/storage/am/bloomfilter/BloomFilterTest.java,import org.apache.hyracks.storage.am.bloomfilter.util.AbstractBloomFilterTest
asterixdb-hyracks,BloomFilterTest.java,INSTANTIATION,BloomFilter,124,hyracks/hyracks-tests/hyracks-storage-am-bloomfilter-test/src/test/java/org/apache/hyracks/storage/am/bloomfilter/BloomFilterTest.java,import org.apache.hyracks.storage.am.bloomfilter.util.AbstractBloomFilterTest
asterixdb-hyracks,AbstractBloomFilterTest.java,INSTANTIATION,BloomFilterTestHarness,36,hyracks/hyracks-tests/hyracks-storage-am-bloomfilter-test/src/test/java/org/apache/hyracks/storage/am/bloomfilter/util/AbstractBloomFilterTest.java,
asterixdb-hyracks,AbstractBloomFilterTest.java,INSTANTIATION,BloomFilterTestHarness,40,hyracks/hyracks-tests/hyracks-storage-am-bloomfilter-test/src/test/java/org/apache/hyracks/storage/am/bloomfilter/util/AbstractBloomFilterTest.java,
asterixdb-hyracks,AbstractLSMIndex.java,IMPORT,import org.apache.hyracks.storage.am.bloomfilter.impls.BloomFilter,34,hyracks/hyracks-storage-am-lsm-common/src/main/java/org/apache/hyracks/storage/am/lsm/common/impls/AbstractLSMIndex.java,
asterixdb-hyracks,BloomFilterAwareBTreePointSearchCursor.java,IMPORT,import org.apache.hyracks.storage.am.bloomfilter.impls.BloomFilter,23,hyracks/hyracks-storage-am-lsm-common/src/main/java/org/apache/hyracks/storage/am/lsm/common/impls/BloomFilterAwareBTreePointSearchCursor.java,
asterixdb-hyracks,LSMRTree.java,IMPORT,import org.apache.hyracks.storage.am.bloomfilter.impls.BloomCalculations,32,hyracks/hyracks-storage-am-lsm-rtree/src/main/java/org/apache/hyracks/storage/am/lsm/rtree/impls/LSMRTree.java,
asterixdb-hyracks,LSMRTree.java,IMPORT,import org.apache.hyracks.storage.am.bloomfilter.impls.BloomFilter,33,hyracks/hyracks-storage-am-lsm-rtree/src/main/java/org/apache/hyracks/storage/am/lsm/rtree/impls/LSMRTree.java,
asterixdb-hyracks,LSMRTree.java,IMPORT,import org.apache.hyracks.storage.am.bloomfilter.impls.BloomFilterFactory,34,hyracks/hyracks-storage-am-lsm-rtree/src/main/java/org/apache/hyracks/storage/am/lsm/rtree/impls/LSMRTree.java,
asterixdb-hyracks,LSMRTree.java,IMPORT,import org.apache.hyracks.storage.am.bloomfilter.impls.BloomFilterSpecification,35,hyracks/hyracks-storage-am-lsm-rtree/src/main/java/org/apache/hyracks/storage/am/lsm/rtree/impls/LSMRTree.java,
asterixdb-hyracks,ExternalRTree.java,IMPORT,import org.apache.hyracks.storage.am.bloomfilter.impls.BloomCalculations,29,hyracks/hyracks-storage-am-lsm-rtree/src/main/java/org/apache/hyracks/storage/am/lsm/rtree/impls/ExternalRTree.java,
asterixdb-hyracks,ExternalRTree.java,IMPORT,import org.apache.hyracks.storage.am.bloomfilter.impls.BloomFilter,30,hyracks/hyracks-storage-am-lsm-rtree/src/main/java/org/apache/hyracks/storage/am/lsm/rtree/impls/ExternalRTree.java,
asterixdb-hyracks,ExternalRTree.java,IMPORT,import org.apache.hyracks.storage.am.bloomfilter.impls.BloomFilterFactory,31,hyracks/hyracks-storage-am-lsm-rtree/src/main/java/org/apache/hyracks/storage/am/lsm/rtree/impls/ExternalRTree.java,
asterixdb-hyracks,ExternalRTree.java,IMPORT,import org.apache.hyracks.storage.am.bloomfilter.impls.BloomFilterSpecification,32,hyracks/hyracks-storage-am-lsm-rtree/src/main/java/org/apache/hyracks/storage/am/lsm/rtree/impls/ExternalRTree.java,
asterixdb-hyracks,LSMRTreeDiskComponentFactory.java,IMPORT,import org.apache.hyracks.storage.am.bloomfilter.impls.BloomFilterFactory,23,hyracks/hyracks-storage-am-lsm-rtree/src/main/java/org/apache/hyracks/storage/am/lsm/rtree/impls/LSMRTreeDiskComponentFactory.java,
asterixdb-hyracks,LSMRTreeDiskComponent.java,IMPORT,import org.apache.hyracks.storage.am.bloomfilter.impls.BloomFilter,22,hyracks/hyracks-storage-am-lsm-rtree/src/main/java/org/apache/hyracks/storage/am/lsm/rtree/impls/LSMRTreeDiskComponent.java,
asterixdb-hyracks,LSMRTreeAbstractCursor.java,IMPORT,import org.apache.hyracks.storage.am.lsm.common.impls.BloomFilterAwareBTreePointSearchCursor,39,hyracks/hyracks-storage-am-lsm-rtree/src/main/java/org/apache/hyracks/storage/am/lsm/rtree/impls/LSMRTreeAbstractCursor.java,
asterixdb-hyracks,LSMRTreeAbstractCursor.java,INSTANTIATION,BloomFilterAwareBTreePointSearchCursor,119,hyracks/hyracks-storage-am-lsm-rtree/src/main/java/org/apache/hyracks/storage/am/lsm/rtree/impls/LSMRTreeAbstractCursor.java,import org.apache.hyracks.storage.am.lsm.common.impls.BloomFilterAwareBTreePointSearchCursor
asterixdb-hyracks,LSMRTreeUtils.java,IMPORT,import org.apache.hyracks.storage.am.bloomfilter.impls.BloomFilterFactory,30,hyracks/hyracks-storage-am-lsm-rtree/src/main/java/org/apache/hyracks/storage/am/lsm/rtree/utils/LSMRTreeUtils.java,
asterixdb-hyracks,LSMRTreeUtils.java,INSTANTIATION,BloomFilterFactory,117,hyracks/hyracks-storage-am-lsm-rtree/src/main/java/org/apache/hyracks/storage/am/lsm/rtree/utils/LSMRTreeUtils.java,import org.apache.hyracks.storage.am.bloomfilter.impls.BloomFilterFactory
asterixdb-hyracks,LSMRTreeUtils.java,INSTANTIATION,BloomFilterFactory,259,hyracks/hyracks-storage-am-lsm-rtree/src/main/java/org/apache/hyracks/storage/am/lsm/rtree/utils/LSMRTreeUtils.java,import org.apache.hyracks.storage.am.bloomfilter.impls.BloomFilterFactory
asterixdb-hyracks,LSMBTreeWithBuddyAbstractCursor.java,IMPORT,import org.apache.hyracks.storage.am.lsm.common.impls.BloomFilterAwareBTreePointSearchCursor,40,hyracks/hyracks-storage-am-lsm-btree/src/main/java/org/apache/hyracks/storage/am/lsm/btree/impls/LSMBTreeWithBuddyAbstractCursor.java,
asterixdb-hyracks,LSMBTreeWithBuddyAbstractCursor.java,INSTANTIATION,BloomFilterAwareBTreePointSearchCursor,114,hyracks/hyracks-storage-am-lsm-btree/src/main/java/org/apache/hyracks/storage/am/lsm/btree/impls/LSMBTreeWithBuddyAbstractCursor.java,import org.apache.hyracks.storage.am.lsm.common.impls.BloomFilterAwareBTreePointSearchCursor
asterixdb-hyracks,LSMBTreeWithBuddyDiskComponent.java,IMPORT,import org.apache.hyracks.storage.am.bloomfilter.impls.BloomFilter,22,hyracks/hyracks-storage-am-lsm-btree/src/main/java/org/apache/hyracks/storage/am/lsm/btree/impls/LSMBTreeWithBuddyDiskComponent.java,
asterixdb-hyracks,LSMBTree.java,IMPORT,import org.apache.hyracks.storage.am.bloomfilter.impls.BloomCalculations,33,hyracks/hyracks-storage-am-lsm-btree/src/main/java/org/apache/hyracks/storage/am/lsm/btree/impls/LSMBTree.java,
asterixdb-hyracks,LSMBTree.java,IMPORT,import org.apache.hyracks.storage.am.bloomfilter.impls.BloomFilter,34,hyracks/hyracks-storage-am-lsm-btree/src/main/java/org/apache/hyracks/storage/am/lsm/btree/impls/LSMBTree.java,
asterixdb-hyracks,LSMBTree.java,IMPORT,import org.apache.hyracks.storage.am.bloomfilter.impls.BloomFilterFactory,35,hyracks/hyracks-storage-am-lsm-btree/src/main/java/org/apache/hyracks/storage/am/lsm/btree/impls/LSMBTree.java,
asterixdb-hyracks,LSMBTree.java,IMPORT,import org.apache.hyracks.storage.am.bloomfilter.impls.BloomFilterSpecification,36,hyracks/hyracks-storage-am-lsm-btree/src/main/java/org/apache/hyracks/storage/am/lsm/btree/impls/LSMBTree.java,
asterixdb-hyracks,ExternalBTreeWithBuddy.java,IMPORT,import org.apache.hyracks.storage.am.bloomfilter.impls.BloomCalculations,31,hyracks/hyracks-storage-am-lsm-btree/src/main/java/org/apache/hyracks/storage/am/lsm/btree/impls/ExternalBTreeWithBuddy.java,
asterixdb-hyracks,ExternalBTreeWithBuddy.java,IMPORT,import org.apache.hyracks.storage.am.bloomfilter.impls.BloomFilter,32,hyracks/hyracks-storage-am-lsm-btree/src/main/java/org/apache/hyracks/storage/am/lsm/btree/impls/ExternalBTreeWithBuddy.java,
asterixdb-hyracks,ExternalBTreeWithBuddy.java,IMPORT,import org.apache.hyracks.storage.am.bloomfilter.impls.BloomFilterFactory,33,hyracks/hyracks-storage-am-lsm-btree/src/main/java/org/apache/hyracks/storage/am/lsm/btree/impls/ExternalBTreeWithBuddy.java,
asterixdb-hyracks,ExternalBTreeWithBuddy.java,IMPORT,import org.apache.hyracks.storage.am.bloomfilter.impls.BloomFilterSpecification,34,hyracks/hyracks-storage-am-lsm-btree/src/main/java/org/apache/hyracks/storage/am/lsm/btree/impls/ExternalBTreeWithBuddy.java,
asterixdb-hyracks,LSMBTreeDiskComponentFactory.java,IMPORT,import org.apache.hyracks.storage.am.bloomfilter.impls.BloomFilterFactory,23,hyracks/hyracks-storage-am-lsm-btree/src/main/java/org/apache/hyracks/storage/am/lsm/btree/impls/LSMBTreeDiskComponentFactory.java,
asterixdb-hyracks,LSMBTreePointSearchCursor.java,IMPORT,import org.apache.hyracks.storage.am.lsm.common.impls.BloomFilterAwareBTreePointSearchCursor,42,hyracks/hyracks-storage-am-lsm-btree/src/main/java/org/apache/hyracks/storage/am/lsm/btree/impls/LSMBTreePointSearchCursor.java,
asterixdb-hyracks,LSMBTreePointSearchCursor.java,INSTANTIATION,BloomFilterAwareBTreePointSearchCursor,184,hyracks/hyracks-storage-am-lsm-btree/src/main/java/org/apache/hyracks/storage/am/lsm/btree/impls/LSMBTreePointSearchCursor.java,import org.apache.hyracks.storage.am.lsm.common.impls.BloomFilterAwareBTreePointSearchCursor
asterixdb-hyracks,LSMBTreeDiskComponent.java,IMPORT,import org.apache.hyracks.storage.am.bloomfilter.impls.BloomFilter,22,hyracks/hyracks-storage-am-lsm-btree/src/main/java/org/apache/hyracks/storage/am/lsm/btree/impls/LSMBTreeDiskComponent.java,
asterixdb-hyracks,ExternalBTree.java,IMPORT,import org.apache.hyracks.storage.am.bloomfilter.impls.BloomCalculations,29,hyracks/hyracks-storage-am-lsm-btree/src/main/java/org/apache/hyracks/storage/am/lsm/btree/impls/ExternalBTree.java,
asterixdb-hyracks,ExternalBTree.java,IMPORT,import org.apache.hyracks.storage.am.bloomfilter.impls.BloomFilter,30,hyracks/hyracks-storage-am-lsm-btree/src/main/java/org/apache/hyracks/storage/am/lsm/btree/impls/ExternalBTree.java,
asterixdb-hyracks,ExternalBTree.java,IMPORT,import org.apache.hyracks.storage.am.bloomfilter.impls.BloomFilterFactory,31,hyracks/hyracks-storage-am-lsm-btree/src/main/java/org/apache/hyracks/storage/am/lsm/btree/impls/ExternalBTree.java,
asterixdb-hyracks,ExternalBTree.java,IMPORT,import org.apache.hyracks.storage.am.bloomfilter.impls.BloomFilterSpecification,32,hyracks/hyracks-storage-am-lsm-btree/src/main/java/org/apache/hyracks/storage/am/lsm/btree/impls/ExternalBTree.java,
asterixdb-hyracks,LSMBTreeWithBuddyDiskComponentFactory.java,IMPORT,import org.apache.hyracks.storage.am.bloomfilter.impls.BloomFilterFactory,22,hyracks/hyracks-storage-am-lsm-btree/src/main/java/org/apache/hyracks/storage/am/lsm/btree/impls/LSMBTreeWithBuddyDiskComponentFactory.java,
asterixdb-hyracks,LSMBTreeUtils.java,IMPORT,import org.apache.hyracks.storage.am.bloomfilter.impls.BloomFilterFactory,27,hyracks/hyracks-storage-am-lsm-btree/src/main/java/org/apache/hyracks/storage/am/lsm/btree/util/LSMBTreeUtils.java,
asterixdb-hyracks,LSMBTreeUtils.java,INSTANTIATION,BloomFilterFactory,86,hyracks/hyracks-storage-am-lsm-btree/src/main/java/org/apache/hyracks/storage/am/lsm/btree/util/LSMBTreeUtils.java,import org.apache.hyracks.storage.am.bloomfilter.impls.BloomFilterFactory
asterixdb-hyracks,LSMBTreeUtils.java,INSTANTIATION,BloomFilterFactory,141,hyracks/hyracks-storage-am-lsm-btree/src/main/java/org/apache/hyracks/storage/am/lsm/btree/util/LSMBTreeUtils.java,import org.apache.hyracks.storage.am.bloomfilter.impls.BloomFilterFactory
asterixdb-hyracks,LSMBTreeUtils.java,INSTANTIATION,BloomFilterFactory,199,hyracks/hyracks-storage-am-lsm-btree/src/main/java/org/apache/hyracks/storage/am/lsm/btree/util/LSMBTreeUtils.java,import org.apache.hyracks.storage.am.bloomfilter.impls.BloomFilterFactory
asterixdb-hyracks,LSMInvertedIndex.java,IMPORT,import org.apache.hyracks.storage.am.bloomfilter.impls.BloomCalculations,33,hyracks/hyracks-storage-am-lsm-invertedindex/src/main/java/org/apache/hyracks/storage/am/lsm/invertedindex/impls/LSMInvertedIndex.java,
asterixdb-hyracks,LSMInvertedIndex.java,IMPORT,import org.apache.hyracks.storage.am.bloomfilter.impls.BloomFilterFactory,34,hyracks/hyracks-storage-am-lsm-invertedindex/src/main/java/org/apache/hyracks/storage/am/lsm/invertedindex/impls/LSMInvertedIndex.java,
asterixdb-hyracks,LSMInvertedIndex.java,IMPORT,import org.apache.hyracks.storage.am.bloomfilter.impls.BloomFilterSpecification,35,hyracks/hyracks-storage-am-lsm-invertedindex/src/main/java/org/apache/hyracks/storage/am/lsm/invertedindex/impls/LSMInvertedIndex.java,
asterixdb-hyracks,LSMInvertedIndexDiskComponent.java,IMPORT,import org.apache.hyracks.storage.am.bloomfilter.impls.BloomFilter,22,hyracks/hyracks-storage-am-lsm-invertedindex/src/main/java/org/apache/hyracks/storage/am/lsm/invertedindex/impls/LSMInvertedIndexDiskComponent.java,
asterixdb-hyracks,LSMInvertedIndexSearchCursor.java,IMPORT,import org.apache.hyracks.storage.am.lsm.common.impls.BloomFilterAwareBTreePointSearchCursor,38,hyracks/hyracks-storage-am-lsm-invertedindex/src/main/java/org/apache/hyracks/storage/am/lsm/invertedindex/impls/LSMInvertedIndexSearchCursor.java,
asterixdb-hyracks,LSMInvertedIndexSearchCursor.java,INSTANTIATION,BloomFilterAwareBTreePointSearchCursor,85,hyracks/hyracks-storage-am-lsm-invertedindex/src/main/java/org/apache/hyracks/storage/am/lsm/invertedindex/impls/LSMInvertedIndexSearchCursor.java,import org.apache.hyracks.storage.am.lsm.common.impls.BloomFilterAwareBTreePointSearchCursor
asterixdb-hyracks,PartitionedLSMInvertedIndex.java,IMPORT,import org.apache.hyracks.storage.am.bloomfilter.impls.BloomFilterFactory,28,hyracks/hyracks-storage-am-lsm-invertedindex/src/main/java/org/apache/hyracks/storage/am/lsm/invertedindex/impls/PartitionedLSMInvertedIndex.java,
asterixdb-hyracks,LSMInvertedIndexDiskComponentFactory.java,IMPORT,import org.apache.hyracks.storage.am.bloomfilter.impls.BloomFilterFactory,23,hyracks/hyracks-storage-am-lsm-invertedindex/src/main/java/org/apache/hyracks/storage/am/lsm/invertedindex/impls/LSMInvertedIndexDiskComponentFactory.java,
asterixdb-hyracks,LSMInvertedIndexRangeSearchCursor.java,IMPORT,import org.apache.hyracks.storage.am.lsm.common.impls.BloomFilterAwareBTreePointSearchCursor,37,hyracks/hyracks-storage-am-lsm-invertedindex/src/main/java/org/apache/hyracks/storage/am/lsm/invertedindex/impls/LSMInvertedIndexRangeSearchCursor.java,
asterixdb-hyracks,LSMInvertedIndexRangeSearchCursor.java,INSTANTIATION,BloomFilterAwareBTreePointSearchCursor,86,hyracks/hyracks-storage-am-lsm-invertedindex/src/main/java/org/apache/hyracks/storage/am/lsm/invertedindex/impls/LSMInvertedIndexRangeSearchCursor.java,import org.apache.hyracks.storage.am.lsm.common.impls.BloomFilterAwareBTreePointSearchCursor
asterixdb-hyracks,InvertedIndexUtils.java,IMPORT,import org.apache.hyracks.storage.am.bloomfilter.impls.BloomFilterFactory,28,hyracks/hyracks-storage-am-lsm-invertedindex/src/main/java/org/apache/hyracks/storage/am/lsm/invertedindex/util/InvertedIndexUtils.java,
asterixdb-hyracks,InvertedIndexUtils.java,INSTANTIATION,BloomFilterFactory,143,hyracks/hyracks-storage-am-lsm-invertedindex/src/main/java/org/apache/hyracks/storage/am/lsm/invertedindex/util/InvertedIndexUtils.java,import org.apache.hyracks.storage.am.bloomfilter.impls.BloomFilterFactory
asterixdb-hyracks,InvertedIndexUtils.java,INSTANTIATION,BloomFilterFactory,193,hyracks/hyracks-storage-am-lsm-invertedindex/src/main/java/org/apache/hyracks/storage/am/lsm/invertedindex/util/InvertedIndexUtils.java,import org.apache.hyracks.storage.am.bloomfilter.impls.BloomFilterFactory
asterixdb,BloomCalculations.java,INSTANTIATION,BloomFilterSpecification,101,hyracks-fullstack/hyracks/hyracks-storage-am-bloomfilter/src/main/java/org/apache/hyracks/storage/am/bloomfilter/impls/BloomCalculations.java,
asterixdb,BloomCalculations.java,INSTANTIATION,BloomFilterSpecification,128,hyracks-fullstack/hyracks/hyracks-storage-am-bloomfilter/src/main/java/org/apache/hyracks/storage/am/bloomfilter/impls/BloomCalculations.java,
asterixdb,BloomCalculations.java,INSTANTIATION,BloomFilterSpecification,150,hyracks-fullstack/hyracks/hyracks-storage-am-bloomfilter/src/main/java/org/apache/hyracks/storage/am/bloomfilter/impls/BloomCalculations.java,
asterixdb,BloomFilter.java,INSTANTIATION,BloomFilterBuilder,286,hyracks-fullstack/hyracks/hyracks-storage-am-bloomfilter/src/main/java/org/apache/hyracks/storage/am/bloomfilter/impls/BloomFilter.java,
asterixdb,BloomFilterFactory.java,INSTANTIATION,BloomFilter,36,hyracks-fullstack/hyracks/hyracks-storage-am-bloomfilter/src/main/java/org/apache/hyracks/storage/am/bloomfilter/impls/BloomFilterFactory.java,
asterixdb,LSMColumnBTreeWithBloomFilterDiskComponent.java,IMPORT,import org.apache.hyracks.storage.am.bloomfilter.impls.BloomFilter,26,hyracks-fullstack/hyracks/hyracks-storage-am-lsm-btree-column/src/main/java/org/apache/hyracks/storage/am/lsm/btree/column/impls/lsm/LSMColumnBTreeWithBloomFilterDiskComponent.java,
asterixdb,LSMColumnBTreeWithBloomFilterDiskComponent.java,IMPORT,import org.apache.hyracks.storage.am.lsm.btree.impls.LSMBTreeWithBloomFilterDiskComponent,34,hyracks-fullstack/hyracks/hyracks-storage-am-lsm-btree-column/src/main/java/org/apache/hyracks/storage/am/lsm/btree/column/impls/lsm/LSMColumnBTreeWithBloomFilterDiskComponent.java,
asterixdb,LSMColumnBTreeWithBloomFilterDiskComponentFactory.java,IMPORT,import org.apache.hyracks.storage.am.bloomfilter.impls.BloomFilterFactory,22,hyracks-fullstack/hyracks/hyracks-storage-am-lsm-btree-column/src/main/java/org/apache/hyracks/storage/am/lsm/btree/column/impls/lsm/LSMColumnBTreeWithBloomFilterDiskComponentFactory.java,
asterixdb,LSMColumnBTreeWithBloomFilterDiskComponentFactory.java,IMPORT,import org.apache.hyracks.storage.am.lsm.btree.impls.LSMBTreeWithBloomFilterDiskComponent,24,hyracks-fullstack/hyracks/hyracks-storage-am-lsm-btree-column/src/main/java/org/apache/hyracks/storage/am/lsm/btree/column/impls/lsm/LSMColumnBTreeWithBloomFilterDiskComponentFactory.java,
asterixdb,LSMColumnBTreeWithBloomFilterDiskComponentFactory.java,INSTANTIATION,LSMColumnBTreeWithBloomFilterDiskComponent,46,hyracks-fullstack/hyracks/hyracks-storage-am-lsm-btree-column/src/main/java/org/apache/hyracks/storage/am/lsm/btree/column/impls/lsm/LSMColumnBTreeWithBloomFilterDiskComponentFactory.java,
asterixdb,LSMColumnBTreeUtil.java,IMPORT,import org.apache.hyracks.storage.am.bloomfilter.impls.BloomFilterFactory,30,hyracks-fullstack/hyracks/hyracks-storage-am-lsm-btree-column/src/main/java/org/apache/hyracks/storage/am/lsm/btree/column/utils/LSMColumnBTreeUtil.java,
asterixdb,LSMColumnBTreeUtil.java,IMPORT,import org.apache.hyracks.storage.am.lsm.btree.column.impls.lsm.LSMColumnBTreeWithBloomFilterDiskComponentFactory,45,hyracks-fullstack/hyracks/hyracks-storage-am-lsm-btree-column/src/main/java/org/apache/hyracks/storage/am/lsm/btree/column/utils/LSMColumnBTreeUtil.java,
asterixdb,LSMColumnBTreeUtil.java,INSTANTIATION,BloomFilterFactory,121,hyracks-fullstack/hyracks/hyracks-storage-am-lsm-btree-column/src/main/java/org/apache/hyracks/storage/am/lsm/btree/column/utils/LSMColumnBTreeUtil.java,import org.apache.hyracks.storage.am.bloomfilter.impls.BloomFilterFactory
asterixdb,LSMColumnBTreeUtil.java,INSTANTIATION,LSMColumnBTreeWithBloomFilterDiskComponentFactory,123,hyracks-fullstack/hyracks/hyracks-storage-am-lsm-btree-column/src/main/java/org/apache/hyracks/storage/am/lsm/btree/column/utils/LSMColumnBTreeUtil.java,import org.apache.hyracks.storage.am.lsm.btree.column.impls.lsm.LSMColumnBTreeWithBloomFilterDiskComponentFactory
asterixdb,LSMColumnBTreeUtil.java,INSTANTIATION,LSMColumnBTreeWithBloomFilterDiskComponentFactory,125,hyracks-fullstack/hyracks/hyracks-storage-am-lsm-btree-column/src/main/java/org/apache/hyracks/storage/am/lsm/btree/column/utils/LSMColumnBTreeUtil.java,import org.apache.hyracks.storage.am.lsm.btree.column.impls.lsm.LSMColumnBTreeWithBloomFilterDiskComponentFactory
asterixdb,LSMColumnBTreeUtil.java,INSTANTIATION,LSMColumnBTreeWithBloomFilterDiskComponentFactory,127,hyracks-fullstack/hyracks/hyracks-storage-am-lsm-btree-column/src/main/java/org/apache/hyracks/storage/am/lsm/btree/column/utils/LSMColumnBTreeUtil.java,import org.apache.hyracks.storage.am.lsm.btree.column.impls.lsm.LSMColumnBTreeWithBloomFilterDiskComponentFactory
asterixdb,MurmurHashForITupleReferenceTest.java,IMPORT,import org.apache.hyracks.storage.am.bloomfilter.impls.MurmurHash128Bit,32,hyracks-fullstack/hyracks/hyracks-tests/hyracks-storage-am-bloomfilter-test/src/test/java/org/apache/hyracks/storage/am/bloomfilter/MurmurHashForITupleReferenceTest.java,
asterixdb,MurmurHashForITupleReferenceTest.java,IMPORT,import org.apache.hyracks.storage.am.bloomfilter.util.AbstractBloomFilterTest,33,hyracks-fullstack/hyracks/hyracks-tests/hyracks-storage-am-bloomfilter-test/src/test/java/org/apache/hyracks/storage/am/bloomfilter/MurmurHashForITupleReferenceTest.java,
asterixdb,BloomFilterTest.java,IMPORT,import org.apache.hyracks.storage.am.bloomfilter.impls.BloomCalculations,33,hyracks-fullstack/hyracks/hyracks-tests/hyracks-storage-am-bloomfilter-test/src/test/java/org/apache/hyracks/storage/am/bloomfilter/BloomFilterTest.java,
asterixdb,BloomFilterTest.java,IMPORT,import org.apache.hyracks.storage.am.bloomfilter.impls.BloomFilter,34,hyracks-fullstack/hyracks/hyracks-tests/hyracks-storage-am-bloomfilter-test/src/test/java/org/apache/hyracks/storage/am/bloomfilter/BloomFilterTest.java,
asterixdb,BloomFilterTest.java,IMPORT,import org.apache.hyracks.storage.am.bloomfilter.impls.BloomFilterSpecification,35,hyracks-fullstack/hyracks/hyracks-tests/hyracks-storage-am-bloomfilter-test/src/test/java/org/apache/hyracks/storage/am/bloomfilter/BloomFilterTest.java,
asterixdb,BloomFilterTest.java,IMPORT,import org.apache.hyracks.storage.am.bloomfilter.util.AbstractBloomFilterTest,36,hyracks-fullstack/hyracks/hyracks-tests/hyracks-storage-am-bloomfilter-test/src/test/java/org/apache/hyracks/storage/am/bloomfilter/BloomFilterTest.java,
asterixdb,BloomFilterTest.java,INSTANTIATION,BloomFilter,65,hyracks-fullstack/hyracks/hyracks-tests/hyracks-storage-am-bloomfilter-test/src/test/java/org/apache/hyracks/storage/am/bloomfilter/BloomFilterTest.java,import org.apache.hyracks.storage.am.bloomfilter.util.AbstractBloomFilterTest
asterixdb,BloomFilterTest.java,INSTANTIATION,BloomFilter,124,hyracks-fullstack/hyracks/hyracks-tests/hyracks-storage-am-bloomfilter-test/src/test/java/org/apache/hyracks/storage/am/bloomfilter/BloomFilterTest.java,import org.apache.hyracks.storage.am.bloomfilter.util.AbstractBloomFilterTest
asterixdb,AbstractBloomFilterTest.java,INSTANTIATION,BloomFilterTestHarness,36,hyracks-fullstack/hyracks/hyracks-tests/hyracks-storage-am-bloomfilter-test/src/test/java/org/apache/hyracks/storage/am/bloomfilter/util/AbstractBloomFilterTest.java,
asterixdb,AbstractBloomFilterTest.java,INSTANTIATION,BloomFilterTestHarness,40,hyracks-fullstack/hyracks/hyracks-tests/hyracks-storage-am-bloomfilter-test/src/test/java/org/apache/hyracks/storage/am/bloomfilter/util/AbstractBloomFilterTest.java,
asterixdb,LSMBTreePageWriteCallbackTest.java,IMPORT,import org.apache.hyracks.storage.am.lsm.common.api.AbstractLSMWithBloomFilterDiskComponent,39,hyracks-fullstack/hyracks/hyracks-tests/hyracks-storage-am-lsm-btree-test/src/test/java/org/apache/hyracks/storage/am/lsm/btree/LSMBTreePageWriteCallbackTest.java,
asterixdb,LSMBTreeFileManagerTest.java,IMPORT,import org.apache.hyracks.storage.am.lsm.btree.impls.LSMBTreeWithBloomFilterDiskComponent,30,hyracks-fullstack/hyracks/hyracks-tests/hyracks-storage-am-lsm-btree-test/src/test/java/org/apache/hyracks/storage/am/lsm/btree/LSMBTreeFileManagerTest.java,
asterixdb,TestLsmBtreeUtil.java,IMPORT,import org.apache.hyracks.storage.am.bloomfilter.impls.BloomFilterFactory,29,hyracks-fullstack/hyracks/hyracks-tests/hyracks-storage-am-lsm-btree-test/src/test/java/org/apache/hyracks/storage/am/lsm/btree/impl/TestLsmBtreeUtil.java,
asterixdb,TestLsmBtreeUtil.java,IMPORT,import org.apache.hyracks.storage.am.lsm.btree.impls.LSMBTreeWithBloomFilterDiskComponentFactory,39,hyracks-fullstack/hyracks/hyracks-tests/hyracks-storage-am-lsm-btree-test/src/test/java/org/apache/hyracks/storage/am/lsm/btree/impl/TestLsmBtreeUtil.java,
asterixdb,TestLsmBtreeUtil.java,INSTANTIATION,BloomFilterFactory,109,hyracks-fullstack/hyracks/hyracks-tests/hyracks-storage-am-lsm-btree-test/src/test/java/org/apache/hyracks/storage/am/lsm/btree/impl/TestLsmBtreeUtil.java,import org.apache.hyracks.storage.am.bloomfilter.impls.BloomFilterFactory
asterixdb,TestLsmBtreeUtil.java,INSTANTIATION,LSMBTreeWithBloomFilterDiskComponentFactory,111,hyracks-fullstack/hyracks/hyracks-tests/hyracks-storage-am-lsm-btree-test/src/test/java/org/apache/hyracks/storage/am/lsm/btree/impl/TestLsmBtreeUtil.java,import org.apache.hyracks.storage.am.lsm.btree.impls.LSMBTreeWithBloomFilterDiskComponentFactory
asterixdb,TestLsmBtreeUtil.java,INSTANTIATION,LSMBTreeWithBloomFilterDiskComponentFactory,112,hyracks-fullstack/hyracks/hyracks-tests/hyracks-storage-am-lsm-btree-test/src/test/java/org/apache/hyracks/storage/am/lsm/btree/impl/TestLsmBtreeUtil.java,import org.apache.hyracks.storage.am.lsm.btree.impls.LSMBTreeWithBloomFilterDiskComponentFactory
asterixdb,MergeOperation.java,IMPORT,import org.apache.hyracks.storage.am.lsm.common.api.AbstractLSMWithBloomFilterDiskComponent,25,hyracks-fullstack/hyracks/hyracks-storage-am-lsm-common/src/main/java/org/apache/hyracks/storage/am/lsm/common/impls/MergeOperation.java,
asterixdb,ComponentUtils.java,IMPORT,import org.apache.hyracks.storage.am.bloomfilter.impls.BloomFilter,28,hyracks-fullstack/hyracks/hyracks-storage-am-lsm-common/src/main/java/org/apache/hyracks/storage/am/lsm/common/util/ComponentUtils.java,
asterixdb,ThetaSampler.java,IMPORT,import org.apache.hyracks.storage.am.bloomfilter.impls.MurmurHash128Bit,29,hyracks-fullstack/hyracks/hyracks-storage-am-lsm-common/src/main/java/org/apache/hyracks/storage/am/lsm/common/theta/ThetaSampler.java,
asterixdb,AbstractLSMWithBloomFilterDiskComponent.java,IMPORT,import org.apache.hyracks.storage.am.bloomfilter.impls.BloomCalculations,23,hyracks-fullstack/hyracks/hyracks-storage-am-lsm-common/src/main/java/org/apache/hyracks/storage/am/lsm/common/api/AbstractLSMWithBloomFilterDiskComponent.java,
asterixdb,AbstractLSMWithBloomFilterDiskComponent.java,IMPORT,import org.apache.hyracks.storage.am.bloomfilter.impls.BloomFilter,24,hyracks-fullstack/hyracks/hyracks-storage-am-lsm-common/src/main/java/org/apache/hyracks/storage/am/lsm/common/api/AbstractLSMWithBloomFilterDiskComponent.java,
asterixdb,AbstractLSMWithBloomFilterDiskComponent.java,IMPORT,import org.apache.hyracks.storage.am.bloomfilter.impls.BloomFilterSpecification,25,hyracks-fullstack/hyracks/hyracks-storage-am-lsm-common/src/main/java/org/apache/hyracks/storage/am/lsm/common/api/AbstractLSMWithBloomFilterDiskComponent.java,
asterixdb,AbstractLSMWithBloomFilterDiskComponent.java,IMPORT,import org.apache.hyracks.storage.am.lsm.common.impls.BloomFilterBulkLoader,29,hyracks-fullstack/hyracks/hyracks-storage-am-lsm-common/src/main/java/org/apache/hyracks/storage/am/lsm/common/api/AbstractLSMWithBloomFilterDiskComponent.java,
asterixdb,AbstractLSMWithBloomFilterDiskComponent.java,INSTANTIATION,BloomFilterBulkLoader,91,hyracks-fullstack/hyracks/hyracks-storage-am-lsm-common/src/main/java/org/apache/hyracks/storage/am/lsm/common/api/AbstractLSMWithBloomFilterDiskComponent.java,import org.apache.hyracks.storage.am.lsm.common.impls.BloomFilterBulkLoader
asterixdb,LSMRTreeDiskComponentFactory.java,IMPORT,import org.apache.hyracks.storage.am.bloomfilter.impls.BloomFilterFactory,23,hyracks-fullstack/hyracks/hyracks-storage-am-lsm-rtree/src/main/java/org/apache/hyracks/storage/am/lsm/rtree/impls/LSMRTreeDiskComponentFactory.java,
asterixdb,LSMRTreeDiskComponent.java,IMPORT,import org.apache.hyracks.storage.am.bloomfilter.impls.BloomFilter,24,hyracks-fullstack/hyracks/hyracks-storage-am-lsm-rtree/src/main/java/org/apache/hyracks/storage/am/lsm/rtree/impls/LSMRTreeDiskComponent.java,
asterixdb,LSMRTreeAbstractCursor.java,IMPORT,import org.apache.hyracks.storage.am.bloomfilter.impls.BloomFilter,25,hyracks-fullstack/hyracks/hyracks-storage-am-lsm-rtree/src/main/java/org/apache/hyracks/storage/am/lsm/rtree/impls/LSMRTreeAbstractCursor.java,
asterixdb,LSMRTreeUtils.java,IMPORT,import org.apache.hyracks.storage.am.bloomfilter.impls.BloomFilterFactory,34,hyracks-fullstack/hyracks/hyracks-storage-am-lsm-rtree/src/main/java/org/apache/hyracks/storage/am/lsm/rtree/utils/LSMRTreeUtils.java,
asterixdb,LSMRTreeUtils.java,INSTANTIATION,BloomFilterFactory,125,hyracks-fullstack/hyracks/hyracks-storage-am-lsm-rtree/src/main/java/org/apache/hyracks/storage/am/lsm/rtree/utils/LSMRTreeUtils.java,import org.apache.hyracks.storage.am.bloomfilter.impls.BloomFilterFactory
asterixdb,LSMBTreeWithBloomFilterDiskComponentFactory.java,IMPORT,import org.apache.hyracks.storage.am.bloomfilter.impls.BloomFilterFactory,22,hyracks-fullstack/hyracks/hyracks-storage-am-lsm-btree/src/main/java/org/apache/hyracks/storage/am/lsm/btree/impls/LSMBTreeWithBloomFilterDiskComponentFactory.java,
asterixdb,LSMBTreeWithBloomFilterDiskComponentFactory.java,INSTANTIATION,LSMBTreeWithBloomFilterDiskComponent,45,hyracks-fullstack/hyracks/hyracks-storage-am-lsm-btree/src/main/java/org/apache/hyracks/storage/am/lsm/btree/impls/LSMBTreeWithBloomFilterDiskComponentFactory.java,
asterixdb,LSMBTree.java,IMPORT,import org.apache.hyracks.storage.am.lsm.common.api.AbstractLSMWithBloomFilterDiskComponent,44,hyracks-fullstack/hyracks/hyracks-storage-am-lsm-btree/src/main/java/org/apache/hyracks/storage/am/lsm/btree/impls/LSMBTree.java,
asterixdb,LSMBTreePointSearchCursor.java,IMPORT,import org.apache.hyracks.storage.am.bloomfilter.impls.BloomFilter,27,hyracks-fullstack/hyracks/hyracks-storage-am-lsm-btree/src/main/java/org/apache/hyracks/storage/am/lsm/btree/impls/LSMBTreePointSearchCursor.java,
asterixdb,LSMBTreeWithBloomFilterDiskComponent.java,IMPORT,import org.apache.hyracks.storage.am.bloomfilter.impls.BloomFilter,23,hyracks-fullstack/hyracks/hyracks-storage-am-lsm-btree/src/main/java/org/apache/hyracks/storage/am/lsm/btree/impls/LSMBTreeWithBloomFilterDiskComponent.java,
asterixdb,LSMBTreeWithBloomFilterDiskComponent.java,IMPORT,import org.apache.hyracks.storage.am.lsm.common.api.AbstractLSMWithBloomFilterDiskComponent,25,hyracks-fullstack/hyracks/hyracks-storage-am-lsm-btree/src/main/java/org/apache/hyracks/storage/am/lsm/btree/impls/LSMBTreeWithBloomFilterDiskComponent.java,
asterixdb,LSMBTreeUtil.java,IMPORT,import org.apache.hyracks.storage.am.bloomfilter.impls.BloomFilterFactory,31,hyracks-fullstack/hyracks/hyracks-storage-am-lsm-btree/src/main/java/org/apache/hyracks/storage/am/lsm/btree/utils/LSMBTreeUtil.java,
asterixdb,LSMBTreeUtil.java,IMPORT,import org.apache.hyracks.storage.am.lsm.btree.impls.LSMBTreeWithBloomFilterDiskComponentFactory,42,hyracks-fullstack/hyracks/hyracks-storage-am-lsm-btree/src/main/java/org/apache/hyracks/storage/am/lsm/btree/utils/LSMBTreeUtil.java,
asterixdb,LSMBTreeUtil.java,INSTANTIATION,BloomFilterFactory,133,hyracks-fullstack/hyracks/hyracks-storage-am-lsm-btree/src/main/java/org/apache/hyracks/storage/am/lsm/btree/utils/LSMBTreeUtil.java,import org.apache.hyracks.storage.am.bloomfilter.impls.BloomFilterFactory
asterixdb,LSMBTreeUtil.java,INSTANTIATION,LSMBTreeWithBloomFilterDiskComponentFactory,135,hyracks-fullstack/hyracks/hyracks-storage-am-lsm-btree/src/main/java/org/apache/hyracks/storage/am/lsm/btree/utils/LSMBTreeUtil.java,import org.apache.hyracks.storage.am.lsm.btree.impls.LSMBTreeWithBloomFilterDiskComponentFactory
asterixdb,LSMBTreeUtil.java,INSTANTIATION,LSMBTreeWithBloomFilterDiskComponentFactory,136,hyracks-fullstack/hyracks/hyracks-storage-am-lsm-btree/src/main/java/org/apache/hyracks/storage/am/lsm/btree/utils/LSMBTreeUtil.java,import org.apache.hyracks.storage.am.lsm.btree.impls.LSMBTreeWithBloomFilterDiskComponentFactory
asterixdb,LSMInvertedIndexDiskComponent.java,IMPORT,import org.apache.hyracks.storage.am.bloomfilter.impls.BloomFilter,25,hyracks-fullstack/hyracks/hyracks-storage-am-lsm-invertedindex/src/main/java/org/apache/hyracks/storage/am/lsm/invertedindex/impls/LSMInvertedIndexDiskComponent.java,
asterixdb,LSMInvertedIndexSearchCursor.java,IMPORT,import org.apache.hyracks.storage.am.bloomfilter.impls.BloomFilter,25,hyracks-fullstack/hyracks/hyracks-storage-am-lsm-invertedindex/src/main/java/org/apache/hyracks/storage/am/lsm/invertedindex/impls/LSMInvertedIndexSearchCursor.java,
asterixdb,LSMInvertedIndexMergeCursor.java,IMPORT,import org.apache.hyracks.storage.am.bloomfilter.impls.BloomFilter,28,hyracks-fullstack/hyracks/hyracks-storage-am-lsm-invertedindex/src/main/java/org/apache/hyracks/storage/am/lsm/invertedindex/impls/LSMInvertedIndexMergeCursor.java,
asterixdb,LSMInvertedIndexDiskComponentFactory.java,IMPORT,import org.apache.hyracks.storage.am.bloomfilter.impls.BloomFilterFactory,23,hyracks-fullstack/hyracks/hyracks-storage-am-lsm-invertedindex/src/main/java/org/apache/hyracks/storage/am/lsm/invertedindex/impls/LSMInvertedIndexDiskComponentFactory.java,
asterixdb,LSMInvertedIndexRangeSearchCursor.java,IMPORT,import org.apache.hyracks.storage.am.bloomfilter.impls.BloomFilter,26,hyracks-fullstack/hyracks/hyracks-storage-am-lsm-invertedindex/src/main/java/org/apache/hyracks/storage/am/lsm/invertedindex/impls/LSMInvertedIndexRangeSearchCursor.java,
asterixdb,InvertedIndexUtils.java,IMPORT,import org.apache.hyracks.storage.am.bloomfilter.impls.BloomFilterFactory,32,hyracks-fullstack/hyracks/hyracks-storage-am-lsm-invertedindex/src/main/java/org/apache/hyracks/storage/am/lsm/invertedindex/util/InvertedIndexUtils.java,
asterixdb,InvertedIndexUtils.java,INSTANTIATION,BloomFilterFactory,168,hyracks-fullstack/hyracks/hyracks-storage-am-lsm-invertedindex/src/main/java/org/apache/hyracks/storage/am/lsm/invertedindex/util/InvertedIndexUtils.java,import org.apache.hyracks.storage.am.bloomfilter.impls.BloomFilterFactory
asterixdb,InvertedIndexUtils.java,INSTANTIATION,BloomFilterFactory,221,hyracks-fullstack/hyracks/hyracks-storage-am-lsm-invertedindex/src/main/java/org/apache/hyracks/storage/am/lsm/invertedindex/util/InvertedIndexUtils.java,import org.apache.hyracks.storage.am.bloomfilter.impls.BloomFilterFactory
asterixdb,AbstractOperationCallback.java,IMPORT,import org.apache.hyracks.storage.am.bloomfilter.impls.MurmurHash128Bit,23,asterixdb/asterix-common/src/main/java/org/apache/asterix/common/transactions/AbstractOperationCallback.java,
asterixdb,CommitRuntime.java,IMPORT,import org.apache.hyracks.storage.am.bloomfilter.impls.MurmurHash128Bit,47,asterixdb/asterix-transactions/src/main/java/org/apache/asterix/transaction/management/runtime/CommitRuntime.java,
asterixdb,DatasetStreamStatsOperatorDescriptor.java,IMPORT,import org.apache.hyracks.storage.am.lsm.common.api.AbstractLSMWithBloomFilterDiskComponent,47,asterixdb/asterix-runtime/src/main/java/org/apache/asterix/runtime/operators/DatasetStreamStatsOperatorDescriptor.java,
atlas,HBaseBasedAuditRepository.java,IMPORT,import org.apache.hadoop.hbase.regionserver.BloomType,60,repository/src/main/java/org/apache/atlas/repository/audit/HBaseBasedAuditRepository.java,
beam,ApproximateCountDistinctTest.java,IMPORT,import com.google.zetasketch.HyperLogLogPlusPlus,20,sdks/java/extensions/zetasketch/src/test/java/org/apache/beam/sdk/extensions/zetasketch/ApproximateCountDistinctTest.java,
beam,ApproximateCountDistinctTest.java,INSTANTIATION,HyperLogLogPlusPlus.Builder,49,sdks/java/extensions/zetasketch/src/test/java/org/apache/beam/sdk/extensions/zetasketch/ApproximateCountDistinctTest.java,
beam,HllCountTest.java,IMPORT,import com.google.zetasketch.HyperLogLogPlusPlus,22,sdks/java/extensions/zetasketch/src/test/java/org/apache/beam/sdk/extensions/zetasketch/HllCountTest.java,
beam,HllCountTest.java,INSTANTIATION,HyperLogLogPlusPlus.Builder,59,sdks/java/extensions/zetasketch/src/test/java/org/apache/beam/sdk/extensions/zetasketch/HllCountTest.java,
beam,HllCountTest.java,INSTANTIATION,HyperLogLogPlusPlus.Builder,70,sdks/java/extensions/zetasketch/src/test/java/org/apache/beam/sdk/extensions/zetasketch/HllCountTest.java,
beam,HllCountTest.java,INSTANTIATION,HyperLogLogPlusPlus.Builder,89,sdks/java/extensions/zetasketch/src/test/java/org/apache/beam/sdk/extensions/zetasketch/HllCountTest.java,
beam,HllCountTest.java,INSTANTIATION,HyperLogLogPlusPlus.Builder,97,sdks/java/extensions/zetasketch/src/test/java/org/apache/beam/sdk/extensions/zetasketch/HllCountTest.java,
beam,HllCountTest.java,INSTANTIATION,HyperLogLogPlusPlus.Builder,106,sdks/java/extensions/zetasketch/src/test/java/org/apache/beam/sdk/extensions/zetasketch/HllCountTest.java,
beam,HllCountTest.java,INSTANTIATION,HyperLogLogPlusPlus.Builder,116,sdks/java/extensions/zetasketch/src/test/java/org/apache/beam/sdk/extensions/zetasketch/HllCountTest.java,
beam,HllCountTest.java,INSTANTIATION,HyperLogLogPlusPlus.Builder,128,sdks/java/extensions/zetasketch/src/test/java/org/apache/beam/sdk/extensions/zetasketch/HllCountTest.java,
beam,HyperLogLogPlusPlusCoder.java,IMPORT,import com.google.zetasketch.HyperLogLogPlusPlus,22,sdks/java/extensions/zetasketch/src/main/java/org/apache/beam/sdk/extensions/zetasketch/HyperLogLogPlusPlusCoder.java,
beam,HyperLogLogPlusPlusCoder.java,INSTANTIATION,HyperLogLogPlusPlusCoder<>,34,sdks/java/extensions/zetasketch/src/main/java/org/apache/beam/sdk/extensions/zetasketch/HyperLogLogPlusPlusCoder.java,
beam,HllCount.java,IMPORT,import com.google.zetasketch.HyperLogLogPlusPlus,20,sdks/java/extensions/zetasketch/src/main/java/org/apache/beam/sdk/extensions/zetasketch/HllCount.java,
beam,HllCountMergePartialFn.java,IMPORT,import com.google.zetasketch.HyperLogLogPlusPlus,20,sdks/java/extensions/zetasketch/src/main/java/org/apache/beam/sdk/extensions/zetasketch/HllCountMergePartialFn.java,
beam,HllCountInitFn.java,IMPORT,import com.google.zetasketch.HyperLogLogPlusPlus,22,sdks/java/extensions/zetasketch/src/main/java/org/apache/beam/sdk/extensions/zetasketch/HllCountInitFn.java,
beam,HllCountInitFn.java,INSTANTIATION,HyperLogLogPlusPlus.Builder,112,sdks/java/extensions/zetasketch/src/main/java/org/apache/beam/sdk/extensions/zetasketch/HllCountInitFn.java,
beam,HllCountInitFn.java,INSTANTIATION,HyperLogLogPlusPlus.Builder,129,sdks/java/extensions/zetasketch/src/main/java/org/apache/beam/sdk/extensions/zetasketch/HllCountInitFn.java,
beam,HllCountInitFn.java,INSTANTIATION,HyperLogLogPlusPlus.Builder,145,sdks/java/extensions/zetasketch/src/main/java/org/apache/beam/sdk/extensions/zetasketch/HllCountInitFn.java,
beam,HllCountInitFn.java,INSTANTIATION,HyperLogLogPlusPlus.Builder,162,sdks/java/extensions/zetasketch/src/main/java/org/apache/beam/sdk/extensions/zetasketch/HllCountInitFn.java,
beam,SketchFrequenciesTest.java,IMPORT,import org.apache.beam.sdk.extensions.sketching.SketchFrequencies.CountMinSketchFn,35,sdks/java/extensions/sketching/src/test/java/org/apache/beam/sdk/extensions/sketching/SketchFrequenciesTest.java,
beam,SketchFrequenciesTest.java,INSTANTIATION,SketchFrequencies.CountMinSketchCoder<>,152,sdks/java/extensions/sketching/src/test/java/org/apache/beam/sdk/extensions/sketching/SketchFrequenciesTest.java,
beam,ApproximateDistinctTest.java,IMPORT,import com.clearspring.analytics.stream.cardinality.HyperLogLogPlus,23,sdks/java/extensions/sketching/src/test/java/org/apache/beam/sdk/extensions/sketching/ApproximateDistinctTest.java,
beam,ApproximateDistinctTest.java,INSTANTIATION,HyperLogLogPlus,161,sdks/java/extensions/sketching/src/test/java/org/apache/beam/sdk/extensions/sketching/ApproximateDistinctTest.java,import com.clearspring.analytics.stream.cardinality.HyperLogLogPlus
beam,ApproximateDistinct.java,IMPORT,import com.clearspring.analytics.stream.cardinality.HyperLogLogPlus,23,sdks/java/extensions/sketching/src/main/java/org/apache/beam/sdk/extensions/sketching/ApproximateDistinct.java,
beam,ApproximateDistinct.java,INSTANTIATION,HyperLogLogPlus,451,sdks/java/extensions/sketching/src/main/java/org/apache/beam/sdk/extensions/sketching/ApproximateDistinct.java,import com.clearspring.analytics.stream.cardinality.HyperLogLogPlus
beam,ApproximateDistinct.java,INSTANTIATION,HyperLogLogPlusCoder,497,sdks/java/extensions/sketching/src/main/java/org/apache/beam/sdk/extensions/sketching/ApproximateDistinct.java,
beam,ApproximateDistinct.java,INSTANTIATION,"DoFn<KV<K, HyperLogLogPlus>, KV<K, Long>>",538,sdks/java/extensions/sketching/src/main/java/org/apache/beam/sdk/extensions/sketching/ApproximateDistinct.java,
beam,ApproximateDistinct.java,INSTANTIATION,"DoFn<HyperLogLogPlus, Long>",548,sdks/java/extensions/sketching/src/main/java/org/apache/beam/sdk/extensions/sketching/ApproximateDistinct.java,
beam,SketchFrequencies.java,IMPORT,import com.clearspring.analytics.stream.frequency.CountMinSketch,20,sdks/java/extensions/sketching/src/main/java/org/apache/beam/sdk/extensions/sketching/SketchFrequencies.java,
beam,SketchFrequencies.java,INSTANTIATION,CountMinSketchFn<>,368,sdks/java/extensions/sketching/src/main/java/org/apache/beam/sdk/extensions/sketching/SketchFrequencies.java,
beam,SketchFrequencies.java,INSTANTIATION,CountMinSketchFn<>,389,sdks/java/extensions/sketching/src/main/java/org/apache/beam/sdk/extensions/sketching/SketchFrequencies.java,
beam,SketchFrequencies.java,INSTANTIATION,CountMinSketchCoder<>,429,sdks/java/extensions/sketching/src/main/java/org/apache/beam/sdk/extensions/sketching/SketchFrequencies.java,
beam,SketchFrequencies.java,INSTANTIATION,CountMinSketch,459,sdks/java/extensions/sketching/src/main/java/org/apache/beam/sdk/extensions/sketching/SketchFrequencies.java,import com.clearspring.analytics.stream.frequency.CountMinSketch
beam,ScalableBloomFilterTest.java,IMPORT,import org.apache.beam.runners.dataflow.worker.util.ScalableBloomFilter.ScalableBloomFilterCoder,26,runners/google-cloud-dataflow-java/worker/src/test/java/org/apache/beam/runners/dataflow/worker/util/ScalableBloomFilterTest.java,
beam,IsmReaderImpl.java,IMPORT,import org.apache.beam.runners.dataflow.worker.util.ScalableBloomFilter,55,runners/google-cloud-dataflow-java/worker/src/main/java/org/apache/beam/runners/dataflow/worker/IsmReaderImpl.java,
beam,IsmReaderImpl.java,IMPORT,import org.apache.beam.runners.dataflow.worker.util.ScalableBloomFilter.ScalableBloomFilterCoder,56,runners/google-cloud-dataflow-java/worker/src/main/java/org/apache/beam/runners/dataflow/worker/IsmReaderImpl.java,
beam,IsmSink.java,IMPORT,import org.apache.beam.runners.dataflow.worker.util.ScalableBloomFilter,40,runners/google-cloud-dataflow-java/worker/src/main/java/org/apache/beam/runners/dataflow/worker/IsmSink.java,
beam,IsmSink.java,IMPORT,import org.apache.beam.runners.dataflow.worker.util.ScalableBloomFilter.ScalableBloomFilterCoder,41,runners/google-cloud-dataflow-java/worker/src/main/java/org/apache/beam/runners/dataflow/worker/IsmSink.java,
beam,ScalableBloomFilter.java,IMPORT,import org.apache.beam.vendor.guava.v32_1_2_jre.com.google.common.hash.BloomFilter,35,runners/google-cloud-dataflow-java/worker/src/main/java/org/apache/beam/runners/dataflow/worker/util/ScalableBloomFilter.java,
beam,ScalableBloomFilter.java,INSTANTIATION,ScalableBloomFilterCoder,62,runners/google-cloud-dataflow-java/worker/src/main/java/org/apache/beam/runners/dataflow/worker/util/ScalableBloomFilter.java,
beam,ScalableBloomFilter.java,INSTANTIATION,ScalableBloomFilter,76,runners/google-cloud-dataflow-java/worker/src/main/java/org/apache/beam/runners/dataflow/worker/util/ScalableBloomFilter.java,
beam,ScalableBloomFilter.java,INSTANTIATION,ScalableBloomFilter,249,runners/google-cloud-dataflow-java/worker/src/main/java/org/apache/beam/runners/dataflow/worker/util/ScalableBloomFilter.java,
bifromq,RocksDBOptionsUtil.java,IMPORT,import org.rocksdb.BloomFilter,45,base-kv/base-kv-local-engine-rocksdb/src/main/java/org/apache/bifromq/basekv/localengine/rocksdb/RocksDBOptionsUtil.java,
bifromq,RocksDBOptionsUtil.java,INSTANTIATION,BloomFilter,147,base-kv/base-kv-local-engine-rocksdb/src/main/java/org/apache/bifromq/basekv/localengine/rocksdb/RocksDBOptionsUtil.java,import org.rocksdb.BloomFilter
bookkeeper,KeyValueStorageRocksDB.java,IMPORT,import org.rocksdb.BloomFilter,47,bookkeeper-server/src/main/java/org/apache/bookkeeper/bookie/storage/ldb/KeyValueStorageRocksDB.java,
bookkeeper,KeyValueStorageRocksDB.java,INSTANTIATION,BloomFilter,238,bookkeeper-server/src/main/java/org/apache/bookkeeper/bookie/storage/ldb/KeyValueStorageRocksDB.java,import org.rocksdb.BloomFilter
cassandra-analytics,CassandraBridgeUtilTests.java,IMPORT,import org.apache.cassandra.bridge.BloomFilter,45,cassandra-analytics-core/src/test/java/org/apache/cassandra/spark/reader/CassandraBridgeUtilTests.java,
cassandra-analytics,SortedSSTableWriterTest.java,IMPORT,import org.apache.cassandra.bridge.BloomFilter,55,cassandra-analytics-core/src/test/java/org/apache/cassandra/spark/bulkwriter/SortedSSTableWriterTest.java,
cassandra-analytics,SSTableCacheTests.java,IMPORT,import org.apache.cassandra.utils.BloomFilter,44,cassandra-four-zero-bridge/src/test/java/org/apache/cassandra/spark/reader/SSTableCacheTests.java,
cassandra-analytics,SSTableCache.java,IMPORT,import org.apache.cassandra.utils.BloomFilter,45,cassandra-four-zero-bridge/src/main/java/org/apache/cassandra/spark/reader/SSTableCache.java,
cassandra-analytics,ReaderUtils.java,IMPORT,import org.apache.cassandra.utils.BloomFilter,69,cassandra-four-zero-bridge/src/main/java/org/apache/cassandra/spark/reader/ReaderUtils.java,
cassandra-analytics,ReaderUtils.java,IMPORT,import org.apache.cassandra.utils.BloomFilterSerializer,70,cassandra-four-zero-bridge/src/main/java/org/apache/cassandra/spark/reader/ReaderUtils.java,
cassandra-analytics,CassandraBridgeImplementation.java,IMPORT,import org.apache.cassandra.utils.BloomFilter,118,cassandra-four-zero-bridge/src/main/java/org/apache/cassandra/bridge/CassandraBridgeImplementation.java,
cassandra-analytics,CassandraBridgeImplementation.java,IMPORT,import org.apache.cassandra.utils.BloomFilterSerializer,119,cassandra-four-zero-bridge/src/main/java/org/apache/cassandra/bridge/CassandraBridgeImplementation.java,
cassandra-analytics,SSTableCacheTests.java,IMPORT,import org.apache.cassandra.utils.BloomFilter,45,cassandra-five-zero-bridge/src/test/java/org/apache/cassandra/spark/reader/SSTableCacheTests.java,
cassandra-analytics,ReaderUtils.java,IMPORT,import org.apache.cassandra.utils.BloomFilter,81,cassandra-five-zero-bridge/src/main/java/org/apache/cassandra/spark/reader/ReaderUtils.java,
cassandra-analytics,ReaderUtils.java,IMPORT,import org.apache.cassandra.utils.BloomFilterSerializer,82,cassandra-five-zero-bridge/src/main/java/org/apache/cassandra/spark/reader/ReaderUtils.java,
cassandra-analytics,CassandraBridgeImplementation.java,IMPORT,import org.apache.cassandra.utils.BloomFilter,118,cassandra-five-zero-bridge/src/main/java/org/apache/cassandra/bridge/CassandraBridgeImplementation.java,
cassandra-ecosystem,CassandraBridgeUtilTests.java,IMPORT,import org.apache.cassandra.bridge.BloomFilter,45,analytics/cassandra-analytics-core/src/test/java/org/apache/cassandra/spark/reader/CassandraBridgeUtilTests.java,
cassandra-ecosystem,SortedSSTableWriterTest.java,IMPORT,import org.apache.cassandra.bridge.BloomFilter,55,analytics/cassandra-analytics-core/src/test/java/org/apache/cassandra/spark/bulkwriter/SortedSSTableWriterTest.java,
cassandra-ecosystem,SSTableCacheTests.java,IMPORT,import org.apache.cassandra.utils.BloomFilter,44,analytics/cassandra-four-zero-bridge/src/test/java/org/apache/cassandra/spark/reader/SSTableCacheTests.java,
cassandra-ecosystem,SSTableCache.java,IMPORT,import org.apache.cassandra.utils.BloomFilter,45,analytics/cassandra-four-zero-bridge/src/main/java/org/apache/cassandra/spark/reader/SSTableCache.java,
cassandra-ecosystem,ReaderUtils.java,IMPORT,import org.apache.cassandra.utils.BloomFilter,69,analytics/cassandra-four-zero-bridge/src/main/java/org/apache/cassandra/spark/reader/ReaderUtils.java,
cassandra-ecosystem,ReaderUtils.java,IMPORT,import org.apache.cassandra.utils.BloomFilterSerializer,70,analytics/cassandra-four-zero-bridge/src/main/java/org/apache/cassandra/spark/reader/ReaderUtils.java,
cassandra-ecosystem,CassandraBridgeImplementation.java,IMPORT,import org.apache.cassandra.utils.BloomFilter,118,analytics/cassandra-four-zero-bridge/src/main/java/org/apache/cassandra/bridge/CassandraBridgeImplementation.java,
cassandra-ecosystem,CassandraBridgeImplementation.java,IMPORT,import org.apache.cassandra.utils.BloomFilterSerializer,119,analytics/cassandra-four-zero-bridge/src/main/java/org/apache/cassandra/bridge/CassandraBridgeImplementation.java,
cassandra-ecosystem,SSTableCacheTests.java,IMPORT,import org.apache.cassandra.utils.BloomFilter,45,analytics/cassandra-five-zero-bridge/src/test/java/org/apache/cassandra/spark/reader/SSTableCacheTests.java,
cassandra-ecosystem,ReaderUtils.java,IMPORT,import org.apache.cassandra.utils.BloomFilter,81,analytics/cassandra-five-zero-bridge/src/main/java/org/apache/cassandra/spark/reader/ReaderUtils.java,
cassandra-ecosystem,ReaderUtils.java,IMPORT,import org.apache.cassandra.utils.BloomFilterSerializer,82,analytics/cassandra-five-zero-bridge/src/main/java/org/apache/cassandra/spark/reader/ReaderUtils.java,
cassandra-ecosystem,CassandraBridgeImplementation.java,IMPORT,import org.apache.cassandra.utils.BloomFilter,118,analytics/cassandra-five-zero-bridge/src/main/java/org/apache/cassandra/bridge/CassandraBridgeImplementation.java,
cassandra,TableParams.java,IMPORT,import org.apache.cassandra.utils.BloomCalculations,45,src/java/org/apache/cassandra/schema/TableParams.java,
cassandra,TableParams.java,IMPORT,import static org.apache.cassandra.schema.TableParams.Option.BLOOM_FILTER_FP_CHANCE,55,src/java/org/apache/cassandra/schema/TableParams.java,
cassandra,AutoRepairUtils.java,IMPORT,import com.clearspring.analytics.stream.cardinality.HyperLogLogPlus,43,src/java/org/apache/cassandra/repair/autorepair/AutoRepairUtils.java,
cassandra,AutoRepairUtils.java,INSTANTIATION,HyperLogLogPlus,1348,src/java/org/apache/cassandra/repair/autorepair/AutoRepairUtils.java,import com.clearspring.analytics.stream.cardinality.HyperLogLogPlus
cassandra,TableAttributes.java,IMPORT,import static org.apache.cassandra.schema.TableParams.Option.BLOOM_FILTER_FP_CHANCE,49,src/java/org/apache/cassandra/cql3/statements/schema/TableAttributes.java,
cassandra,BloomFilterSerializer.java,INSTANTIATION,BloomFilterSerializer,31,src/java/org/apache/cassandra/utils/BloomFilterSerializer.java,
cassandra,BloomFilterSerializer.java,INSTANTIATION,BloomFilterSerializer,32,src/java/org/apache/cassandra/utils/BloomFilterSerializer.java,
cassandra,BloomFilterSerializer.java,INSTANTIATION,BloomFilter,78,src/java/org/apache/cassandra/utils/BloomFilterSerializer.java,
cassandra,BloomCalculations.java,INSTANTIATION,BloomSpecification,102,src/java/org/apache/cassandra/utils/BloomCalculations.java,
cassandra,BloomCalculations.java,INSTANTIATION,BloomSpecification,149,src/java/org/apache/cassandra/utils/BloomCalculations.java,
cassandra,BloomCalculations.java,INSTANTIATION,BloomSpecification,172,src/java/org/apache/cassandra/utils/BloomCalculations.java,
cassandra,BloomFilter.java,INSTANTIATION,BloomFilter,183,src/java/org/apache/cassandra/utils/BloomFilter.java,
cassandra,FilterFactory.java,INSTANTIATION,BloomFilter,74,src/java/org/apache/cassandra/utils/FilterFactory.java,
cassandra,BigCursorIndexWriter.java,IMPORT,import org.apache.cassandra.utils.BloomFilter,36,src/java/org/apache/cassandra/io/sstable/BigCursorIndexWriter.java,
cassandra,FilterComponent.java,IMPORT,import org.apache.cassandra.utils.BloomFilterSerializer,35,src/java/org/apache/cassandra/io/sstable/format/FilterComponent.java,
cassandra,SSTableReaderWithFilter.java,IMPORT,import org.apache.cassandra.io.sstable.filter.BloomFilterTracker,31,src/java/org/apache/cassandra/io/sstable/format/SSTableReaderWithFilter.java,
cassandra,SSTableReaderWithFilter.java,INSTANTIATION,BloomFilterTracker,45,src/java/org/apache/cassandra/io/sstable/format/SSTableReaderWithFilter.java,import org.apache.cassandra.io.sstable.filter.BloomFilterTracker
cassandra,BigFormat.java,IMPORT,import org.apache.cassandra.io.sstable.filter.BloomFilterMetrics,49,src/java/org/apache/cassandra/io/sstable/format/big/BigFormat.java,
cassandra,BtiFormat.java,IMPORT,import org.apache.cassandra.io.sstable.filter.BloomFilterMetrics,44,src/java/org/apache/cassandra/io/sstable/format/bti/BtiFormat.java,
cassandra,MetadataCollector.java,IMPORT,import com.clearspring.analytics.stream.cardinality.HyperLogLogPlus,26,src/java/org/apache/cassandra/io/sstable/metadata/MetadataCollector.java,
cassandra,MetadataCollector.java,INSTANTIATION,HyperLogLogPlus,158,src/java/org/apache/cassandra/io/sstable/metadata/MetadataCollector.java,import com.clearspring.analytics.stream.cardinality.HyperLogLogPlus
cassandra,CompactionMetadata.java,IMPORT,import com.clearspring.analytics.stream.cardinality.HyperLogLogPlus,22,src/java/org/apache/cassandra/io/sstable/metadata/CompactionMetadata.java,
cassandra,BloomFilterMetrics.java,INSTANTIATION,BloomFilterMetrics<>,31,src/java/org/apache/cassandra/io/sstable/filter/BloomFilterMetrics.java,
cassandra,BloomFilterSerializerBench.java,IMPORT,import org.apache.cassandra.utils.BloomFilter,42,test/microbench/org/apache/cassandra/test/microbench/BloomFilterSerializerBench.java,
cassandra,BloomFilterSerializerBench.java,IMPORT,import org.apache.cassandra.utils.BloomFilterSerializer,43,test/microbench/org/apache/cassandra/test/microbench/BloomFilterSerializerBench.java,
cassandra,CreateTableValidationTest.java,IMPORT,import org.apache.cassandra.utils.BloomCalculations,27,test/unit/org/apache/cassandra/schema/CreateTableValidationTest.java,
cassandra,KeyCacheCqlTest.java,IMPORT,import org.apache.cassandra.io.sstable.filter.BloomFilterMetrics,37,test/unit/org/apache/cassandra/cql3/KeyCacheCqlTest.java,
cassandra,BloomFilterTrackerTest.java,INSTANTIATION,BloomFilterTracker,31,test/unit/org/apache/cassandra/io/sstable/filter/BloomFilterTrackerTest.java,
cassandra,BloomFilterTrackerTest.java,INSTANTIATION,BloomFilterTracker,45,test/unit/org/apache/cassandra/io/sstable/filter/BloomFilterTrackerTest.java,
cassandra,BloomFilterTrackerTest.java,INSTANTIATION,BloomFilterTracker,59,test/unit/org/apache/cassandra/io/sstable/filter/BloomFilterTrackerTest.java,
celeborn,ManagedRocksDBSuiteJ.java,IMPORT,import org.rocksdb.BloomFilter,35,worker/src/test/java/org/apache/celeborn/service/deploy/worker/shuffledb/ManagedRocksDBSuiteJ.java,
celeborn,ManagedRocksDBSuiteJ.java,INSTANTIATION,BloomFilter,143,worker/src/test/java/org/apache/celeborn/service/deploy/worker/shuffledb/ManagedRocksDBSuiteJ.java,import org.rocksdb.BloomFilter
celeborn,RocksDBProvider.java,IMPORT,import org.rocksdb.BloomFilter,27,worker/src/main/java/org/apache/celeborn/service/deploy/worker/shuffledb/RocksDBProvider.java,
celeborn,RocksDBProvider.java,INSTANTIATION,BloomFilter,54,worker/src/main/java/org/apache/celeborn/service/deploy/worker/shuffledb/RocksDBProvider.java,import org.rocksdb.BloomFilter
celeborn,ManagedRocksDB.java,IMPORT,import org.rocksdb.BloomFilter,22,worker/src/main/java/org/apache/celeborn/service/deploy/worker/shuffledb/ManagedRocksDB.java,
commons-collections,BloomFilterExtractorFromLayeredBloomFilterTest.java,IMPORT,import org.apache.commons.collections4.bloomfilter.LayerManager.Builder,19,src/test/java/org/apache/commons/collections4/bloomfilter/BloomFilterExtractorFromLayeredBloomFilterTest.java,
commons-collections,BloomFilterExtractorFromLayeredBloomFilterTest.java,INSTANTIATION,SimpleBloomFilter,31,src/test/java/org/apache/commons/collections4/bloomfilter/BloomFilterExtractorFromLayeredBloomFilterTest.java,
commons-collections,BloomFilterExtractorFromLayeredBloomFilterTest.java,INSTANTIATION,LayeredBloomFilter,35,src/test/java/org/apache/commons/collections4/bloomfilter/BloomFilterExtractorFromLayeredBloomFilterTest.java,
commons-collections,SetOperationsTest.java,INSTANTIATION,SimpleBloomFilter,46,src/test/java/org/apache/commons/collections4/bloomfilter/SetOperationsTest.java,
commons-collections,SetOperationsTest.java,INSTANTIATION,SparseBloomFilter,52,src/test/java/org/apache/commons/collections4/bloomfilter/SetOperationsTest.java,
commons-collections,SetOperationsTest.java,INSTANTIATION,SimpleBloomFilter,138,src/test/java/org/apache/commons/collections4/bloomfilter/SetOperationsTest.java,
commons-collections,SetOperationsTest.java,INSTANTIATION,SimpleBloomFilter,175,src/test/java/org/apache/commons/collections4/bloomfilter/SetOperationsTest.java,
commons-collections,SetOperationsTest.java,INSTANTIATION,SimpleBloomFilter,176,src/test/java/org/apache/commons/collections4/bloomfilter/SetOperationsTest.java,
commons-collections,SetOperationsTest.java,INSTANTIATION,SimpleBloomFilter,243,src/test/java/org/apache/commons/collections4/bloomfilter/SetOperationsTest.java,
commons-collections,SetOperationsTest.java,INSTANTIATION,SimpleBloomFilter,244,src/test/java/org/apache/commons/collections4/bloomfilter/SetOperationsTest.java,
commons-collections,SetOperationsTest.java,INSTANTIATION,SimpleBloomFilter,272,src/test/java/org/apache/commons/collections4/bloomfilter/SetOperationsTest.java,
commons-collections,SetOperationsTest.java,INSTANTIATION,SimpleBloomFilter,273,src/test/java/org/apache/commons/collections4/bloomfilter/SetOperationsTest.java,
commons-collections,IndexExtractorFromSimpleBloomFilterTest.java,INSTANTIATION,SimpleBloomFilter,25,src/test/java/org/apache/commons/collections4/bloomfilter/IndexExtractorFromSimpleBloomFilterTest.java,
commons-collections,IndexExtractorFromSimpleBloomFilterTest.java,INSTANTIATION,SimpleBloomFilter,31,src/test/java/org/apache/commons/collections4/bloomfilter/IndexExtractorFromSimpleBloomFilterTest.java,
commons-collections,WrappedBloomFilterTest.java,INSTANTIATION,DefaultBloomFilterTest.SparseDefaultBloomFilter,41,src/test/java/org/apache/commons/collections4/bloomfilter/WrappedBloomFilterTest.java,
commons-collections,WrappedBloomFilterTest.java,INSTANTIATION,DefaultBloomFilterTest.SparseDefaultBloomFilter,48,src/test/java/org/apache/commons/collections4/bloomfilter/WrappedBloomFilterTest.java,
commons-collections,SparseBloomFilterTest.java,INSTANTIATION,SparseBloomFilter,31,src/test/java/org/apache/commons/collections4/bloomfilter/SparseBloomFilterTest.java,
commons-collections,SparseBloomFilterTest.java,INSTANTIATION,SimpleBloomFilter,87,src/test/java/org/apache/commons/collections4/bloomfilter/SparseBloomFilterTest.java,
commons-collections,AbstractBloomFilterExtractorTest.java,INSTANTIATION,SimpleBloomFilter,32,src/test/java/org/apache/commons/collections4/bloomfilter/AbstractBloomFilterExtractorTest.java,
commons-collections,AbstractBloomFilterExtractorTest.java,INSTANTIATION,SimpleBloomFilter,33,src/test/java/org/apache/commons/collections4/bloomfilter/AbstractBloomFilterExtractorTest.java,
commons-collections,AbstractBloomFilterExtractorTest.java,INSTANTIATION,SimpleBloomFilter,94,src/test/java/org/apache/commons/collections4/bloomfilter/AbstractBloomFilterExtractorTest.java,
commons-collections,ArrayCountingBloomFilterTest.java,INSTANTIATION,ArrayCountingBloomFilter,26,src/test/java/org/apache/commons/collections4/bloomfilter/ArrayCountingBloomFilterTest.java,
commons-collections,SimpleBloomFilterTest.java,INSTANTIATION,SimpleBloomFilter,31,src/test/java/org/apache/commons/collections4/bloomfilter/SimpleBloomFilterTest.java,
commons-collections,BitMapExtractorFromArrayCountingBloomFilterTest.java,INSTANTIATION,ArrayCountingBloomFilter,25,src/test/java/org/apache/commons/collections4/bloomfilter/BitMapExtractorFromArrayCountingBloomFilterTest.java,
commons-collections,BitMapExtractorFromArrayCountingBloomFilterTest.java,INSTANTIATION,ArrayCountingBloomFilter,30,src/test/java/org/apache/commons/collections4/bloomfilter/BitMapExtractorFromArrayCountingBloomFilterTest.java,
commons-collections,AbstractCountingBloomFilterTest.java,INSTANTIATION,SimpleBloomFilter,162,src/test/java/org/apache/commons/collections4/bloomfilter/AbstractCountingBloomFilterTest.java,
commons-collections,AbstractCountingBloomFilterTest.java,INSTANTIATION,SimpleBloomFilter,199,src/test/java/org/apache/commons/collections4/bloomfilter/AbstractCountingBloomFilterTest.java,
commons-collections,AbstractCountingBloomFilterTest.java,INSTANTIATION,SimpleBloomFilter,221,src/test/java/org/apache/commons/collections4/bloomfilter/AbstractCountingBloomFilterTest.java,
commons-collections,AbstractCountingBloomFilterTest.java,INSTANTIATION,SimpleBloomFilter,283,src/test/java/org/apache/commons/collections4/bloomfilter/AbstractCountingBloomFilterTest.java,
commons-collections,AbstractCountingBloomFilterTest.java,INSTANTIATION,SimpleBloomFilter,361,src/test/java/org/apache/commons/collections4/bloomfilter/AbstractCountingBloomFilterTest.java,
commons-collections,AbstractCountingBloomFilterTest.java,INSTANTIATION,DefaultBloomFilterTest.SparseDefaultBloomFilter,383,src/test/java/org/apache/commons/collections4/bloomfilter/AbstractCountingBloomFilterTest.java,
commons-collections,AbstractCountingBloomFilterTest.java,INSTANTIATION,DefaultBloomFilterTest.SparseDefaultBloomFilter,385,src/test/java/org/apache/commons/collections4/bloomfilter/AbstractCountingBloomFilterTest.java,
commons-collections,AbstractCountingBloomFilterTest.java,INSTANTIATION,DefaultBloomFilterTest.SparseDefaultBloomFilter,387,src/test/java/org/apache/commons/collections4/bloomfilter/AbstractCountingBloomFilterTest.java,
commons-collections,IndexExtractorFromArrayCountingBloomFilterTest.java,INSTANTIATION,ArrayCountingBloomFilter,25,src/test/java/org/apache/commons/collections4/bloomfilter/IndexExtractorFromArrayCountingBloomFilterTest.java,
commons-collections,IndexExtractorFromArrayCountingBloomFilterTest.java,INSTANTIATION,ArrayCountingBloomFilter,30,src/test/java/org/apache/commons/collections4/bloomfilter/IndexExtractorFromArrayCountingBloomFilterTest.java,
commons-collections,DefaultBloomFilterTest.java,INSTANTIATION,NonSparseDefaultBloomFilter,142,src/test/java/org/apache/commons/collections4/bloomfilter/DefaultBloomFilterTest.java,
commons-collections,DefaultBloomFilterTest.java,INSTANTIATION,SparseDefaultBloomFilter,164,src/test/java/org/apache/commons/collections4/bloomfilter/DefaultBloomFilterTest.java,
commons-collections,DefaultBloomFilterTest.java,INSTANTIATION,SparseDefaultBloomFilter,172,src/test/java/org/apache/commons/collections4/bloomfilter/DefaultBloomFilterTest.java,
commons-collections,DefaultBloomFilterTest.java,INSTANTIATION,SparseDefaultBloomFilter,177,src/test/java/org/apache/commons/collections4/bloomfilter/DefaultBloomFilterTest.java,
commons-collections,DefaultBloomFilterTest.java,INSTANTIATION,SparseDefaultBloomFilter,186,src/test/java/org/apache/commons/collections4/bloomfilter/DefaultBloomFilterTest.java,
commons-collections,DefaultBloomFilterTest.java,INSTANTIATION,SimpleBloomFilter,197,src/test/java/org/apache/commons/collections4/bloomfilter/DefaultBloomFilterTest.java,
commons-collections,DefaultBloomFilterTest.java,INSTANTIATION,NonSparseDefaultBloomFilter,227,src/test/java/org/apache/commons/collections4/bloomfilter/DefaultBloomFilterTest.java,
commons-collections,DefaultBloomFilterTest.java,INSTANTIATION,SparseDefaultBloomFilter,232,src/test/java/org/apache/commons/collections4/bloomfilter/DefaultBloomFilterTest.java,
commons-collections,DefaultBloomFilterTest.java,INSTANTIATION,SimpleBloomFilter,242,src/test/java/org/apache/commons/collections4/bloomfilter/DefaultBloomFilterTest.java,
commons-collections,DefaultBloomFilterTest.java,INSTANTIATION,SparseDefaultBloomFilter,262,src/test/java/org/apache/commons/collections4/bloomfilter/DefaultBloomFilterTest.java,
commons-collections,DefaultBloomFilterTest.java,INSTANTIATION,NonSparseDefaultBloomFilter,264,src/test/java/org/apache/commons/collections4/bloomfilter/DefaultBloomFilterTest.java,
commons-collections,IndexExtractorFromSparseBloomFilterTest.java,INSTANTIATION,SparseBloomFilter,25,src/test/java/org/apache/commons/collections4/bloomfilter/IndexExtractorFromSparseBloomFilterTest.java,
commons-collections,IndexExtractorFromSparseBloomFilterTest.java,INSTANTIATION,SparseBloomFilter,31,src/test/java/org/apache/commons/collections4/bloomfilter/IndexExtractorFromSparseBloomFilterTest.java,
commons-collections,CellExtractorFromArrayCountingBloomFilterTest.java,INSTANTIATION,ArrayCountingBloomFilter,25,src/test/java/org/apache/commons/collections4/bloomfilter/CellExtractorFromArrayCountingBloomFilterTest.java,
commons-collections,CellExtractorFromArrayCountingBloomFilterTest.java,INSTANTIATION,ArrayCountingBloomFilter,30,src/test/java/org/apache/commons/collections4/bloomfilter/CellExtractorFromArrayCountingBloomFilterTest.java,
commons-collections,BitMapExtractorFromWrappedBloomFilterTest.java,INSTANTIATION,WrappedBloomFilter,25,src/test/java/org/apache/commons/collections4/bloomfilter/BitMapExtractorFromWrappedBloomFilterTest.java,
commons-collections,BitMapExtractorFromWrappedBloomFilterTest.java,INSTANTIATION,DefaultBloomFilterTest.SparseDefaultBloomFilter,25,src/test/java/org/apache/commons/collections4/bloomfilter/BitMapExtractorFromWrappedBloomFilterTest.java,
commons-collections,BitMapExtractorFromWrappedBloomFilterTest.java,INSTANTIATION,DefaultBloomFilterTest.SparseDefaultBloomFilter,28,src/test/java/org/apache/commons/collections4/bloomfilter/BitMapExtractorFromWrappedBloomFilterTest.java,
commons-collections,BitMapExtractorFromWrappedBloomFilterTest.java,INSTANTIATION,WrappedBloomFilter,38,src/test/java/org/apache/commons/collections4/bloomfilter/BitMapExtractorFromWrappedBloomFilterTest.java,
commons-collections,BitMapExtractorFromWrappedBloomFilterTest.java,INSTANTIATION,DefaultBloomFilterTest.SparseDefaultBloomFilter,38,src/test/java/org/apache/commons/collections4/bloomfilter/BitMapExtractorFromWrappedBloomFilterTest.java,
commons-collections,BitMapExtractorFromWrappedBloomFilterTest.java,INSTANTIATION,DefaultBloomFilterTest.SparseDefaultBloomFilter,41,src/test/java/org/apache/commons/collections4/bloomfilter/BitMapExtractorFromWrappedBloomFilterTest.java,
commons-collections,AbstractBloomFilterTest.java,INSTANTIATION,SimpleBloomFilter,419,src/test/java/org/apache/commons/collections4/bloomfilter/AbstractBloomFilterTest.java,
commons-collections,AbstractBloomFilterTest.java,INSTANTIATION,SparseBloomFilter,423,src/test/java/org/apache/commons/collections4/bloomfilter/AbstractBloomFilterTest.java,
commons-collections,LayeredBloomFilterTest.java,IMPORT,import org.apache.commons.collections4.bloomfilter.LayerManager.Cleanup,34,src/test/java/org/apache/commons/collections4/bloomfilter/LayeredBloomFilterTest.java,
commons-collections,LayeredBloomFilterTest.java,IMPORT,import org.apache.commons.collections4.bloomfilter.LayerManager.ExtendCheck,35,src/test/java/org/apache/commons/collections4/bloomfilter/LayeredBloomFilterTest.java,
commons-collections,LayeredBloomFilterTest.java,INSTANTIATION,SimpleBloomFilter,89,src/test/java/org/apache/commons/collections4/bloomfilter/LayeredBloomFilterTest.java,
commons-collections,LayeredBloomFilterTest.java,INSTANTIATION,NumberedBloomFilter,96,src/test/java/org/apache/commons/collections4/bloomfilter/LayeredBloomFilterTest.java,
commons-collections,LayeredBloomFilterTest.java,INSTANTIATION,TimestampedBloomFilter<>,118,src/test/java/org/apache/commons/collections4/bloomfilter/LayeredBloomFilterTest.java,
commons-collections,LayeredBloomFilterTest.java,INSTANTIATION,TimestampedBloomFilter<>,144,src/test/java/org/apache/commons/collections4/bloomfilter/LayeredBloomFilterTest.java,
commons-collections,LayeredBloomFilterTest.java,INSTANTIATION,SimpleBloomFilter,144,src/test/java/org/apache/commons/collections4/bloomfilter/LayeredBloomFilterTest.java,
commons-collections,LayeredBloomFilterTest.java,INSTANTIATION,LayeredBloomFilter<>,149,src/test/java/org/apache/commons/collections4/bloomfilter/LayeredBloomFilterTest.java,
commons-collections,LayeredBloomFilterTest.java,INSTANTIATION,SimpleBloomFilter,162,src/test/java/org/apache/commons/collections4/bloomfilter/LayeredBloomFilterTest.java,
commons-collections,LayeredBloomFilterTest.java,INSTANTIATION,LayeredBloomFilter<>,179,src/test/java/org/apache/commons/collections4/bloomfilter/LayeredBloomFilterTest.java,
commons-collections,LayeredBloomFilterTest.java,INSTANTIATION,SparseBloomFilter,198,src/test/java/org/apache/commons/collections4/bloomfilter/LayeredBloomFilterTest.java,
commons-collections,LayeredBloomFilterTest.java,INSTANTIATION,SparseBloomFilter,204,src/test/java/org/apache/commons/collections4/bloomfilter/LayeredBloomFilterTest.java,
commons-collections,LayeredBloomFilterTest.java,INSTANTIATION,SimpleBloomFilter,218,src/test/java/org/apache/commons/collections4/bloomfilter/LayeredBloomFilterTest.java,
commons-collections,LayeredBloomFilterTest.java,INSTANTIATION,SimpleBloomFilter,226,src/test/java/org/apache/commons/collections4/bloomfilter/LayeredBloomFilterTest.java,
commons-collections,LayeredBloomFilterTest.java,INSTANTIATION,LayeredBloomFilter<>,227,src/test/java/org/apache/commons/collections4/bloomfilter/LayeredBloomFilterTest.java,
commons-collections,LayeredBloomFilterTest.java,INSTANTIATION,NumberedBloomFilter,236,src/test/java/org/apache/commons/collections4/bloomfilter/LayeredBloomFilterTest.java,
commons-collections,LayeredBloomFilterTest.java,INSTANTIATION,LayeredBloomFilter<>,239,src/test/java/org/apache/commons/collections4/bloomfilter/LayeredBloomFilterTest.java,
commons-collections,LayeredBloomFilterTest.java,INSTANTIATION,DefaultBloomFilterTest.SparseDefaultBloomFilter,270,src/test/java/org/apache/commons/collections4/bloomfilter/LayeredBloomFilterTest.java,
commons-collections,LayeredBloomFilterTest.java,INSTANTIATION,SimpleBloomFilter,365,src/test/java/org/apache/commons/collections4/bloomfilter/LayeredBloomFilterTest.java,
commons-collections,LayeredBloomFilterTest.java,INSTANTIATION,SimpleBloomFilter,371,src/test/java/org/apache/commons/collections4/bloomfilter/LayeredBloomFilterTest.java,
commons-collections,LayeredBloomFilterTest.java,INSTANTIATION,SimpleBloomFilter,391,src/test/java/org/apache/commons/collections4/bloomfilter/LayeredBloomFilterTest.java,
commons-collections,LayeredBloomFilterTest.java,INSTANTIATION,LayeredBloomFilter<>,392,src/test/java/org/apache/commons/collections4/bloomfilter/LayeredBloomFilterTest.java,
commons-collections,LayerManagerTest.java,INSTANTIATION,SimpleBloomFilter,108,src/test/java/org/apache/commons/collections4/bloomfilter/LayerManagerTest.java,
commons-collections,LayerManagerTest.java,INSTANTIATION,SimpleBloomFilter,122,src/test/java/org/apache/commons/collections4/bloomfilter/LayerManagerTest.java,
commons-collections,LayerManagerTest.java,INSTANTIATION,SimpleBloomFilter,142,src/test/java/org/apache/commons/collections4/bloomfilter/LayerManagerTest.java,
commons-collections,LayerManagerTest.java,INSTANTIATION,SimpleBloomFilter,147,src/test/java/org/apache/commons/collections4/bloomfilter/LayerManagerTest.java,
commons-collections,LayerManagerTest.java,INSTANTIATION,SimpleBloomFilter,163,src/test/java/org/apache/commons/collections4/bloomfilter/LayerManagerTest.java,
commons-collections,LayerManagerTest.java,INSTANTIATION,SimpleBloomFilter,172,src/test/java/org/apache/commons/collections4/bloomfilter/LayerManagerTest.java,
commons-collections,LayerManagerTest.java,INSTANTIATION,SimpleBloomFilter,188,src/test/java/org/apache/commons/collections4/bloomfilter/LayerManagerTest.java,
commons-collections,LayerManagerTest.java,INSTANTIATION,SimpleBloomFilter,202,src/test/java/org/apache/commons/collections4/bloomfilter/LayerManagerTest.java,
commons-collections,LayerManagerTest.java,INSTANTIATION,SimpleBloomFilter,214,src/test/java/org/apache/commons/collections4/bloomfilter/LayerManagerTest.java,
commons-collections,LayerManagerTest.java,INSTANTIATION,SimpleBloomFilter,220,src/test/java/org/apache/commons/collections4/bloomfilter/LayerManagerTest.java,
commons-collections,LayerManagerTest.java,INSTANTIATION,SimpleBloomFilter,238,src/test/java/org/apache/commons/collections4/bloomfilter/LayerManagerTest.java,
commons-collections,LayerManagerTest.java,INSTANTIATION,SimpleBloomFilter,253,src/test/java/org/apache/commons/collections4/bloomfilter/LayerManagerTest.java,
commons-collections,LayerManagerTest.java,INSTANTIATION,SimpleBloomFilter,263,src/test/java/org/apache/commons/collections4/bloomfilter/LayerManagerTest.java,
commons-collections,LayerManagerTest.java,INSTANTIATION,SimpleBloomFilter,264,src/test/java/org/apache/commons/collections4/bloomfilter/LayerManagerTest.java,
commons-collections,LayerManagerTest.java,INSTANTIATION,SimpleBloomFilter,278,src/test/java/org/apache/commons/collections4/bloomfilter/LayerManagerTest.java,
commons-collections,BitMapExtractorFromSimpleBloomFilterTest.java,INSTANTIATION,SimpleBloomFilter,25,src/test/java/org/apache/commons/collections4/bloomfilter/BitMapExtractorFromSimpleBloomFilterTest.java,
commons-collections,BitMapExtractorFromSimpleBloomFilterTest.java,INSTANTIATION,SimpleBloomFilter,31,src/test/java/org/apache/commons/collections4/bloomfilter/BitMapExtractorFromSimpleBloomFilterTest.java,
commons-collections,BitMapExtractorFromSparseBloomFilterTest.java,INSTANTIATION,SparseBloomFilter,25,src/test/java/org/apache/commons/collections4/bloomfilter/BitMapExtractorFromSparseBloomFilterTest.java,
commons-collections,BitMapExtractorFromSparseBloomFilterTest.java,INSTANTIATION,SparseBloomFilter,31,src/test/java/org/apache/commons/collections4/bloomfilter/BitMapExtractorFromSparseBloomFilterTest.java,
commons-collections,AbstractCellExtractorTest.java,IMPORT,import org.apache.commons.collections4.bloomfilter.CellExtractor.CellPredicate,28,src/test/java/org/apache/commons/collections4/bloomfilter/AbstractCellExtractorTest.java,
commons-collections,BloomFilterExtractor.java,INSTANTIATION,BloomFilterExtractor,52,src/main/java/org/apache/commons/collections4/bloomfilter/BloomFilterExtractor.java,
commons-collections,BloomFilterExtractor.java,INSTANTIATION,SimpleBloomFilter,106,src/main/java/org/apache/commons/collections4/bloomfilter/BloomFilterExtractor.java,
commons-collections,SparseBloomFilter.java,INSTANTIATION,SparseBloomFilter,110,src/main/java/org/apache/commons/collections4/bloomfilter/SparseBloomFilter.java,
commons-collections,ArrayCountingBloomFilter.java,INSTANTIATION,ArrayCountingBloomFilter,168,src/main/java/org/apache/commons/collections4/bloomfilter/ArrayCountingBloomFilter.java,
commons-collections,SimpleBloomFilter.java,INSTANTIATION,SimpleBloomFilter,107,src/main/java/org/apache/commons/collections4/bloomfilter/SimpleBloomFilter.java,
commons-collections,LayeredBloomFilter.java,INSTANTIATION,LayeredBloomFilter<>,175,src/main/java/org/apache/commons/collections4/bloomfilter/LayeredBloomFilter.java,
commons-collections,LayeredBloomFilter.java,INSTANTIATION,SimpleBloomFilter,185,src/main/java/org/apache/commons/collections4/bloomfilter/LayeredBloomFilter.java,
commons-collections,LayeredBloomFilter.java,INSTANTIATION,SimpleBloomFilter,197,src/main/java/org/apache/commons/collections4/bloomfilter/LayeredBloomFilter.java,
commons-collections,LayeredBloomFilter.java,INSTANTIATION,SimpleBloomFilter,209,src/main/java/org/apache/commons/collections4/bloomfilter/LayeredBloomFilter.java,
commons-collections,LayeredBloomFilter.java,INSTANTIATION,SimpleBloomFilter,234,src/main/java/org/apache/commons/collections4/bloomfilter/LayeredBloomFilter.java,
commons-collections,LayeredBloomFilter.java,INSTANTIATION,SimpleBloomFilter,258,src/main/java/org/apache/commons/collections4/bloomfilter/LayeredBloomFilter.java,
commons-collections,LayeredBloomFilter.java,INSTANTIATION,SimpleBloomFilter,270,src/main/java/org/apache/commons/collections4/bloomfilter/LayeredBloomFilter.java,
commons-collections,LayeredBloomFilter.java,INSTANTIATION,SimpleBloomFilter,282,src/main/java/org/apache/commons/collections4/bloomfilter/LayeredBloomFilter.java,
datafu,EstimateCardinality.java,IMPORT,import com.clearspring.analytics.stream.cardinality.HyperLogLogPlus,37,datafu-hourglass/src/test/java/datafu/hourglass/demo/EstimateCardinality.java,
datafu,EstimateCardinality.java,INSTANTIATION,HyperLogLogPlus,129,datafu-hourglass/src/test/java/datafu/hourglass/demo/EstimateCardinality.java,import com.clearspring.analytics.stream.cardinality.HyperLogLogPlus
datafu,HyperLogLogPlusPlus.java,IMPORT,import com.clearspring.analytics.stream.cardinality.HyperLogLogPlus,39,datafu-pig/src/main/java/datafu/pig/stats/HyperLogLogPlusPlus.java,
datafu,HyperLogLogPlusPlus.java,INSTANTIATION,HyperLogLogPlus,199,datafu-pig/src/main/java/datafu/pig/stats/HyperLogLogPlusPlus.java,import com.clearspring.analytics.stream.cardinality.HyperLogLogPlus
datasketches-java,CountMinSketchTest.java,INSTANTIATION,CountMinSketch,35,src/test/java/org/apache/datasketches/count/CountMinSketchTest.java,
datasketches-java,CountMinSketchTest.java,INSTANTIATION,CountMinSketch,36,src/test/java/org/apache/datasketches/count/CountMinSketchTest.java,
datasketches-java,CountMinSketchTest.java,INSTANTIATION,CountMinSketch,40,src/test/java/org/apache/datasketches/count/CountMinSketchTest.java,
datasketches-java,CountMinSketchTest.java,INSTANTIATION,CountMinSketch,60,src/test/java/org/apache/datasketches/count/CountMinSketchTest.java,
datasketches-java,CountMinSketchTest.java,INSTANTIATION,CountMinSketch,61,src/test/java/org/apache/datasketches/count/CountMinSketchTest.java,
datasketches-java,CountMinSketchTest.java,INSTANTIATION,CountMinSketch,62,src/test/java/org/apache/datasketches/count/CountMinSketchTest.java,
datasketches-java,CountMinSketchTest.java,INSTANTIATION,CountMinSketch,63,src/test/java/org/apache/datasketches/count/CountMinSketchTest.java,
datasketches-java,CountMinSketchTest.java,INSTANTIATION,CountMinSketch,79,src/test/java/org/apache/datasketches/count/CountMinSketchTest.java,
datasketches-java,CountMinSketchTest.java,INSTANTIATION,CountMinSketch,105,src/test/java/org/apache/datasketches/count/CountMinSketchTest.java,
datasketches-java,CountMinSketchTest.java,INSTANTIATION,CountMinSketch,129,src/test/java/org/apache/datasketches/count/CountMinSketchTest.java,
datasketches-java,CountMinSketchTest.java,INSTANTIATION,CountMinSketch,152,src/test/java/org/apache/datasketches/count/CountMinSketchTest.java,
datasketches-java,CountMinSketchTest.java,INSTANTIATION,CountMinSketch,156,src/test/java/org/apache/datasketches/count/CountMinSketchTest.java,
datasketches-java,CountMinSketchTest.java,INSTANTIATION,CountMinSketch,157,src/test/java/org/apache/datasketches/count/CountMinSketchTest.java,
datasketches-java,CountMinSketchTest.java,INSTANTIATION,CountMinSketch,158,src/test/java/org/apache/datasketches/count/CountMinSketchTest.java,
datasketches-java,CountMinSketchTest.java,INSTANTIATION,CountMinSketch,173,src/test/java/org/apache/datasketches/count/CountMinSketchTest.java,
datasketches-java,CountMinSketchTest.java,INSTANTIATION,CountMinSketch,178,src/test/java/org/apache/datasketches/count/CountMinSketchTest.java,
datasketches-java,CountMinSketchTest.java,INSTANTIATION,CountMinSketch,203,src/test/java/org/apache/datasketches/count/CountMinSketchTest.java,
datasketches-java,CountMinSketchTest.java,INSTANTIATION,CountMinSketch,222,src/test/java/org/apache/datasketches/count/CountMinSketchTest.java,
datasketches-java,BloomFilterTest.java,INSTANTIATION,BloomFilter,53,src/test/java/org/apache/datasketches/filters/bloomfilter/BloomFilterTest.java,
datasketches-java,BloomFilterTest.java,INSTANTIATION,BloomFilter,62,src/test/java/org/apache/datasketches/filters/bloomfilter/BloomFilterTest.java,
datasketches-java,BloomFilterTest.java,INSTANTIATION,BloomFilter,72,src/test/java/org/apache/datasketches/filters/bloomfilter/BloomFilterTest.java,
datasketches-java,CountMinSketch.java,INSTANTIATION,CountMinSketch,479,src/main/java/org/apache/datasketches/count/CountMinSketch.java,
datasketches-java,BloomFilterBuilder.java,INSTANTIATION,BloomFilter,131,src/main/java/org/apache/datasketches/filters/bloomfilter/BloomFilterBuilder.java,
datasketches-java,BloomFilterBuilder.java,INSTANTIATION,BloomFilter,157,src/main/java/org/apache/datasketches/filters/bloomfilter/BloomFilterBuilder.java,
datasketches-java,BloomFilterBuilder.java,INSTANTIATION,BloomFilter,192,src/main/java/org/apache/datasketches/filters/bloomfilter/BloomFilterBuilder.java,
datasketches-java,BloomFilterBuilder.java,INSTANTIATION,BloomFilter,225,src/main/java/org/apache/datasketches/filters/bloomfilter/BloomFilterBuilder.java,
datasketches-java,BloomFilter.java,INSTANTIATION,BloomFilter,188,src/main/java/org/apache/datasketches/filters/bloomfilter/BloomFilter.java,
datasketches-java,BloomFilter.java,INSTANTIATION,BloomFilter,191,src/main/java/org/apache/datasketches/filters/bloomfilter/BloomFilter.java,
drill,BloomFilterTest.java,INSTANTIATION,BloomFilter,153,exec/java-exec/src/test/java/org/apache/drill/exec/work/filter/BloomFilterTest.java,
drill,BloomFilterTest.java,INSTANTIATION,BloomFilter,171,exec/java-exec/src/test/java/org/apache/drill/exec/work/filter/BloomFilterTest.java,
drill,TestHashJoinJPPD.java,IMPORT,import org.apache.drill.exec.work.filter.BloomFilter,25,exec/java-exec/src/test/java/org/apache/drill/exec/physical/impl/join/TestHashJoinJPPD.java,
drill,TestHashJoinJPPD.java,IMPORT,import org.apache.drill.exec.work.filter.BloomFilterDef,26,exec/java-exec/src/test/java/org/apache/drill/exec/physical/impl/join/TestHashJoinJPPD.java,
drill,TestHashJoinJPPD.java,INSTANTIATION,BloomFilterDef,43,exec/java-exec/src/test/java/org/apache/drill/exec/physical/impl/join/TestHashJoinJPPD.java,import org.apache.drill.exec.work.filter.BloomFilterDef
drill,TestHashJoinJPPD.java,INSTANTIATION,BloomFilterDef,74,exec/java-exec/src/test/java/org/apache/drill/exec/physical/impl/join/TestHashJoinJPPD.java,import org.apache.drill.exec.work.filter.BloomFilterDef
drill,TestHashJoinJPPD.java,INSTANTIATION,BloomFilterDef,75,exec/java-exec/src/test/java/org/apache/drill/exec/physical/impl/join/TestHashJoinJPPD.java,import org.apache.drill.exec.work.filter.BloomFilterDef
drill,RuntimeFilterWritable.java,INSTANTIATION,BloomFilter,74,exec/java-exec/src/main/java/org/apache/drill/exec/work/filter/RuntimeFilterWritable.java,
drill,HLLMergedStatistic.java,IMPORT,import com.clearspring.analytics.stream.cardinality.HyperLogLog,22,exec/java-exec/src/main/java/org/apache/drill/exec/physical/impl/statistics/HLLMergedStatistic.java,
drill,NDVMergedStatistic.java,IMPORT,import com.clearspring.analytics.stream.cardinality.HyperLogLog,23,exec/java-exec/src/main/java/org/apache/drill/exec/physical/impl/statistics/NDVMergedStatistic.java,
drill,AbstractHashBinaryRecordBatch.java,IMPORT,import org.apache.drill.exec.work.filter.BloomFilter,68,exec/java-exec/src/main/java/org/apache/drill/exec/physical/impl/join/AbstractHashBinaryRecordBatch.java,
drill,AbstractHashBinaryRecordBatch.java,IMPORT,import org.apache.drill.exec.work.filter.BloomFilterDef,69,exec/java-exec/src/main/java/org/apache/drill/exec/physical/impl/join/AbstractHashBinaryRecordBatch.java,
drill,AbstractHashBinaryRecordBatch.java,INSTANTIATION,BloomFilter,877,exec/java-exec/src/main/java/org/apache/drill/exec/physical/impl/join/AbstractHashBinaryRecordBatch.java,import org.apache.drill.exec.work.filter.BloomFilterDef
drill,RuntimeFilterRecordBatch.java,IMPORT,import org.apache.drill.exec.work.filter.BloomFilter,47,exec/java-exec/src/main/java/org/apache/drill/exec/physical/impl/filter/RuntimeFilterRecordBatch.java,
drill,StatisticsAggrFunctions.java,INSTANTIATION,com.clearspring.analytics.stream.cardinality.HyperLogLog,161,exec/java-exec/src/main/java/org/apache/drill/exec/expr/fn/impl/StatisticsAggrFunctions.java,
drill,StatisticsAggrFunctions.java,INSTANTIATION,com.clearspring.analytics.stream.cardinality.HyperLogLog,220,exec/java-exec/src/main/java/org/apache/drill/exec/expr/fn/impl/StatisticsAggrFunctions.java,
drill,StatisticsAggrFunctions.java,INSTANTIATION,com.clearspring.analytics.stream.cardinality.HyperLogLog,276,exec/java-exec/src/main/java/org/apache/drill/exec/expr/fn/impl/StatisticsAggrFunctions.java,
drill,StatisticsAggrFunctions.java,INSTANTIATION,com.clearspring.analytics.stream.cardinality.HyperLogLog,321,exec/java-exec/src/main/java/org/apache/drill/exec/expr/fn/impl/StatisticsAggrFunctions.java,
drill,StatisticsAggrFunctions.java,INSTANTIATION,com.clearspring.analytics.stream.cardinality.HyperLogLog,347,exec/java-exec/src/main/java/org/apache/drill/exec/expr/fn/impl/StatisticsAggrFunctions.java,
drill,StatisticsAggrFunctions.java,INSTANTIATION,com.clearspring.analytics.stream.cardinality.HyperLogLog,382,exec/java-exec/src/main/java/org/apache/drill/exec/expr/fn/impl/StatisticsAggrFunctions.java,
drill,StatisticsAggrFunctions.java,INSTANTIATION,com.clearspring.analytics.stream.cardinality.HyperLogLog,402,exec/java-exec/src/main/java/org/apache/drill/exec/expr/fn/impl/StatisticsAggrFunctions.java,
drill,StatisticsAggrFunctions.java,INSTANTIATION,com.clearspring.analytics.stream.cardinality.HyperLogLog,437,exec/java-exec/src/main/java/org/apache/drill/exec/expr/fn/impl/StatisticsAggrFunctions.java,
drill,StatisticsAggrFunctions.java,INSTANTIATION,com.clearspring.analytics.stream.cardinality.HyperLogLog,457,exec/java-exec/src/main/java/org/apache/drill/exec/expr/fn/impl/StatisticsAggrFunctions.java,
drill,StatisticsAggrFunctions.java,INSTANTIATION,com.clearspring.analytics.stream.cardinality.HyperLogLog,492,exec/java-exec/src/main/java/org/apache/drill/exec/expr/fn/impl/StatisticsAggrFunctions.java,
drill,StatisticsAggrFunctions.java,INSTANTIATION,com.clearspring.analytics.stream.cardinality.HyperLogLog,512,exec/java-exec/src/main/java/org/apache/drill/exec/expr/fn/impl/StatisticsAggrFunctions.java,
drill,StatisticsAggrFunctions.java,INSTANTIATION,com.clearspring.analytics.stream.cardinality.HyperLogLog,551,exec/java-exec/src/main/java/org/apache/drill/exec/expr/fn/impl/StatisticsAggrFunctions.java,
drill,StatisticsAggrFunctions.java,INSTANTIATION,com.clearspring.analytics.stream.cardinality.HyperLogLog,571,exec/java-exec/src/main/java/org/apache/drill/exec/expr/fn/impl/StatisticsAggrFunctions.java,
drill,StatisticsAggrFunctions.java,INSTANTIATION,com.clearspring.analytics.stream.cardinality.HyperLogLog,606,exec/java-exec/src/main/java/org/apache/drill/exec/expr/fn/impl/StatisticsAggrFunctions.java,
drill,StatisticsAggrFunctions.java,INSTANTIATION,com.clearspring.analytics.stream.cardinality.HyperLogLog,626,exec/java-exec/src/main/java/org/apache/drill/exec/expr/fn/impl/StatisticsAggrFunctions.java,
drill,StatisticsAggrFunctions.java,INSTANTIATION,com.clearspring.analytics.stream.cardinality.HyperLogLog,665,exec/java-exec/src/main/java/org/apache/drill/exec/expr/fn/impl/StatisticsAggrFunctions.java,
drill,StatisticsAggrFunctions.java,INSTANTIATION,com.clearspring.analytics.stream.cardinality.HyperLogLog,685,exec/java-exec/src/main/java/org/apache/drill/exec/expr/fn/impl/StatisticsAggrFunctions.java,
drill,StatisticsAggrFunctions.java,INSTANTIATION,com.clearspring.analytics.stream.cardinality.HyperLogLog,720,exec/java-exec/src/main/java/org/apache/drill/exec/expr/fn/impl/StatisticsAggrFunctions.java,
drill,StatisticsAggrFunctions.java,INSTANTIATION,com.clearspring.analytics.stream.cardinality.HyperLogLog,740,exec/java-exec/src/main/java/org/apache/drill/exec/expr/fn/impl/StatisticsAggrFunctions.java,
drill,StatisticsAggrFunctions.java,INSTANTIATION,com.clearspring.analytics.stream.cardinality.HyperLogLog,779,exec/java-exec/src/main/java/org/apache/drill/exec/expr/fn/impl/StatisticsAggrFunctions.java,
drill,StatisticsAggrFunctions.java,INSTANTIATION,com.clearspring.analytics.stream.cardinality.HyperLogLog,799,exec/java-exec/src/main/java/org/apache/drill/exec/expr/fn/impl/StatisticsAggrFunctions.java,
drill,StatisticsAggrFunctions.java,INSTANTIATION,com.clearspring.analytics.stream.cardinality.HyperLogLog,834,exec/java-exec/src/main/java/org/apache/drill/exec/expr/fn/impl/StatisticsAggrFunctions.java,
drill,StatisticsAggrFunctions.java,INSTANTIATION,com.clearspring.analytics.stream.cardinality.HyperLogLog,854,exec/java-exec/src/main/java/org/apache/drill/exec/expr/fn/impl/StatisticsAggrFunctions.java,
drill,StatisticsAggrFunctions.java,INSTANTIATION,com.clearspring.analytics.stream.cardinality.HyperLogLog,893,exec/java-exec/src/main/java/org/apache/drill/exec/expr/fn/impl/StatisticsAggrFunctions.java,
drill,StatisticsAggrFunctions.java,INSTANTIATION,com.clearspring.analytics.stream.cardinality.HyperLogLog,913,exec/java-exec/src/main/java/org/apache/drill/exec/expr/fn/impl/StatisticsAggrFunctions.java,
drill,StatisticsAggrFunctions.java,INSTANTIATION,com.clearspring.analytics.stream.cardinality.HyperLogLog,948,exec/java-exec/src/main/java/org/apache/drill/exec/expr/fn/impl/StatisticsAggrFunctions.java,
drill,StatisticsAggrFunctions.java,INSTANTIATION,com.clearspring.analytics.stream.cardinality.HyperLogLog,968,exec/java-exec/src/main/java/org/apache/drill/exec/expr/fn/impl/StatisticsAggrFunctions.java,
drill,StatisticsAggrFunctions.java,INSTANTIATION,com.clearspring.analytics.stream.cardinality.HyperLogLog,1007,exec/java-exec/src/main/java/org/apache/drill/exec/expr/fn/impl/StatisticsAggrFunctions.java,
drill,StatisticsAggrFunctions.java,INSTANTIATION,com.clearspring.analytics.stream.cardinality.HyperLogLog,1027,exec/java-exec/src/main/java/org/apache/drill/exec/expr/fn/impl/StatisticsAggrFunctions.java,
drill,StatisticsAggrFunctions.java,INSTANTIATION,com.clearspring.analytics.stream.cardinality.HyperLogLog,1062,exec/java-exec/src/main/java/org/apache/drill/exec/expr/fn/impl/StatisticsAggrFunctions.java,
drill,StatisticsAggrFunctions.java,INSTANTIATION,com.clearspring.analytics.stream.cardinality.HyperLogLog,1082,exec/java-exec/src/main/java/org/apache/drill/exec/expr/fn/impl/StatisticsAggrFunctions.java,
drill,StatisticsAggrFunctions.java,INSTANTIATION,com.clearspring.analytics.stream.cardinality.HyperLogLog,1121,exec/java-exec/src/main/java/org/apache/drill/exec/expr/fn/impl/StatisticsAggrFunctions.java,
drill,StatisticsAggrFunctions.java,INSTANTIATION,com.clearspring.analytics.stream.cardinality.HyperLogLog,1141,exec/java-exec/src/main/java/org/apache/drill/exec/expr/fn/impl/StatisticsAggrFunctions.java,
drill,StatisticsAggrFunctions.java,INSTANTIATION,com.clearspring.analytics.stream.cardinality.HyperLogLog,1176,exec/java-exec/src/main/java/org/apache/drill/exec/expr/fn/impl/StatisticsAggrFunctions.java,
drill,StatisticsAggrFunctions.java,INSTANTIATION,com.clearspring.analytics.stream.cardinality.HyperLogLog,1196,exec/java-exec/src/main/java/org/apache/drill/exec/expr/fn/impl/StatisticsAggrFunctions.java,
drill,StatisticsAggrFunctions.java,INSTANTIATION,com.clearspring.analytics.stream.cardinality.HyperLogLog,1235,exec/java-exec/src/main/java/org/apache/drill/exec/expr/fn/impl/StatisticsAggrFunctions.java,
drill,StatisticsAggrFunctions.java,INSTANTIATION,com.clearspring.analytics.stream.cardinality.HyperLogLog,1255,exec/java-exec/src/main/java/org/apache/drill/exec/expr/fn/impl/StatisticsAggrFunctions.java,
drill,StatisticsAggrFunctions.java,INSTANTIATION,com.clearspring.analytics.stream.cardinality.HyperLogLog,1290,exec/java-exec/src/main/java/org/apache/drill/exec/expr/fn/impl/StatisticsAggrFunctions.java,
drill,StatisticsAggrFunctions.java,INSTANTIATION,com.clearspring.analytics.stream.cardinality.HyperLogLog,1310,exec/java-exec/src/main/java/org/apache/drill/exec/expr/fn/impl/StatisticsAggrFunctions.java,
drill,StatisticsAggrFunctions.java,INSTANTIATION,com.clearspring.analytics.stream.cardinality.HyperLogLog,1349,exec/java-exec/src/main/java/org/apache/drill/exec/expr/fn/impl/StatisticsAggrFunctions.java,
drill,StatisticsAggrFunctions.java,INSTANTIATION,com.clearspring.analytics.stream.cardinality.HyperLogLog,1369,exec/java-exec/src/main/java/org/apache/drill/exec/expr/fn/impl/StatisticsAggrFunctions.java,
drill,StatisticsAggrFunctions.java,INSTANTIATION,com.clearspring.analytics.stream.cardinality.HyperLogLog,1404,exec/java-exec/src/main/java/org/apache/drill/exec/expr/fn/impl/StatisticsAggrFunctions.java,
drill,StatisticsAggrFunctions.java,INSTANTIATION,com.clearspring.analytics.stream.cardinality.HyperLogLog,1424,exec/java-exec/src/main/java/org/apache/drill/exec/expr/fn/impl/StatisticsAggrFunctions.java,
drill,StatisticsAggrFunctions.java,INSTANTIATION,com.clearspring.analytics.stream.cardinality.HyperLogLog,1463,exec/java-exec/src/main/java/org/apache/drill/exec/expr/fn/impl/StatisticsAggrFunctions.java,
drill,StatisticsAggrFunctions.java,INSTANTIATION,com.clearspring.analytics.stream.cardinality.HyperLogLog,1486,exec/java-exec/src/main/java/org/apache/drill/exec/expr/fn/impl/StatisticsAggrFunctions.java,
drill,StatisticsAggrFunctions.java,INSTANTIATION,com.clearspring.analytics.stream.cardinality.HyperLogLog,1527,exec/java-exec/src/main/java/org/apache/drill/exec/expr/fn/impl/StatisticsAggrFunctions.java,
drill,StatisticsAggrFunctions.java,INSTANTIATION,com.clearspring.analytics.stream.cardinality.HyperLogLog,1551,exec/java-exec/src/main/java/org/apache/drill/exec/expr/fn/impl/StatisticsAggrFunctions.java,
drill,StatisticsAggrFunctions.java,INSTANTIATION,com.clearspring.analytics.stream.cardinality.HyperLogLog,1598,exec/java-exec/src/main/java/org/apache/drill/exec/expr/fn/impl/StatisticsAggrFunctions.java,
drill,StatisticsAggrFunctions.java,INSTANTIATION,com.clearspring.analytics.stream.cardinality.HyperLogLog,1619,exec/java-exec/src/main/java/org/apache/drill/exec/expr/fn/impl/StatisticsAggrFunctions.java,
drill,StatisticsAggrFunctions.java,INSTANTIATION,com.clearspring.analytics.stream.cardinality.HyperLogLog,1656,exec/java-exec/src/main/java/org/apache/drill/exec/expr/fn/impl/StatisticsAggrFunctions.java,
drill,StatisticsAggrFunctions.java,INSTANTIATION,com.clearspring.analytics.stream.cardinality.HyperLogLog,1676,exec/java-exec/src/main/java/org/apache/drill/exec/expr/fn/impl/StatisticsAggrFunctions.java,
drill,StatisticsAggrFunctions.java,INSTANTIATION,com.clearspring.analytics.stream.cardinality.HyperLogLog,1717,exec/java-exec/src/main/java/org/apache/drill/exec/expr/fn/impl/StatisticsAggrFunctions.java,
drill,StatisticsAggrFunctions.java,INSTANTIATION,com.clearspring.analytics.stream.cardinality.HyperLogLog,1737,exec/java-exec/src/main/java/org/apache/drill/exec/expr/fn/impl/StatisticsAggrFunctions.java,
drill,StatisticsAggrFunctions.java,INSTANTIATION,com.clearspring.analytics.stream.cardinality.HyperLogLog,1774,exec/java-exec/src/main/java/org/apache/drill/exec/expr/fn/impl/StatisticsAggrFunctions.java,
drill,StatisticsAggrFunctions.java,INSTANTIATION,com.clearspring.analytics.stream.cardinality.HyperLogLog,1794,exec/java-exec/src/main/java/org/apache/drill/exec/expr/fn/impl/StatisticsAggrFunctions.java,
drill,StatisticsAggrFunctions.java,INSTANTIATION,com.clearspring.analytics.stream.cardinality.HyperLogLog,1835,exec/java-exec/src/main/java/org/apache/drill/exec/expr/fn/impl/StatisticsAggrFunctions.java,
drill,StatisticsAggrFunctions.java,INSTANTIATION,com.clearspring.analytics.stream.cardinality.HyperLogLog,1855,exec/java-exec/src/main/java/org/apache/drill/exec/expr/fn/impl/StatisticsAggrFunctions.java,
drill,StatisticsAggrFunctions.java,INSTANTIATION,com.clearspring.analytics.stream.cardinality.HyperLogLog,1892,exec/java-exec/src/main/java/org/apache/drill/exec/expr/fn/impl/StatisticsAggrFunctions.java,
drill,StatisticsAggrFunctions.java,INSTANTIATION,com.clearspring.analytics.stream.cardinality.HyperLogLog,1911,exec/java-exec/src/main/java/org/apache/drill/exec/expr/fn/impl/StatisticsAggrFunctions.java,
drill,StatisticsAggrFunctions.java,INSTANTIATION,com.clearspring.analytics.stream.cardinality.HyperLogLog,1952,exec/java-exec/src/main/java/org/apache/drill/exec/expr/fn/impl/StatisticsAggrFunctions.java,
drill,StatisticsAggrFunctions.java,INSTANTIATION,com.clearspring.analytics.stream.membership.BloomFilter,4190,exec/java-exec/src/main/java/org/apache/drill/exec/expr/fn/impl/StatisticsAggrFunctions.java,
drill,StatisticsAggrFunctions.java,INSTANTIATION,com.clearspring.analytics.stream.membership.BloomFilter,4221,exec/java-exec/src/main/java/org/apache/drill/exec/expr/fn/impl/StatisticsAggrFunctions.java,
drill,StatisticsAggrFunctions.java,INSTANTIATION,com.clearspring.analytics.stream.membership.BloomFilter,4243,exec/java-exec/src/main/java/org/apache/drill/exec/expr/fn/impl/StatisticsAggrFunctions.java,
drill,StatisticsAggrFunctions.java,INSTANTIATION,com.clearspring.analytics.stream.membership.BloomFilter,4276,exec/java-exec/src/main/java/org/apache/drill/exec/expr/fn/impl/StatisticsAggrFunctions.java,
drill,StatisticsAggrFunctions.java,INSTANTIATION,com.clearspring.analytics.stream.membership.BloomFilter,4299,exec/java-exec/src/main/java/org/apache/drill/exec/expr/fn/impl/StatisticsAggrFunctions.java,
drill,StatisticsAggrFunctions.java,INSTANTIATION,com.clearspring.analytics.stream.membership.BloomFilter,4330,exec/java-exec/src/main/java/org/apache/drill/exec/expr/fn/impl/StatisticsAggrFunctions.java,
drill,StatisticsAggrFunctions.java,INSTANTIATION,com.clearspring.analytics.stream.membership.BloomFilter,4353,exec/java-exec/src/main/java/org/apache/drill/exec/expr/fn/impl/StatisticsAggrFunctions.java,
drill,StatisticsAggrFunctions.java,INSTANTIATION,com.clearspring.analytics.stream.membership.BloomFilter,4386,exec/java-exec/src/main/java/org/apache/drill/exec/expr/fn/impl/StatisticsAggrFunctions.java,
drill,StatisticsAggrFunctions.java,INSTANTIATION,com.clearspring.analytics.stream.membership.BloomFilter,4409,exec/java-exec/src/main/java/org/apache/drill/exec/expr/fn/impl/StatisticsAggrFunctions.java,
drill,StatisticsAggrFunctions.java,INSTANTIATION,com.clearspring.analytics.stream.membership.BloomFilter,4440,exec/java-exec/src/main/java/org/apache/drill/exec/expr/fn/impl/StatisticsAggrFunctions.java,
drill,StatisticsAggrFunctions.java,INSTANTIATION,com.clearspring.analytics.stream.membership.BloomFilter,4463,exec/java-exec/src/main/java/org/apache/drill/exec/expr/fn/impl/StatisticsAggrFunctions.java,
drill,StatisticsAggrFunctions.java,INSTANTIATION,com.clearspring.analytics.stream.membership.BloomFilter,4496,exec/java-exec/src/main/java/org/apache/drill/exec/expr/fn/impl/StatisticsAggrFunctions.java,
drill,StatisticsAggrFunctions.java,INSTANTIATION,com.clearspring.analytics.stream.membership.BloomFilter,4519,exec/java-exec/src/main/java/org/apache/drill/exec/expr/fn/impl/StatisticsAggrFunctions.java,
drill,StatisticsAggrFunctions.java,INSTANTIATION,com.clearspring.analytics.stream.membership.BloomFilter,4550,exec/java-exec/src/main/java/org/apache/drill/exec/expr/fn/impl/StatisticsAggrFunctions.java,
drill,StatisticsAggrFunctions.java,INSTANTIATION,com.clearspring.analytics.stream.membership.BloomFilter,4573,exec/java-exec/src/main/java/org/apache/drill/exec/expr/fn/impl/StatisticsAggrFunctions.java,
drill,StatisticsAggrFunctions.java,INSTANTIATION,com.clearspring.analytics.stream.membership.BloomFilter,4606,exec/java-exec/src/main/java/org/apache/drill/exec/expr/fn/impl/StatisticsAggrFunctions.java,
drill,StatisticsAggrFunctions.java,INSTANTIATION,com.clearspring.analytics.stream.membership.BloomFilter,4629,exec/java-exec/src/main/java/org/apache/drill/exec/expr/fn/impl/StatisticsAggrFunctions.java,
drill,StatisticsAggrFunctions.java,INSTANTIATION,com.clearspring.analytics.stream.membership.BloomFilter,4660,exec/java-exec/src/main/java/org/apache/drill/exec/expr/fn/impl/StatisticsAggrFunctions.java,
drill,StatisticsAggrFunctions.java,INSTANTIATION,com.clearspring.analytics.stream.membership.BloomFilter,4683,exec/java-exec/src/main/java/org/apache/drill/exec/expr/fn/impl/StatisticsAggrFunctions.java,
drill,StatisticsAggrFunctions.java,INSTANTIATION,com.clearspring.analytics.stream.membership.BloomFilter,4716,exec/java-exec/src/main/java/org/apache/drill/exec/expr/fn/impl/StatisticsAggrFunctions.java,
drill,StatisticsAggrFunctions.java,INSTANTIATION,com.clearspring.analytics.stream.membership.BloomFilter,4739,exec/java-exec/src/main/java/org/apache/drill/exec/expr/fn/impl/StatisticsAggrFunctions.java,
drill,StatisticsAggrFunctions.java,INSTANTIATION,com.clearspring.analytics.stream.membership.BloomFilter,4770,exec/java-exec/src/main/java/org/apache/drill/exec/expr/fn/impl/StatisticsAggrFunctions.java,
drill,StatisticsAggrFunctions.java,INSTANTIATION,com.clearspring.analytics.stream.membership.BloomFilter,4793,exec/java-exec/src/main/java/org/apache/drill/exec/expr/fn/impl/StatisticsAggrFunctions.java,
drill,StatisticsAggrFunctions.java,INSTANTIATION,com.clearspring.analytics.stream.membership.BloomFilter,4826,exec/java-exec/src/main/java/org/apache/drill/exec/expr/fn/impl/StatisticsAggrFunctions.java,
drill,StatisticsAggrFunctions.java,INSTANTIATION,com.clearspring.analytics.stream.membership.BloomFilter,4849,exec/java-exec/src/main/java/org/apache/drill/exec/expr/fn/impl/StatisticsAggrFunctions.java,
drill,StatisticsAggrFunctions.java,INSTANTIATION,com.clearspring.analytics.stream.membership.BloomFilter,4880,exec/java-exec/src/main/java/org/apache/drill/exec/expr/fn/impl/StatisticsAggrFunctions.java,
drill,StatisticsAggrFunctions.java,INSTANTIATION,com.clearspring.analytics.stream.membership.BloomFilter,4903,exec/java-exec/src/main/java/org/apache/drill/exec/expr/fn/impl/StatisticsAggrFunctions.java,
drill,StatisticsAggrFunctions.java,INSTANTIATION,com.clearspring.analytics.stream.membership.BloomFilter,4936,exec/java-exec/src/main/java/org/apache/drill/exec/expr/fn/impl/StatisticsAggrFunctions.java,
drill,StatisticsAggrFunctions.java,INSTANTIATION,com.clearspring.analytics.stream.membership.BloomFilter,4959,exec/java-exec/src/main/java/org/apache/drill/exec/expr/fn/impl/StatisticsAggrFunctions.java,
drill,StatisticsAggrFunctions.java,INSTANTIATION,com.clearspring.analytics.stream.membership.BloomFilter,4990,exec/java-exec/src/main/java/org/apache/drill/exec/expr/fn/impl/StatisticsAggrFunctions.java,
drill,StatisticsAggrFunctions.java,INSTANTIATION,com.clearspring.analytics.stream.membership.BloomFilter,5013,exec/java-exec/src/main/java/org/apache/drill/exec/expr/fn/impl/StatisticsAggrFunctions.java,
drill,StatisticsAggrFunctions.java,INSTANTIATION,com.clearspring.analytics.stream.membership.BloomFilter,5046,exec/java-exec/src/main/java/org/apache/drill/exec/expr/fn/impl/StatisticsAggrFunctions.java,
drill,StatisticsAggrFunctions.java,INSTANTIATION,com.clearspring.analytics.stream.membership.BloomFilter,5069,exec/java-exec/src/main/java/org/apache/drill/exec/expr/fn/impl/StatisticsAggrFunctions.java,
drill,StatisticsAggrFunctions.java,INSTANTIATION,com.clearspring.analytics.stream.membership.BloomFilter,5100,exec/java-exec/src/main/java/org/apache/drill/exec/expr/fn/impl/StatisticsAggrFunctions.java,
drill,StatisticsAggrFunctions.java,INSTANTIATION,com.clearspring.analytics.stream.membership.BloomFilter,5123,exec/java-exec/src/main/java/org/apache/drill/exec/expr/fn/impl/StatisticsAggrFunctions.java,
drill,StatisticsAggrFunctions.java,INSTANTIATION,com.clearspring.analytics.stream.membership.BloomFilter,5156,exec/java-exec/src/main/java/org/apache/drill/exec/expr/fn/impl/StatisticsAggrFunctions.java,
drill,StatisticsAggrFunctions.java,INSTANTIATION,com.clearspring.analytics.stream.membership.BloomFilter,5179,exec/java-exec/src/main/java/org/apache/drill/exec/expr/fn/impl/StatisticsAggrFunctions.java,
drill,StatisticsAggrFunctions.java,INSTANTIATION,com.clearspring.analytics.stream.membership.BloomFilter,5210,exec/java-exec/src/main/java/org/apache/drill/exec/expr/fn/impl/StatisticsAggrFunctions.java,
drill,StatisticsAggrFunctions.java,INSTANTIATION,com.clearspring.analytics.stream.membership.BloomFilter,5233,exec/java-exec/src/main/java/org/apache/drill/exec/expr/fn/impl/StatisticsAggrFunctions.java,
drill,StatisticsAggrFunctions.java,INSTANTIATION,com.clearspring.analytics.stream.membership.BloomFilter,5266,exec/java-exec/src/main/java/org/apache/drill/exec/expr/fn/impl/StatisticsAggrFunctions.java,
drill,StatisticsAggrFunctions.java,INSTANTIATION,com.clearspring.analytics.stream.membership.BloomFilter,5292,exec/java-exec/src/main/java/org/apache/drill/exec/expr/fn/impl/StatisticsAggrFunctions.java,
drill,StatisticsAggrFunctions.java,INSTANTIATION,com.clearspring.analytics.stream.membership.BloomFilter,5328,exec/java-exec/src/main/java/org/apache/drill/exec/expr/fn/impl/StatisticsAggrFunctions.java,
drill,StatisticsAggrFunctions.java,INSTANTIATION,com.clearspring.analytics.stream.membership.BloomFilter,5355,exec/java-exec/src/main/java/org/apache/drill/exec/expr/fn/impl/StatisticsAggrFunctions.java,
drill,StatisticsAggrFunctions.java,INSTANTIATION,com.clearspring.analytics.stream.membership.BloomFilter,5394,exec/java-exec/src/main/java/org/apache/drill/exec/expr/fn/impl/StatisticsAggrFunctions.java,
drill,StatisticsAggrFunctions.java,INSTANTIATION,com.clearspring.analytics.stream.membership.BloomFilter,5418,exec/java-exec/src/main/java/org/apache/drill/exec/expr/fn/impl/StatisticsAggrFunctions.java,
drill,StatisticsAggrFunctions.java,INSTANTIATION,com.clearspring.analytics.stream.membership.BloomFilter,5451,exec/java-exec/src/main/java/org/apache/drill/exec/expr/fn/impl/StatisticsAggrFunctions.java,
drill,StatisticsAggrFunctions.java,INSTANTIATION,com.clearspring.analytics.stream.membership.BloomFilter,5474,exec/java-exec/src/main/java/org/apache/drill/exec/expr/fn/impl/StatisticsAggrFunctions.java,
drill,StatisticsAggrFunctions.java,INSTANTIATION,com.clearspring.analytics.stream.membership.BloomFilter,5509,exec/java-exec/src/main/java/org/apache/drill/exec/expr/fn/impl/StatisticsAggrFunctions.java,
drill,StatisticsAggrFunctions.java,INSTANTIATION,com.clearspring.analytics.stream.membership.BloomFilter,5532,exec/java-exec/src/main/java/org/apache/drill/exec/expr/fn/impl/StatisticsAggrFunctions.java,
drill,StatisticsAggrFunctions.java,INSTANTIATION,com.clearspring.analytics.stream.membership.BloomFilter,5565,exec/java-exec/src/main/java/org/apache/drill/exec/expr/fn/impl/StatisticsAggrFunctions.java,
drill,StatisticsAggrFunctions.java,INSTANTIATION,com.clearspring.analytics.stream.membership.BloomFilter,5588,exec/java-exec/src/main/java/org/apache/drill/exec/expr/fn/impl/StatisticsAggrFunctions.java,
drill,StatisticsAggrFunctions.java,INSTANTIATION,com.clearspring.analytics.stream.membership.BloomFilter,5623,exec/java-exec/src/main/java/org/apache/drill/exec/expr/fn/impl/StatisticsAggrFunctions.java,
drill,StatisticsAggrFunctions.java,INSTANTIATION,com.clearspring.analytics.stream.membership.BloomFilter,5646,exec/java-exec/src/main/java/org/apache/drill/exec/expr/fn/impl/StatisticsAggrFunctions.java,
drill,StatisticsAggrFunctions.java,INSTANTIATION,com.clearspring.analytics.stream.membership.BloomFilter,5679,exec/java-exec/src/main/java/org/apache/drill/exec/expr/fn/impl/StatisticsAggrFunctions.java,
drill,StatisticsAggrFunctions.java,INSTANTIATION,com.clearspring.analytics.stream.membership.BloomFilter,5702,exec/java-exec/src/main/java/org/apache/drill/exec/expr/fn/impl/StatisticsAggrFunctions.java,
drill,StatisticsAggrFunctions.java,INSTANTIATION,com.clearspring.analytics.stream.membership.BloomFilter,5737,exec/java-exec/src/main/java/org/apache/drill/exec/expr/fn/impl/StatisticsAggrFunctions.java,
drill,RuntimeFilterVisitor.java,IMPORT,import org.apache.drill.exec.work.filter.BloomFilter,41,exec/java-exec/src/main/java/org/apache/drill/exec/planner/physical/visitor/RuntimeFilterVisitor.java,
drill,RuntimeFilterVisitor.java,IMPORT,import org.apache.drill.exec.work.filter.BloomFilterDef,42,exec/java-exec/src/main/java/org/apache/drill/exec/planner/physical/visitor/RuntimeFilterVisitor.java,
drill,RuntimeFilterVisitor.java,INSTANTIATION,BloomFilterDef,195,exec/java-exec/src/main/java/org/apache/drill/exec/planner/physical/visitor/RuntimeFilterVisitor.java,import org.apache.drill.exec.work.filter.BloomFilterDef
drill,ParquetFileWriter.java,IMPORT,import org.apache.parquet.column.values.bloomfilter.BloomFilter,60,exec/java-exec/src/main/java/org/apache/parquet/hadoop/ParquetFileWriter.java,
druid,MSQInsertTest.java,IMPORT,import org.apache.druid.hll.HyperLogLogCollector,42,multi-stage-query/src/test/java/org/apache/druid/msq/exec/MSQInsertTest.java,
druid,MSQInsertTest.java,IMPORT,import org.apache.druid.query.aggregation.hyperloglog.HyperUniquesAggregatorFactory,66,multi-stage-query/src/test/java/org/apache/druid/msq/exec/MSQInsertTest.java,
druid,MSQTestBase.java,IMPORT,import org.apache.druid.hll.HyperLogLogCollector,66,multi-stage-query/src/test/java/org/apache/druid/msq/test/MSQTestBase.java,
druid,MSQTestBase.java,IMPORT,import org.apache.druid.query.aggregation.hyperloglog.HyperUniquesAggregatorFactory,138,multi-stage-query/src/test/java/org/apache/druid/msq/test/MSQTestBase.java,
druid,BloomFilterAggregatorFactoryTest.java,INSTANTIATION,BloomFilterAggregatorFactory,47,extensions-core/druid-bloom-filter/src/test/java/org/apache/druid/query/aggregation/bloom/BloomFilterAggregatorFactoryTest.java,
druid,BloomFilterAggregatorFactoryTest.java,INSTANTIATION,BloomFilterMergeAggregatorFactory,48,extensions-core/druid-bloom-filter/src/test/java/org/apache/druid/query/aggregation/bloom/BloomFilterAggregatorFactoryTest.java,
druid,BloomFilterAggregatorFactoryTest.java,INSTANTIATION,BloomFilterAggregatorFactory,76,extensions-core/druid-bloom-filter/src/test/java/org/apache/druid/query/aggregation/bloom/BloomFilterAggregatorFactoryTest.java,
druid,BloomFilterAggregatorFactoryTest.java,INSTANTIATION,BloomFilterMergeAggregatorFactory,89,extensions-core/druid-bloom-filter/src/test/java/org/apache/druid/query/aggregation/bloom/BloomFilterAggregatorFactoryTest.java,
druid,BloomFilterAggregatorTest.java,IMPORT,import org.apache.druid.guice.BloomFilterExtensionModule,26,extensions-core/druid-bloom-filter/src/test/java/org/apache/druid/query/aggregation/bloom/BloomFilterAggregatorTest.java,
druid,BloomFilterAggregatorTest.java,IMPORT,import org.apache.druid.guice.BloomFilterSerializersModule,27,extensions-core/druid-bloom-filter/src/test/java/org/apache/druid/query/aggregation/bloom/BloomFilterAggregatorTest.java,
druid,BloomFilterAggregatorTest.java,IMPORT,import org.apache.druid.query.filter.BloomKFilter,39,extensions-core/druid-bloom-filter/src/test/java/org/apache/druid/query/aggregation/bloom/BloomFilterAggregatorTest.java,
druid,BloomFilterAggregatorTest.java,INSTANTIATION,BloomKFilter,106,extensions-core/druid-bloom-filter/src/test/java/org/apache/druid/query/aggregation/bloom/BloomFilterAggregatorTest.java,import org.apache.druid.query.filter.BloomKFilter
druid,BloomFilterAggregatorTest.java,INSTANTIATION,BloomKFilter,107,extensions-core/druid-bloom-filter/src/test/java/org/apache/druid/query/aggregation/bloom/BloomFilterAggregatorTest.java,import org.apache.druid.query.filter.BloomKFilter
druid,BloomFilterAggregatorTest.java,INSTANTIATION,BloomKFilter,108,extensions-core/druid-bloom-filter/src/test/java/org/apache/druid/query/aggregation/bloom/BloomFilterAggregatorTest.java,import org.apache.druid.query.filter.BloomKFilter
druid,BloomFilterAggregatorTest.java,INSTANTIATION,BloomKFilter,117,extensions-core/druid-bloom-filter/src/test/java/org/apache/druid/query/aggregation/bloom/BloomFilterAggregatorTest.java,import org.apache.druid.query.filter.BloomKFilter
druid,BloomFilterAggregatorTest.java,INSTANTIATION,BloomKFilter,123,extensions-core/druid-bloom-filter/src/test/java/org/apache/druid/query/aggregation/bloom/BloomFilterAggregatorTest.java,import org.apache.druid.query.filter.BloomKFilter
druid,BloomFilterAggregatorTest.java,INSTANTIATION,BloomKFilter,129,extensions-core/druid-bloom-filter/src/test/java/org/apache/druid/query/aggregation/bloom/BloomFilterAggregatorTest.java,import org.apache.druid.query.filter.BloomKFilter
druid,BloomFilterAggregatorTest.java,INSTANTIATION,BloomFilterAggregatorFactory,231,extensions-core/druid-bloom-filter/src/test/java/org/apache/druid/query/aggregation/bloom/BloomFilterAggregatorTest.java,
druid,BloomFilterAggregatorTest.java,INSTANTIATION,StringBloomFilterAggregator,243,extensions-core/druid-bloom-filter/src/test/java/org/apache/druid/query/aggregation/bloom/BloomFilterAggregatorTest.java,
druid,BloomFilterAggregatorTest.java,INSTANTIATION,LongBloomFilterAggregator,260,extensions-core/druid-bloom-filter/src/test/java/org/apache/druid/query/aggregation/bloom/BloomFilterAggregatorTest.java,
druid,BloomFilterAggregatorTest.java,INSTANTIATION,FloatBloomFilterAggregator,277,extensions-core/druid-bloom-filter/src/test/java/org/apache/druid/query/aggregation/bloom/BloomFilterAggregatorTest.java,
druid,BloomFilterAggregatorTest.java,INSTANTIATION,DoubleBloomFilterAggregator,294,extensions-core/druid-bloom-filter/src/test/java/org/apache/druid/query/aggregation/bloom/BloomFilterAggregatorTest.java,
druid,BloomFilterAggregatorTest.java,INSTANTIATION,StringBloomFilterAggregator,311,extensions-core/druid-bloom-filter/src/test/java/org/apache/druid/query/aggregation/bloom/BloomFilterAggregatorTest.java,
druid,BloomFilterAggregatorTest.java,INSTANTIATION,LongBloomFilterAggregator,334,extensions-core/druid-bloom-filter/src/test/java/org/apache/druid/query/aggregation/bloom/BloomFilterAggregatorTest.java,
druid,BloomFilterAggregatorTest.java,INSTANTIATION,FloatBloomFilterAggregator,356,extensions-core/druid-bloom-filter/src/test/java/org/apache/druid/query/aggregation/bloom/BloomFilterAggregatorTest.java,
druid,BloomFilterAggregatorTest.java,INSTANTIATION,DoubleBloomFilterAggregator,378,extensions-core/druid-bloom-filter/src/test/java/org/apache/druid/query/aggregation/bloom/BloomFilterAggregatorTest.java,
druid,BloomFilterAggregatorTest.java,INSTANTIATION,StringBloomFilterAggregator,402,extensions-core/druid-bloom-filter/src/test/java/org/apache/druid/query/aggregation/bloom/BloomFilterAggregatorTest.java,
druid,BloomFilterAggregatorTest.java,INSTANTIATION,StringBloomFilterAggregator,403,extensions-core/druid-bloom-filter/src/test/java/org/apache/druid/query/aggregation/bloom/BloomFilterAggregatorTest.java,
druid,BloomFilterAggregatorTest.java,INSTANTIATION,TestBloomFilterBufferColumnSelector,429,extensions-core/druid-bloom-filter/src/test/java/org/apache/druid/query/aggregation/bloom/BloomFilterAggregatorTest.java,
druid,BloomFilterAggregatorTest.java,INSTANTIATION,BloomFilterMergeAggregator,437,extensions-core/druid-bloom-filter/src/test/java/org/apache/druid/query/aggregation/bloom/BloomFilterAggregatorTest.java,
druid,BloomFilterAggregatorTest.java,INSTANTIATION,TestBloomFilterBufferColumnSelector,455,extensions-core/druid-bloom-filter/src/test/java/org/apache/druid/query/aggregation/bloom/BloomFilterAggregatorTest.java,
druid,BloomFilterAggregatorTest.java,INSTANTIATION,BloomFilterMergeAggregator,463,extensions-core/druid-bloom-filter/src/test/java/org/apache/druid/query/aggregation/bloom/BloomFilterAggregatorTest.java,
druid,BloomFilterAggregatorTest.java,INSTANTIATION,TestBloomFilterBufferColumnSelector,481,extensions-core/druid-bloom-filter/src/test/java/org/apache/druid/query/aggregation/bloom/BloomFilterAggregatorTest.java,
druid,BloomFilterAggregatorTest.java,INSTANTIATION,BloomFilterMergeAggregator,488,extensions-core/druid-bloom-filter/src/test/java/org/apache/druid/query/aggregation/bloom/BloomFilterAggregatorTest.java,
druid,BloomFilterAggregatorTest.java,INSTANTIATION,BloomFilterAggregatorFactory,512,extensions-core/druid-bloom-filter/src/test/java/org/apache/druid/query/aggregation/bloom/BloomFilterAggregatorTest.java,
druid,BloomFilterAggregatorTest.java,INSTANTIATION,BloomFilterExtensionModule,518,extensions-core/druid-bloom-filter/src/test/java/org/apache/druid/query/aggregation/bloom/BloomFilterAggregatorTest.java,import org.apache.druid.guice.BloomFilterExtensionModule
druid,BloomFilterAggregatorTest.java,INSTANTIATION,BloomFilterAggregatorFactory,535,extensions-core/druid-bloom-filter/src/test/java/org/apache/druid/query/aggregation/bloom/BloomFilterAggregatorTest.java,
druid,BloomFilterAggregatorTest.java,INSTANTIATION,BloomFilterAggregatorFactory,546,extensions-core/druid-bloom-filter/src/test/java/org/apache/druid/query/aggregation/bloom/BloomFilterAggregatorTest.java,
druid,BloomFilterGroupByQueryTest.java,IMPORT,import org.apache.druid.guice.BloomFilterExtensionModule,32,extensions-core/druid-bloom-filter/src/test/java/org/apache/druid/query/aggregation/bloom/BloomFilterGroupByQueryTest.java,
druid,BloomFilterGroupByQueryTest.java,IMPORT,import org.apache.druid.query.filter.BloomKFilter,41,extensions-core/druid-bloom-filter/src/test/java/org/apache/druid/query/aggregation/bloom/BloomFilterGroupByQueryTest.java,
druid,BloomFilterGroupByQueryTest.java,INSTANTIATION,BloomFilterExtensionModule,64,extensions-core/druid-bloom-filter/src/test/java/org/apache/druid/query/aggregation/bloom/BloomFilterGroupByQueryTest.java,import org.apache.druid.guice.BloomFilterExtensionModule
druid,BloomFilterGroupByQueryTest.java,INSTANTIATION,BloomFilterAggregatorFactory,116,extensions-core/druid-bloom-filter/src/test/java/org/apache/druid/query/aggregation/bloom/BloomFilterGroupByQueryTest.java,
druid,BloomFilterGroupByQueryTest.java,INSTANTIATION,BloomFilterAggregatorFactory,145,extensions-core/druid-bloom-filter/src/test/java/org/apache/druid/query/aggregation/bloom/BloomFilterGroupByQueryTest.java,
druid,BloomFilterGroupByQueryTest.java,INSTANTIATION,BloomFilterAggregatorFactory,167,extensions-core/druid-bloom-filter/src/test/java/org/apache/druid/query/aggregation/bloom/BloomFilterGroupByQueryTest.java,
druid,BloomFilterGroupByQueryTest.java,INSTANTIATION,BloomFilterAggregatorFactory,176,extensions-core/druid-bloom-filter/src/test/java/org/apache/druid/query/aggregation/bloom/BloomFilterGroupByQueryTest.java,
druid,BloomFilterGroupByQueryTest.java,INSTANTIATION,BloomFilterAggregatorFactory,199,extensions-core/druid-bloom-filter/src/test/java/org/apache/druid/query/aggregation/bloom/BloomFilterGroupByQueryTest.java,
druid,BloomFilterGroupByQueryTest.java,INSTANTIATION,BloomKFilter,206,extensions-core/druid-bloom-filter/src/test/java/org/apache/druid/query/aggregation/bloom/BloomFilterGroupByQueryTest.java,import org.apache.druid.query.filter.BloomKFilter
druid,BloomFilterSqlAggregatorTest.java,IMPORT,import org.apache.druid.guice.BloomFilterExtensionModule,25,extensions-core/druid-bloom-filter/src/test/java/org/apache/druid/query/aggregation/bloom/sql/BloomFilterSqlAggregatorTest.java,
druid,BloomFilterSqlAggregatorTest.java,IMPORT,import org.apache.druid.query.aggregation.bloom.BloomFilterAggregatorFactory,32,extensions-core/druid-bloom-filter/src/test/java/org/apache/druid/query/aggregation/bloom/sql/BloomFilterSqlAggregatorTest.java,
druid,BloomFilterSqlAggregatorTest.java,IMPORT,import org.apache.druid.query.aggregation.bloom.sql.BloomFilterSqlAggregatorTest.BloomFilterSqlAggComponentSupplier,33,extensions-core/druid-bloom-filter/src/test/java/org/apache/druid/query/aggregation/bloom/sql/BloomFilterSqlAggregatorTest.java,
druid,BloomFilterSqlAggregatorTest.java,IMPORT,import org.apache.druid.query.filter.BloomKFilter,36,extensions-core/druid-bloom-filter/src/test/java/org/apache/druid/query/aggregation/bloom/sql/BloomFilterSqlAggregatorTest.java,
druid,BloomFilterSqlAggregatorTest.java,INSTANTIATION,BloomFilterExtensionModule,77,extensions-core/druid-bloom-filter/src/test/java/org/apache/druid/query/aggregation/bloom/sql/BloomFilterSqlAggregatorTest.java,import org.apache.druid.guice.BloomFilterExtensionModule
druid,BloomFilterSqlAggregatorTest.java,INSTANTIATION,BloomKFilter,121,extensions-core/druid-bloom-filter/src/test/java/org/apache/druid/query/aggregation/bloom/sql/BloomFilterSqlAggregatorTest.java,import org.apache.druid.query.filter.BloomKFilter
druid,BloomFilterSqlAggregatorTest.java,INSTANTIATION,BloomFilterAggregatorFactory,143,extensions-core/druid-bloom-filter/src/test/java/org/apache/druid/query/aggregation/bloom/sql/BloomFilterSqlAggregatorTest.java,import org.apache.druid.query.aggregation.bloom.BloomFilterAggregatorFactory
druid,BloomFilterSqlAggregatorTest.java,INSTANTIATION,BloomKFilter,167,extensions-core/druid-bloom-filter/src/test/java/org/apache/druid/query/aggregation/bloom/sql/BloomFilterSqlAggregatorTest.java,import org.apache.druid.query.filter.BloomKFilter
druid,BloomFilterSqlAggregatorTest.java,INSTANTIATION,BloomKFilter,168,extensions-core/druid-bloom-filter/src/test/java/org/apache/druid/query/aggregation/bloom/sql/BloomFilterSqlAggregatorTest.java,import org.apache.druid.query.filter.BloomKFilter
druid,BloomFilterSqlAggregatorTest.java,INSTANTIATION,BloomFilterAggregatorFactory,201,extensions-core/druid-bloom-filter/src/test/java/org/apache/druid/query/aggregation/bloom/sql/BloomFilterSqlAggregatorTest.java,import org.apache.druid.query.aggregation.bloom.BloomFilterAggregatorFactory
druid,BloomFilterSqlAggregatorTest.java,INSTANTIATION,BloomFilterAggregatorFactory,206,extensions-core/druid-bloom-filter/src/test/java/org/apache/druid/query/aggregation/bloom/sql/BloomFilterSqlAggregatorTest.java,import org.apache.druid.query.aggregation.bloom.BloomFilterAggregatorFactory
druid,BloomFilterSqlAggregatorTest.java,INSTANTIATION,BloomKFilter,230,extensions-core/druid-bloom-filter/src/test/java/org/apache/druid/query/aggregation/bloom/sql/BloomFilterSqlAggregatorTest.java,import org.apache.druid.query.filter.BloomKFilter
druid,BloomFilterSqlAggregatorTest.java,INSTANTIATION,BloomFilterAggregatorFactory,260,extensions-core/druid-bloom-filter/src/test/java/org/apache/druid/query/aggregation/bloom/sql/BloomFilterSqlAggregatorTest.java,import org.apache.druid.query.aggregation.bloom.BloomFilterAggregatorFactory
druid,BloomFilterSqlAggregatorTest.java,INSTANTIATION,BloomKFilter,281,extensions-core/druid-bloom-filter/src/test/java/org/apache/druid/query/aggregation/bloom/sql/BloomFilterSqlAggregatorTest.java,import org.apache.druid.query.filter.BloomKFilter
druid,BloomFilterSqlAggregatorTest.java,INSTANTIATION,BloomFilterAggregatorFactory,302,extensions-core/druid-bloom-filter/src/test/java/org/apache/druid/query/aggregation/bloom/sql/BloomFilterSqlAggregatorTest.java,import org.apache.druid.query.aggregation.bloom.BloomFilterAggregatorFactory
druid,BloomFilterSqlAggregatorTest.java,INSTANTIATION,BloomKFilter,322,extensions-core/druid-bloom-filter/src/test/java/org/apache/druid/query/aggregation/bloom/sql/BloomFilterSqlAggregatorTest.java,import org.apache.druid.query.filter.BloomKFilter
druid,BloomFilterSqlAggregatorTest.java,INSTANTIATION,BloomFilterAggregatorFactory,351,extensions-core/druid-bloom-filter/src/test/java/org/apache/druid/query/aggregation/bloom/sql/BloomFilterSqlAggregatorTest.java,import org.apache.druid.query.aggregation.bloom.BloomFilterAggregatorFactory
druid,BloomFilterSqlAggregatorTest.java,INSTANTIATION,BloomKFilter,372,extensions-core/druid-bloom-filter/src/test/java/org/apache/druid/query/aggregation/bloom/sql/BloomFilterSqlAggregatorTest.java,import org.apache.druid.query.filter.BloomKFilter
druid,BloomFilterSqlAggregatorTest.java,INSTANTIATION,BloomFilterAggregatorFactory,401,extensions-core/druid-bloom-filter/src/test/java/org/apache/druid/query/aggregation/bloom/sql/BloomFilterSqlAggregatorTest.java,import org.apache.druid.query.aggregation.bloom.BloomFilterAggregatorFactory
druid,BloomFilterSqlAggregatorTest.java,INSTANTIATION,BloomKFilter,422,extensions-core/druid-bloom-filter/src/test/java/org/apache/druid/query/aggregation/bloom/sql/BloomFilterSqlAggregatorTest.java,import org.apache.druid.query.filter.BloomKFilter
druid,BloomFilterSqlAggregatorTest.java,INSTANTIATION,BloomFilterAggregatorFactory,451,extensions-core/druid-bloom-filter/src/test/java/org/apache/druid/query/aggregation/bloom/sql/BloomFilterSqlAggregatorTest.java,import org.apache.druid.query.aggregation.bloom.BloomFilterAggregatorFactory
druid,BloomFilterSqlAggregatorTest.java,INSTANTIATION,BloomKFilter,473,extensions-core/druid-bloom-filter/src/test/java/org/apache/druid/query/aggregation/bloom/sql/BloomFilterSqlAggregatorTest.java,import org.apache.druid.query.filter.BloomKFilter
druid,BloomFilterSqlAggregatorTest.java,INSTANTIATION,BloomKFilter,474,extensions-core/druid-bloom-filter/src/test/java/org/apache/druid/query/aggregation/bloom/sql/BloomFilterSqlAggregatorTest.java,import org.apache.druid.query.filter.BloomKFilter
druid,BloomFilterSqlAggregatorTest.java,INSTANTIATION,BloomFilterAggregatorFactory,490,extensions-core/druid-bloom-filter/src/test/java/org/apache/druid/query/aggregation/bloom/sql/BloomFilterSqlAggregatorTest.java,import org.apache.druid.query.aggregation.bloom.BloomFilterAggregatorFactory
druid,BloomFilterSqlAggregatorTest.java,INSTANTIATION,BloomFilterAggregatorFactory,495,extensions-core/druid-bloom-filter/src/test/java/org/apache/druid/query/aggregation/bloom/sql/BloomFilterSqlAggregatorTest.java,import org.apache.druid.query.aggregation.bloom.BloomFilterAggregatorFactory
druid,BloomFilterSqlAggregatorTest.java,INSTANTIATION,BloomKFilter,520,extensions-core/druid-bloom-filter/src/test/java/org/apache/druid/query/aggregation/bloom/sql/BloomFilterSqlAggregatorTest.java,import org.apache.druid.query.filter.BloomKFilter
druid,BloomFilterSqlAggregatorTest.java,INSTANTIATION,BloomKFilter,521,extensions-core/druid-bloom-filter/src/test/java/org/apache/druid/query/aggregation/bloom/sql/BloomFilterSqlAggregatorTest.java,import org.apache.druid.query.filter.BloomKFilter
druid,BloomFilterSqlAggregatorTest.java,INSTANTIATION,BloomFilterAggregatorFactory,541,extensions-core/druid-bloom-filter/src/test/java/org/apache/druid/query/aggregation/bloom/sql/BloomFilterSqlAggregatorTest.java,import org.apache.druid.query.aggregation.bloom.BloomFilterAggregatorFactory
druid,BloomFilterSqlAggregatorTest.java,INSTANTIATION,BloomFilterAggregatorFactory,549,extensions-core/druid-bloom-filter/src/test/java/org/apache/druid/query/aggregation/bloom/sql/BloomFilterSqlAggregatorTest.java,import org.apache.druid.query.aggregation.bloom.BloomFilterAggregatorFactory
druid,BloomFilterExpressionsTest.java,IMPORT,import org.apache.druid.query.filter.BloomKFilter,31,extensions-core/druid-bloom-filter/src/test/java/org/apache/druid/query/expressions/BloomFilterExpressionsTest.java,
druid,BloomFilterExpressionsTest.java,INSTANTIATION,BloomFilterExpressions.CreateExprMacro,49,extensions-core/druid-bloom-filter/src/test/java/org/apache/druid/query/expressions/BloomFilterExpressionsTest.java,
druid,BloomFilterExpressionsTest.java,INSTANTIATION,BloomFilterExpressions.AddExprMacro,50,extensions-core/druid-bloom-filter/src/test/java/org/apache/druid/query/expressions/BloomFilterExpressionsTest.java,
druid,BloomFilterExpressionsTest.java,INSTANTIATION,BloomFilterExpressions.TestExprMacro,51,extensions-core/druid-bloom-filter/src/test/java/org/apache/druid/query/expressions/BloomFilterExpressionsTest.java,
druid,BloomFilterExpressionsTest.java,INSTANTIATION,BloomKFilter,56,extensions-core/druid-bloom-filter/src/test/java/org/apache/druid/query/expressions/BloomFilterExpressionsTest.java,import org.apache.druid.query.filter.BloomKFilter
druid,BloomKFilterTest.java,INSTANTIATION,BloomKFilter,41,extensions-core/druid-bloom-filter/src/test/java/org/apache/druid/query/filter/BloomKFilterTest.java,
druid,BloomKFilterTest.java,INSTANTIATION,BloomKFilter,105,extensions-core/druid-bloom-filter/src/test/java/org/apache/druid/query/filter/BloomKFilterTest.java,
druid,BloomKFilterTest.java,INSTANTIATION,BloomKFilter,164,extensions-core/druid-bloom-filter/src/test/java/org/apache/druid/query/filter/BloomKFilterTest.java,
druid,BloomKFilterTest.java,INSTANTIATION,BloomKFilter,221,extensions-core/druid-bloom-filter/src/test/java/org/apache/druid/query/filter/BloomKFilterTest.java,
druid,BloomKFilterTest.java,INSTANTIATION,BloomKFilter,278,extensions-core/druid-bloom-filter/src/test/java/org/apache/druid/query/filter/BloomKFilterTest.java,
druid,BloomKFilterTest.java,INSTANTIATION,BloomKFilter,336,extensions-core/druid-bloom-filter/src/test/java/org/apache/druid/query/filter/BloomKFilterTest.java,
druid,BloomKFilterTest.java,INSTANTIATION,BloomKFilter,394,extensions-core/druid-bloom-filter/src/test/java/org/apache/druid/query/filter/BloomKFilterTest.java,
druid,BloomKFilterTest.java,INSTANTIATION,BloomKFilter,451,extensions-core/druid-bloom-filter/src/test/java/org/apache/druid/query/filter/BloomKFilterTest.java,
druid,BloomKFilterTest.java,INSTANTIATION,BloomKFilter,452,extensions-core/druid-bloom-filter/src/test/java/org/apache/druid/query/filter/BloomKFilterTest.java,
druid,BloomKFilterTest.java,INSTANTIATION,BloomKFilter,511,extensions-core/druid-bloom-filter/src/test/java/org/apache/druid/query/filter/BloomKFilterTest.java,
druid,BloomKFilterTest.java,INSTANTIATION,BloomKFilter,512,extensions-core/druid-bloom-filter/src/test/java/org/apache/druid/query/filter/BloomKFilterTest.java,
druid,BloomKFilterTest.java,INSTANTIATION,BloomKFilter,513,extensions-core/druid-bloom-filter/src/test/java/org/apache/druid/query/filter/BloomKFilterTest.java,
druid,BloomDimFilterTest.java,IMPORT,import org.apache.druid.guice.BloomFilterSerializersModule,28,extensions-core/druid-bloom-filter/src/test/java/org/apache/druid/query/filter/BloomDimFilterTest.java,
druid,BloomDimFilterTest.java,INSTANTIATION,BloomFilterSerializersModule,117,extensions-core/druid-bloom-filter/src/test/java/org/apache/druid/query/filter/BloomDimFilterTest.java,import org.apache.druid.guice.BloomFilterSerializersModule
druid,BloomDimFilterTest.java,INSTANTIATION,BloomKFilter,129,extensions-core/druid-bloom-filter/src/test/java/org/apache/druid/query/filter/BloomDimFilterTest.java,
druid,BloomDimFilterTest.java,INSTANTIATION,BloomKFilterHolder,131,extensions-core/druid-bloom-filter/src/test/java/org/apache/druid/query/filter/BloomDimFilterTest.java,
druid,BloomDimFilterTest.java,INSTANTIATION,BloomDimFilter,132,extensions-core/druid-bloom-filter/src/test/java/org/apache/druid/query/filter/BloomDimFilterTest.java,
druid,BloomDimFilterTest.java,INSTANTIATION,BloomDimFilter,149,extensions-core/druid-bloom-filter/src/test/java/org/apache/druid/query/filter/BloomDimFilterTest.java,
druid,BloomDimFilterTest.java,INSTANTIATION,BloomDimFilter,154,extensions-core/druid-bloom-filter/src/test/java/org/apache/druid/query/filter/BloomDimFilterTest.java,
druid,BloomDimFilterTest.java,INSTANTIATION,BloomDimFilter,159,extensions-core/druid-bloom-filter/src/test/java/org/apache/druid/query/filter/BloomDimFilterTest.java,
druid,BloomDimFilterTest.java,INSTANTIATION,BloomDimFilter,164,extensions-core/druid-bloom-filter/src/test/java/org/apache/druid/query/filter/BloomDimFilterTest.java,
druid,BloomDimFilterTest.java,INSTANTIATION,BloomDimFilter,174,extensions-core/druid-bloom-filter/src/test/java/org/apache/druid/query/filter/BloomDimFilterTest.java,
druid,BloomDimFilterTest.java,INSTANTIATION,BloomDimFilter,175,extensions-core/druid-bloom-filter/src/test/java/org/apache/druid/query/filter/BloomDimFilterTest.java,
druid,BloomDimFilterTest.java,INSTANTIATION,BloomDimFilter,176,extensions-core/druid-bloom-filter/src/test/java/org/apache/druid/query/filter/BloomDimFilterTest.java,
druid,BloomDimFilterTest.java,INSTANTIATION,BloomDimFilter,177,extensions-core/druid-bloom-filter/src/test/java/org/apache/druid/query/filter/BloomDimFilterTest.java,
druid,BloomDimFilterTest.java,INSTANTIATION,BloomDimFilter,183,extensions-core/druid-bloom-filter/src/test/java/org/apache/druid/query/filter/BloomDimFilterTest.java,
druid,BloomDimFilterTest.java,INSTANTIATION,BloomDimFilter,184,extensions-core/druid-bloom-filter/src/test/java/org/apache/druid/query/filter/BloomDimFilterTest.java,
druid,BloomDimFilterTest.java,INSTANTIATION,BloomDimFilter,185,extensions-core/druid-bloom-filter/src/test/java/org/apache/druid/query/filter/BloomDimFilterTest.java,
druid,BloomDimFilterTest.java,INSTANTIATION,BloomDimFilter,186,extensions-core/druid-bloom-filter/src/test/java/org/apache/druid/query/filter/BloomDimFilterTest.java,
druid,BloomDimFilterTest.java,INSTANTIATION,BloomDimFilter,187,extensions-core/druid-bloom-filter/src/test/java/org/apache/druid/query/filter/BloomDimFilterTest.java,
druid,BloomDimFilterTest.java,INSTANTIATION,BloomDimFilter,188,extensions-core/druid-bloom-filter/src/test/java/org/apache/druid/query/filter/BloomDimFilterTest.java,
druid,BloomDimFilterTest.java,INSTANTIATION,BloomDimFilter,189,extensions-core/druid-bloom-filter/src/test/java/org/apache/druid/query/filter/BloomDimFilterTest.java,
druid,BloomDimFilterTest.java,INSTANTIATION,BloomDimFilter,190,extensions-core/druid-bloom-filter/src/test/java/org/apache/druid/query/filter/BloomDimFilterTest.java,
druid,BloomDimFilterTest.java,INSTANTIATION,BloomDimFilter,197,extensions-core/druid-bloom-filter/src/test/java/org/apache/druid/query/filter/BloomDimFilterTest.java,
druid,BloomDimFilterTest.java,INSTANTIATION,BloomDimFilter,201,extensions-core/druid-bloom-filter/src/test/java/org/apache/druid/query/filter/BloomDimFilterTest.java,
druid,BloomDimFilterTest.java,INSTANTIATION,BloomDimFilter,204,extensions-core/druid-bloom-filter/src/test/java/org/apache/druid/query/filter/BloomDimFilterTest.java,
druid,BloomDimFilterTest.java,INSTANTIATION,BloomDimFilter,205,extensions-core/druid-bloom-filter/src/test/java/org/apache/druid/query/filter/BloomDimFilterTest.java,
druid,BloomDimFilterTest.java,INSTANTIATION,BloomDimFilter,206,extensions-core/druid-bloom-filter/src/test/java/org/apache/druid/query/filter/BloomDimFilterTest.java,
druid,BloomDimFilterTest.java,INSTANTIATION,BloomDimFilter,207,extensions-core/druid-bloom-filter/src/test/java/org/apache/druid/query/filter/BloomDimFilterTest.java,
druid,BloomDimFilterTest.java,INSTANTIATION,BloomDimFilter,214,extensions-core/druid-bloom-filter/src/test/java/org/apache/druid/query/filter/BloomDimFilterTest.java,
druid,BloomDimFilterTest.java,INSTANTIATION,BloomDimFilter,217,extensions-core/druid-bloom-filter/src/test/java/org/apache/druid/query/filter/BloomDimFilterTest.java,
druid,BloomDimFilterTest.java,INSTANTIATION,BloomDimFilter,218,extensions-core/druid-bloom-filter/src/test/java/org/apache/druid/query/filter/BloomDimFilterTest.java,
druid,BloomDimFilterTest.java,INSTANTIATION,BloomDimFilter,219,extensions-core/druid-bloom-filter/src/test/java/org/apache/druid/query/filter/BloomDimFilterTest.java,
druid,BloomDimFilterTest.java,INSTANTIATION,BloomDimFilter,220,extensions-core/druid-bloom-filter/src/test/java/org/apache/druid/query/filter/BloomDimFilterTest.java,
druid,BloomDimFilterTest.java,INSTANTIATION,BloomDimFilter,227,extensions-core/druid-bloom-filter/src/test/java/org/apache/druid/query/filter/BloomDimFilterTest.java,
druid,BloomDimFilterTest.java,INSTANTIATION,BloomDimFilter,230,extensions-core/druid-bloom-filter/src/test/java/org/apache/druid/query/filter/BloomDimFilterTest.java,
druid,BloomDimFilterTest.java,INSTANTIATION,BloomDimFilter,231,extensions-core/druid-bloom-filter/src/test/java/org/apache/druid/query/filter/BloomDimFilterTest.java,
druid,BloomDimFilterTest.java,INSTANTIATION,BloomDimFilter,232,extensions-core/druid-bloom-filter/src/test/java/org/apache/druid/query/filter/BloomDimFilterTest.java,
druid,BloomDimFilterTest.java,INSTANTIATION,BloomDimFilter,233,extensions-core/druid-bloom-filter/src/test/java/org/apache/druid/query/filter/BloomDimFilterTest.java,
druid,BloomDimFilterTest.java,INSTANTIATION,BloomDimFilter,240,extensions-core/druid-bloom-filter/src/test/java/org/apache/druid/query/filter/BloomDimFilterTest.java,
druid,BloomDimFilterTest.java,INSTANTIATION,BloomDimFilter,243,extensions-core/druid-bloom-filter/src/test/java/org/apache/druid/query/filter/BloomDimFilterTest.java,
druid,BloomDimFilterTest.java,INSTANTIATION,BloomDimFilter,245,extensions-core/druid-bloom-filter/src/test/java/org/apache/druid/query/filter/BloomDimFilterTest.java,
druid,BloomDimFilterTest.java,INSTANTIATION,BloomDimFilter,249,extensions-core/druid-bloom-filter/src/test/java/org/apache/druid/query/filter/BloomDimFilterTest.java,
druid,BloomDimFilterTest.java,INSTANTIATION,BloomDimFilter,253,extensions-core/druid-bloom-filter/src/test/java/org/apache/druid/query/filter/BloomDimFilterTest.java,
druid,BloomDimFilterTest.java,INSTANTIATION,BloomDimFilter,256,extensions-core/druid-bloom-filter/src/test/java/org/apache/druid/query/filter/BloomDimFilterTest.java,
druid,BloomDimFilterTest.java,INSTANTIATION,BloomDimFilter,271,extensions-core/druid-bloom-filter/src/test/java/org/apache/druid/query/filter/BloomDimFilterTest.java,
druid,BloomDimFilterTest.java,INSTANTIATION,BloomDimFilter,273,extensions-core/druid-bloom-filter/src/test/java/org/apache/druid/query/filter/BloomDimFilterTest.java,
druid,BloomDimFilterTest.java,INSTANTIATION,BloomDimFilter,277,extensions-core/druid-bloom-filter/src/test/java/org/apache/druid/query/filter/BloomDimFilterTest.java,
druid,BloomDimFilterTest.java,INSTANTIATION,BloomDimFilter,279,extensions-core/druid-bloom-filter/src/test/java/org/apache/druid/query/filter/BloomDimFilterTest.java,
druid,BloomDimFilterTest.java,INSTANTIATION,BloomDimFilter,283,extensions-core/druid-bloom-filter/src/test/java/org/apache/druid/query/filter/BloomDimFilterTest.java,
druid,BloomDimFilterTest.java,INSTANTIATION,BloomDimFilter,285,extensions-core/druid-bloom-filter/src/test/java/org/apache/druid/query/filter/BloomDimFilterTest.java,
druid,BloomDimFilterTest.java,INSTANTIATION,BloomDimFilter,289,extensions-core/druid-bloom-filter/src/test/java/org/apache/druid/query/filter/BloomDimFilterTest.java,
druid,BloomDimFilterTest.java,INSTANTIATION,BloomDimFilter,291,extensions-core/druid-bloom-filter/src/test/java/org/apache/druid/query/filter/BloomDimFilterTest.java,
druid,BloomDimFilterTest.java,INSTANTIATION,BloomDimFilter,295,extensions-core/druid-bloom-filter/src/test/java/org/apache/druid/query/filter/BloomDimFilterTest.java,
druid,BloomDimFilterTest.java,INSTANTIATION,BloomDimFilter,297,extensions-core/druid-bloom-filter/src/test/java/org/apache/druid/query/filter/BloomDimFilterTest.java,
druid,BloomDimFilterTest.java,INSTANTIATION,BloomDimFilter,306,extensions-core/druid-bloom-filter/src/test/java/org/apache/druid/query/filter/BloomDimFilterTest.java,
druid,BloomDimFilterTest.java,INSTANTIATION,BloomDimFilter,314,extensions-core/druid-bloom-filter/src/test/java/org/apache/druid/query/filter/BloomDimFilterTest.java,
druid,BloomDimFilterTest.java,INSTANTIATION,BloomDimFilter,318,extensions-core/druid-bloom-filter/src/test/java/org/apache/druid/query/filter/BloomDimFilterTest.java,
druid,BloomDimFilterTest.java,INSTANTIATION,BloomKFilter,326,extensions-core/druid-bloom-filter/src/test/java/org/apache/druid/query/filter/BloomDimFilterTest.java,
druid,BloomDimFilterTest.java,INSTANTIATION,BloomDimFilter,332,extensions-core/druid-bloom-filter/src/test/java/org/apache/druid/query/filter/BloomDimFilterTest.java,
druid,BloomDimFilterTest.java,INSTANTIATION,BloomKFilter,422,extensions-core/druid-bloom-filter/src/test/java/org/apache/druid/query/filter/BloomDimFilterTest.java,
druid,BloomDimFilterTest.java,INSTANTIATION,BloomKFilter,436,extensions-core/druid-bloom-filter/src/test/java/org/apache/druid/query/filter/BloomDimFilterTest.java,
druid,BloomDimFilterTest.java,INSTANTIATION,BloomKFilter,449,extensions-core/druid-bloom-filter/src/test/java/org/apache/druid/query/filter/BloomDimFilterTest.java,
druid,BloomDimFilterTest.java,INSTANTIATION,BloomKFilter,462,extensions-core/druid-bloom-filter/src/test/java/org/apache/druid/query/filter/BloomDimFilterTest.java,
druid,BloomDimFilterTest.java,INSTANTIATION,BloomKFilter,475,extensions-core/druid-bloom-filter/src/test/java/org/apache/druid/query/filter/BloomDimFilterTest.java,
druid,BloomDimFilterSqlTest.java,IMPORT,import org.apache.druid.guice.BloomFilterExtensionModule,24,extensions-core/druid-bloom-filter/src/test/java/org/apache/druid/query/filter/sql/BloomDimFilterSqlTest.java,
druid,BloomDimFilterSqlTest.java,IMPORT,import org.apache.druid.guice.BloomFilterSerializersModule,25,extensions-core/druid-bloom-filter/src/test/java/org/apache/druid/query/filter/sql/BloomDimFilterSqlTest.java,
druid,BloomDimFilterSqlTest.java,IMPORT,import org.apache.druid.query.filter.BloomDimFilter,31,extensions-core/druid-bloom-filter/src/test/java/org/apache/druid/query/filter/sql/BloomDimFilterSqlTest.java,
druid,BloomDimFilterSqlTest.java,IMPORT,import org.apache.druid.query.filter.BloomKFilter,32,extensions-core/druid-bloom-filter/src/test/java/org/apache/druid/query/filter/sql/BloomDimFilterSqlTest.java,
druid,BloomDimFilterSqlTest.java,IMPORT,import org.apache.druid.query.filter.BloomKFilterHolder,33,extensions-core/druid-bloom-filter/src/test/java/org/apache/druid/query/filter/sql/BloomDimFilterSqlTest.java,
druid,BloomDimFilterSqlTest.java,IMPORT,import org.apache.druid.query.filter.sql.BloomDimFilterSqlTest.BloomDimFilterComponentSupplier,36,extensions-core/druid-bloom-filter/src/test/java/org/apache/druid/query/filter/sql/BloomDimFilterSqlTest.java,
druid,BloomDimFilterSqlTest.java,INSTANTIATION,BloomFilterExtensionModule,66,extensions-core/druid-bloom-filter/src/test/java/org/apache/druid/query/filter/sql/BloomDimFilterSqlTest.java,import org.apache.druid.guice.BloomFilterExtensionModule
druid,BloomDimFilterSqlTest.java,INSTANTIATION,BloomKFilter,74,extensions-core/druid-bloom-filter/src/test/java/org/apache/druid/query/filter/sql/BloomDimFilterSqlTest.java,import org.apache.druid.query.filter.BloomKFilterHolder
druid,BloomDimFilterSqlTest.java,INSTANTIATION,BloomDimFilter,87,extensions-core/druid-bloom-filter/src/test/java/org/apache/druid/query/filter/sql/BloomDimFilterSqlTest.java,import org.apache.druid.query.filter.sql.BloomDimFilterSqlTest.BloomDimFilterComponentSupplier
druid,BloomDimFilterSqlTest.java,INSTANTIATION,BloomKFilter,103,extensions-core/druid-bloom-filter/src/test/java/org/apache/druid/query/filter/sql/BloomDimFilterSqlTest.java,import org.apache.druid.query.filter.BloomKFilterHolder
druid,BloomDimFilterSqlTest.java,INSTANTIATION,BloomKFilter,142,extensions-core/druid-bloom-filter/src/test/java/org/apache/druid/query/filter/sql/BloomDimFilterSqlTest.java,import org.apache.druid.query.filter.BloomKFilterHolder
druid,BloomDimFilterSqlTest.java,INSTANTIATION,BloomDimFilter,156,extensions-core/druid-bloom-filter/src/test/java/org/apache/druid/query/filter/sql/BloomDimFilterSqlTest.java,import org.apache.druid.query.filter.sql.BloomDimFilterSqlTest.BloomDimFilterComponentSupplier
druid,BloomDimFilterSqlTest.java,INSTANTIATION,BloomKFilter,172,extensions-core/druid-bloom-filter/src/test/java/org/apache/druid/query/filter/sql/BloomDimFilterSqlTest.java,import org.apache.druid.query.filter.BloomKFilterHolder
druid,BloomDimFilterSqlTest.java,INSTANTIATION,BloomDimFilter,188,extensions-core/druid-bloom-filter/src/test/java/org/apache/druid/query/filter/sql/BloomDimFilterSqlTest.java,import org.apache.druid.query.filter.sql.BloomDimFilterSqlTest.BloomDimFilterComponentSupplier
druid,BloomDimFilterSqlTest.java,INSTANTIATION,BloomKFilter,203,extensions-core/druid-bloom-filter/src/test/java/org/apache/druid/query/filter/sql/BloomDimFilterSqlTest.java,import org.apache.druid.query.filter.BloomKFilterHolder
druid,BloomDimFilterSqlTest.java,INSTANTIATION,BloomKFilter,205,extensions-core/druid-bloom-filter/src/test/java/org/apache/druid/query/filter/sql/BloomDimFilterSqlTest.java,import org.apache.druid.query.filter.BloomKFilterHolder
druid,BloomDimFilterSqlTest.java,INSTANTIATION,BloomDimFilter,221,extensions-core/druid-bloom-filter/src/test/java/org/apache/druid/query/filter/sql/BloomDimFilterSqlTest.java,import org.apache.druid.query.filter.sql.BloomDimFilterSqlTest.BloomDimFilterComponentSupplier
druid,BloomDimFilterSqlTest.java,INSTANTIATION,BloomDimFilter,222,extensions-core/druid-bloom-filter/src/test/java/org/apache/druid/query/filter/sql/BloomDimFilterSqlTest.java,import org.apache.druid.query.filter.sql.BloomDimFilterSqlTest.BloomDimFilterComponentSupplier
druid,BloomDimFilterSqlTest.java,INSTANTIATION,BloomKFilter,239,extensions-core/druid-bloom-filter/src/test/java/org/apache/druid/query/filter/sql/BloomDimFilterSqlTest.java,import org.apache.druid.query.filter.BloomKFilterHolder
druid,BloomDimFilterSqlTest.java,INSTANTIATION,BloomDimFilter,251,extensions-core/druid-bloom-filter/src/test/java/org/apache/druid/query/filter/sql/BloomDimFilterSqlTest.java,import org.apache.druid.query.filter.sql.BloomDimFilterSqlTest.BloomDimFilterComponentSupplier
druid,BloomDimFilterSqlTest.java,INSTANTIATION,BloomKFilter,267,extensions-core/druid-bloom-filter/src/test/java/org/apache/druid/query/filter/sql/BloomDimFilterSqlTest.java,import org.apache.druid.query.filter.BloomKFilterHolder
druid,BloomDimFilterSqlTest.java,INSTANTIATION,BloomDimFilter,279,extensions-core/druid-bloom-filter/src/test/java/org/apache/druid/query/filter/sql/BloomDimFilterSqlTest.java,import org.apache.druid.query.filter.sql.BloomDimFilterSqlTest.BloomDimFilterComponentSupplier
druid,BloomDimFilterSqlTest.java,INSTANTIATION,BloomKFilter,295,extensions-core/druid-bloom-filter/src/test/java/org/apache/druid/query/filter/sql/BloomDimFilterSqlTest.java,import org.apache.druid.query.filter.BloomKFilterHolder
druid,DoubleBloomFilterAggregator.java,IMPORT,import org.apache.druid.query.filter.BloomKFilter,22,extensions-core/druid-bloom-filter/src/main/java/org/apache/druid/query/aggregation/bloom/DoubleBloomFilterAggregator.java,
druid,BloomFilterSerde.java,IMPORT,import org.apache.druid.guice.BloomFilterSerializersModule,22,extensions-core/druid-bloom-filter/src/main/java/org/apache/druid/query/aggregation/bloom/BloomFilterSerde.java,
druid,BloomFilterSerde.java,IMPORT,import org.apache.druid.query.filter.BloomKFilter,23,extensions-core/druid-bloom-filter/src/main/java/org/apache/druid/query/aggregation/bloom/BloomFilterSerde.java,
druid,BloomFilterSerde.java,INSTANTIATION,BloomFilterObjectStrategy,41,extensions-core/druid-bloom-filter/src/main/java/org/apache/druid/query/aggregation/bloom/BloomFilterSerde.java,
druid,LongBloomFilterAggregator.java,IMPORT,import org.apache.druid.query.filter.BloomKFilter,22,extensions-core/druid-bloom-filter/src/main/java/org/apache/druid/query/aggregation/bloom/LongBloomFilterAggregator.java,
druid,StringBloomFilterAggregator.java,IMPORT,import org.apache.druid.query.filter.BloomKFilter,22,extensions-core/druid-bloom-filter/src/main/java/org/apache/druid/query/aggregation/bloom/StringBloomFilterAggregator.java,
druid,FloatBloomFilterAggregator.java,IMPORT,import org.apache.druid.query.filter.BloomKFilter,22,extensions-core/druid-bloom-filter/src/main/java/org/apache/druid/query/aggregation/bloom/FloatBloomFilterAggregator.java,
druid,BaseBloomFilterAggregator.java,IMPORT,import org.apache.druid.query.filter.BloomKFilter,24,extensions-core/druid-bloom-filter/src/main/java/org/apache/druid/query/aggregation/bloom/BaseBloomFilterAggregator.java,
druid,BaseBloomFilterAggregator.java,INSTANTIATION,BloomKFilter,67,extensions-core/druid-bloom-filter/src/main/java/org/apache/druid/query/aggregation/bloom/BaseBloomFilterAggregator.java,import org.apache.druid.query.filter.BloomKFilter
druid,BaseBloomFilterAggregator.java,INSTANTIATION,BloomKFilter,82,extensions-core/druid-bloom-filter/src/main/java/org/apache/druid/query/aggregation/bloom/BaseBloomFilterAggregator.java,import org.apache.druid.query.filter.BloomKFilter
druid,BloomFilterMergeAggregatorFactory.java,INSTANTIATION,BloomFilterMergeAggregatorFactory,69,extensions-core/druid-bloom-filter/src/main/java/org/apache/druid/query/aggregation/bloom/BloomFilterMergeAggregatorFactory.java,
druid,BloomFilterMergeAggregatorFactory.java,INSTANTIATION,BloomFilterMergeAggregator,79,extensions-core/druid-bloom-filter/src/main/java/org/apache/druid/query/aggregation/bloom/BloomFilterMergeAggregatorFactory.java,
druid,BloomFilterAggregatorFactory.java,IMPORT,import org.apache.druid.guice.BloomFilterSerializersModule,24,extensions-core/druid-bloom-filter/src/main/java/org/apache/druid/query/aggregation/bloom/BloomFilterAggregatorFactory.java,
druid,BloomFilterAggregatorFactory.java,IMPORT,import org.apache.druid.query.filter.BloomKFilter,35,extensions-core/druid-bloom-filter/src/main/java/org/apache/druid/query/aggregation/bloom/BloomFilterAggregatorFactory.java,
druid,BloomFilterAggregatorFactory.java,INSTANTIATION,BloomFilterMergeAggregatorFactory,136,extensions-core/druid-bloom-filter/src/main/java/org/apache/druid/query/aggregation/bloom/BloomFilterAggregatorFactory.java,
druid,BloomFilterAggregatorFactory.java,INSTANTIATION,BloomFilterAggregatorFactory,207,extensions-core/druid-bloom-filter/src/main/java/org/apache/druid/query/aggregation/bloom/BloomFilterAggregatorFactory.java,
druid,BloomFilterAggregatorFactory.java,INSTANTIATION,NoopBloomFilterAggregator,253,extensions-core/druid-bloom-filter/src/main/java/org/apache/druid/query/aggregation/bloom/BloomFilterAggregatorFactory.java,
druid,BloomFilterAggregatorFactory.java,INSTANTIATION,StringBloomFilterAggregator,261,extensions-core/druid-bloom-filter/src/main/java/org/apache/druid/query/aggregation/bloom/BloomFilterAggregatorFactory.java,
druid,BloomFilterAggregatorFactory.java,INSTANTIATION,LongBloomFilterAggregator,267,extensions-core/druid-bloom-filter/src/main/java/org/apache/druid/query/aggregation/bloom/BloomFilterAggregatorFactory.java,
druid,BloomFilterAggregatorFactory.java,INSTANTIATION,FloatBloomFilterAggregator,273,extensions-core/druid-bloom-filter/src/main/java/org/apache/druid/query/aggregation/bloom/BloomFilterAggregatorFactory.java,
druid,BloomFilterAggregatorFactory.java,INSTANTIATION,DoubleBloomFilterAggregator,279,extensions-core/druid-bloom-filter/src/main/java/org/apache/druid/query/aggregation/bloom/BloomFilterAggregatorFactory.java,
druid,BloomFilterAggregatorFactory.java,INSTANTIATION,BloomFilterMergeAggregator,286,extensions-core/druid-bloom-filter/src/main/java/org/apache/druid/query/aggregation/bloom/BloomFilterAggregatorFactory.java,
druid,BloomFilterAggregatorFactory.java,INSTANTIATION,NoopBloomFilterAggregator,303,extensions-core/druid-bloom-filter/src/main/java/org/apache/druid/query/aggregation/bloom/BloomFilterAggregatorFactory.java,
druid,BloomFilterAggregatorFactory.java,INSTANTIATION,StringBloomFilterAggregator,305,extensions-core/druid-bloom-filter/src/main/java/org/apache/druid/query/aggregation/bloom/BloomFilterAggregatorFactory.java,
druid,BloomFilterAggregatorFactory.java,INSTANTIATION,ObjectBloomFilterAggregator,308,extensions-core/druid-bloom-filter/src/main/java/org/apache/druid/query/aggregation/bloom/BloomFilterAggregatorFactory.java,
druid,BloomFilterMergeAggregator.java,IMPORT,import org.apache.druid.query.filter.BloomKFilter,23,extensions-core/druid-bloom-filter/src/main/java/org/apache/druid/query/aggregation/bloom/BloomFilterMergeAggregator.java,
druid,ObjectBloomFilterAggregator.java,IMPORT,import org.apache.druid.query.filter.BloomKFilter,22,extensions-core/druid-bloom-filter/src/main/java/org/apache/druid/query/aggregation/bloom/ObjectBloomFilterAggregator.java,
druid,BloomFilterSqlAggregator.java,IMPORT,import org.apache.druid.query.aggregation.bloom.BloomFilterAggregatorFactory,32,extensions-core/druid-bloom-filter/src/main/java/org/apache/druid/query/aggregation/bloom/sql/BloomFilterSqlAggregator.java,
druid,BloomFilterSqlAggregator.java,INSTANTIATION,BloomFilterSqlAggFunction,53,extensions-core/druid-bloom-filter/src/main/java/org/apache/druid/query/aggregation/bloom/sql/BloomFilterSqlAggregator.java,
druid,BloomFilterSqlAggregator.java,INSTANTIATION,BloomFilterAggregatorFactory,159,extensions-core/druid-bloom-filter/src/main/java/org/apache/druid/query/aggregation/bloom/sql/BloomFilterSqlAggregator.java,import org.apache.druid.query.aggregation.bloom.BloomFilterAggregatorFactory
druid,BloomFilterExpressions.java,IMPORT,import org.apache.druid.guice.BloomFilterSerializersModule,22,extensions-core/druid-bloom-filter/src/main/java/org/apache/druid/query/expressions/BloomFilterExpressions.java,
druid,BloomFilterExpressions.java,IMPORT,import org.apache.druid.query.aggregation.bloom.BloomFilterAggregatorFactory,30,extensions-core/druid-bloom-filter/src/main/java/org/apache/druid/query/expressions/BloomFilterExpressions.java,
druid,BloomFilterExpressions.java,IMPORT,import org.apache.druid.query.filter.BloomKFilter,31,extensions-core/druid-bloom-filter/src/main/java/org/apache/druid/query/expressions/BloomFilterExpressions.java,
druid,BloomFilterExpressions.java,INSTANTIATION,BloomKFilter,80,extensions-core/druid-bloom-filter/src/main/java/org/apache/druid/query/expressions/BloomFilterExpressions.java,import org.apache.druid.query.filter.BloomKFilter
druid,BloomFilterExpressions.java,INSTANTIATION,BloomExpr,92,extensions-core/druid-bloom-filter/src/main/java/org/apache/druid/query/expressions/BloomFilterExpressions.java,
druid,BloomFilterExpressions.java,INSTANTIATION,BloomExpr,167,extensions-core/druid-bloom-filter/src/main/java/org/apache/druid/query/expressions/BloomFilterExpressions.java,
druid,BloomFilterExpressions.java,INSTANTIATION,BloomExpr,330,extensions-core/druid-bloom-filter/src/main/java/org/apache/druid/query/expressions/BloomFilterExpressions.java,
druid,BloomFilterExpressions.java,INSTANTIATION,DynamicBloomExpr,332,extensions-core/druid-bloom-filter/src/main/java/org/apache/druid/query/expressions/BloomFilterExpressions.java,
druid,BloomKFilter.java,INSTANTIATION,BloomKFilter,174,extensions-core/druid-bloom-filter/src/main/java/org/apache/druid/query/filter/BloomKFilter.java,
druid,BloomKFilter.java,INSTANTIATION,BloomKFilter,282,extensions-core/druid-bloom-filter/src/main/java/org/apache/druid/query/filter/BloomKFilter.java,
druid,BloomKFilterHolder.java,IMPORT,import org.apache.druid.guice.BloomFilterSerializersModule,24,extensions-core/druid-bloom-filter/src/main/java/org/apache/druid/query/filter/BloomKFilterHolder.java,
druid,BloomKFilterHolder.java,INSTANTIATION,BloomKFilterHolder,54,extensions-core/druid-bloom-filter/src/main/java/org/apache/druid/query/filter/BloomKFilterHolder.java,
druid,BloomKFilterHolder.java,INSTANTIATION,BloomKFilterHolder,59,extensions-core/druid-bloom-filter/src/main/java/org/apache/druid/query/filter/BloomKFilterHolder.java,
druid,BloomFilterOperatorConversion.java,IMPORT,import org.apache.druid.guice.BloomFilterSerializersModule,28,extensions-core/druid-bloom-filter/src/main/java/org/apache/druid/query/filter/sql/BloomFilterOperatorConversion.java,
druid,BloomFilterOperatorConversion.java,IMPORT,import org.apache.druid.query.expressions.BloomFilterExpressions,30,extensions-core/druid-bloom-filter/src/main/java/org/apache/druid/query/filter/sql/BloomFilterOperatorConversion.java,
druid,BloomFilterOperatorConversion.java,IMPORT,import org.apache.druid.query.filter.BloomDimFilter,31,extensions-core/druid-bloom-filter/src/main/java/org/apache/druid/query/filter/sql/BloomFilterOperatorConversion.java,
druid,BloomFilterOperatorConversion.java,IMPORT,import org.apache.druid.query.filter.BloomKFilter,32,extensions-core/druid-bloom-filter/src/main/java/org/apache/druid/query/filter/sql/BloomFilterOperatorConversion.java,
druid,BloomFilterOperatorConversion.java,IMPORT,import org.apache.druid.query.filter.BloomKFilterHolder,33,extensions-core/druid-bloom-filter/src/main/java/org/apache/druid/query/filter/sql/BloomFilterOperatorConversion.java,
druid,BloomFilterOperatorConversion.java,INSTANTIATION,BloomDimFilter,92,extensions-core/druid-bloom-filter/src/main/java/org/apache/druid/query/filter/sql/BloomFilterOperatorConversion.java,import org.apache.druid.query.filter.BloomDimFilter
druid,BloomFilterOperatorConversion.java,INSTANTIATION,BloomDimFilter,106,extensions-core/druid-bloom-filter/src/main/java/org/apache/druid/query/filter/sql/BloomFilterOperatorConversion.java,import org.apache.druid.query.filter.BloomDimFilter
druid,BloomFilterExtensionModule.java,IMPORT,import org.apache.druid.query.aggregation.bloom.sql.BloomFilterSqlAggregator,25,extensions-core/druid-bloom-filter/src/main/java/org/apache/druid/guice/BloomFilterExtensionModule.java,
druid,BloomFilterExtensionModule.java,IMPORT,import org.apache.druid.query.expressions.BloomFilterExpressions,26,extensions-core/druid-bloom-filter/src/main/java/org/apache/druid/guice/BloomFilterExtensionModule.java,
druid,BloomFilterExtensionModule.java,IMPORT,import org.apache.druid.query.filter.sql.BloomFilterOperatorConversion,27,extensions-core/druid-bloom-filter/src/main/java/org/apache/druid/guice/BloomFilterExtensionModule.java,
druid,BloomFilterExtensionModule.java,INSTANTIATION,BloomFilterSerializersModule,39,extensions-core/druid-bloom-filter/src/main/java/org/apache/druid/guice/BloomFilterExtensionModule.java,
druid,BloomFilterSerializersModule.java,IMPORT,import org.apache.druid.query.aggregation.bloom.BloomFilterAggregatorFactory,30,extensions-core/druid-bloom-filter/src/main/java/org/apache/druid/guice/BloomFilterSerializersModule.java,
druid,BloomFilterSerializersModule.java,IMPORT,import org.apache.druid.query.aggregation.bloom.BloomFilterSerde,31,extensions-core/druid-bloom-filter/src/main/java/org/apache/druid/guice/BloomFilterSerializersModule.java,
druid,BloomFilterSerializersModule.java,IMPORT,import org.apache.druid.query.filter.BloomDimFilter,32,extensions-core/druid-bloom-filter/src/main/java/org/apache/druid/guice/BloomFilterSerializersModule.java,
druid,BloomFilterSerializersModule.java,IMPORT,import org.apache.druid.query.filter.BloomKFilter,33,extensions-core/druid-bloom-filter/src/main/java/org/apache/druid/guice/BloomFilterSerializersModule.java,
druid,BloomFilterSerializersModule.java,IMPORT,import org.apache.druid.query.filter.BloomKFilterHolder,34,extensions-core/druid-bloom-filter/src/main/java/org/apache/druid/guice/BloomFilterSerializersModule.java,
druid,BloomFilterSerializersModule.java,INSTANTIATION,BloomKFilterSerializer,51,extensions-core/druid-bloom-filter/src/main/java/org/apache/druid/guice/BloomFilterSerializersModule.java,
druid,BloomFilterSerializersModule.java,INSTANTIATION,BloomKFilterDeserializer,52,extensions-core/druid-bloom-filter/src/main/java/org/apache/druid/guice/BloomFilterSerializersModule.java,
druid,BloomFilterSerializersModule.java,INSTANTIATION,BloomKFilterHolderDeserializer,53,extensions-core/druid-bloom-filter/src/main/java/org/apache/druid/guice/BloomFilterSerializersModule.java,
druid,BloomFilterSerializersModule.java,INSTANTIATION,BloomFilterSerde,55,extensions-core/druid-bloom-filter/src/main/java/org/apache/druid/guice/BloomFilterSerializersModule.java,import org.apache.druid.query.aggregation.bloom.BloomFilterSerde
druid,HllSketchAggregatorTest.java,IMPORT,import org.apache.druid.query.aggregation.hyperloglog.HyperUniquesAggregatorFactory,41,extensions-core/datasketches/src/test/java/org/apache/druid/query/aggregation/datasketches/hll/HllSketchAggregatorTest.java,
druid,ToObjectVectorColumnProcessorFactoryTest.java,IMPORT,import org.apache.druid.hll.HyperLogLogCollector,24,extensions-core/datasketches/src/test/java/org/apache/druid/query/aggregation/datasketches/util/ToObjectVectorColumnProcessorFactoryTest.java,
druid,DoublesSketchSqlAggregatorTest.java,IMPORT,import org.apache.druid.query.aggregation.hyperloglog.HyperUniqueFinalizingPostAggregator,50,extensions-core/datasketches/src/test/java/org/apache/druid/query/aggregation/datasketches/quantiles/sql/DoublesSketchSqlAggregatorTest.java,
druid,QueryableIndexColumnCapabilitiesTest.java,IMPORT,import org.apache.druid.query.aggregation.hyperloglog.HyperUniquesAggregatorFactory,39,processing/src/test/java/org/apache/druid/segment/QueryableIndexColumnCapabilitiesTest.java,
druid,SchemalessTestFullTest.java,IMPORT,import org.apache.druid.query.aggregation.hyperloglog.HyperUniquesAggregatorFactory,43,processing/src/test/java/org/apache/druid/segment/SchemalessTestFullTest.java,
druid,TestIndex.java,IMPORT,import org.apache.druid.query.aggregation.hyperloglog.HyperUniquesAggregatorFactory,59,processing/src/test/java/org/apache/druid/segment/TestIndex.java,
druid,TestIndex.java,IMPORT,import org.apache.druid.query.aggregation.hyperloglog.HyperUniquesSerde,60,processing/src/test/java/org/apache/druid/segment/TestIndex.java,
druid,QueryableIndexCursorFactoryTest.java,IMPORT,import org.apache.druid.hll.HyperLogLogCollector,22,processing/src/test/java/org/apache/druid/segment/QueryableIndexCursorFactoryTest.java,
druid,SchemalessIndexTest.java,IMPORT,import org.apache.druid.query.aggregation.hyperloglog.HyperUniquesAggregatorFactory,36,processing/src/test/java/org/apache/druid/segment/SchemalessIndexTest.java,
druid,SchemalessIndexTest.java,IMPORT,import org.apache.druid.query.aggregation.hyperloglog.HyperUniquesSerde,37,processing/src/test/java/org/apache/druid/segment/SchemalessIndexTest.java,
druid,SchemalessTestSimpleTest.java,IMPORT,import org.apache.druid.query.aggregation.hyperloglog.HyperUniquesAggregatorFactory,40,processing/src/test/java/org/apache/druid/segment/SchemalessTestSimpleTest.java,
druid,HyperUniquesSerdeForTest.java,IMPORT,import org.apache.druid.hll.HyperLogLogCollector,25,processing/src/test/java/org/apache/druid/segment/serde/HyperUniquesSerdeForTest.java,
druid,HyperUniquesSerdeForTest.java,INSTANTIATION,ObjectStrategy<HyperLogLogCollector>,107,processing/src/test/java/org/apache/druid/segment/serde/HyperUniquesSerdeForTest.java,
druid,ComplexMetricsTest.java,IMPORT,import org.apache.druid.query.aggregation.hyperloglog.HyperUniquesSerde,23,processing/src/test/java/org/apache/druid/segment/serde/ComplexMetricsTest.java,
druid,LargeColumnSupportedComplexColumnSerializerTest.java,IMPORT,import org.apache.druid.hll.HyperLogLogCollector,24,processing/src/test/java/org/apache/druid/segment/serde/LargeColumnSupportedComplexColumnSerializerTest.java,
druid,JoinTestHelper.java,IMPORT,import org.apache.druid.query.aggregation.hyperloglog.HyperUniquesAggregatorFactory,38,processing/src/test/java/org/apache/druid/segment/join/JoinTestHelper.java,
druid,SegmentGenerator.java,IMPORT,import org.apache.druid.query.aggregation.hyperloglog.HyperUniquesSerde,38,processing/src/test/java/org/apache/druid/segment/generator/SegmentGenerator.java,
druid,InvalidFilteringTest.java,IMPORT,import org.apache.druid.query.aggregation.hyperloglog.HyperUniquesAggregatorFactory,32,processing/src/test/java/org/apache/druid/segment/filter/InvalidFilteringTest.java,
druid,QueryRunnerTestHelper.java,IMPORT,import org.apache.druid.query.aggregation.hyperloglog.HyperUniqueFinalizingPostAggregator,50,processing/src/test/java/org/apache/druid/query/QueryRunnerTestHelper.java,
druid,QueryRunnerTestHelper.java,IMPORT,import org.apache.druid.query.aggregation.hyperloglog.HyperUniquesAggregatorFactory,51,processing/src/test/java/org/apache/druid/query/QueryRunnerTestHelper.java,
druid,SchemaEvolutionTest.java,IMPORT,import org.apache.druid.query.aggregation.hyperloglog.HyperUniquesAggregatorFactory,40,processing/src/test/java/org/apache/druid/query/SchemaEvolutionTest.java,
druid,ScanQueryRunnerTest.java,IMPORT,import org.apache.druid.hll.HyperLogLogCollector,33,processing/src/test/java/org/apache/druid/query/scan/ScanQueryRunnerTest.java,
druid,AggregatorFactoryTest.java,IMPORT,import org.apache.druid.query.aggregation.hyperloglog.HyperUniquesAggregatorFactory,39,processing/src/test/java/org/apache/druid/query/aggregation/AggregatorFactoryTest.java,
druid,MetricManipulatorFnsTest.java,IMPORT,import org.apache.druid.hll.HyperLogLogCollector,22,processing/src/test/java/org/apache/druid/query/aggregation/MetricManipulatorFnsTest.java,
druid,MetricManipulatorFnsTest.java,IMPORT,import org.apache.druid.query.aggregation.hyperloglog.HyperUniquesAggregatorFactory,24,processing/src/test/java/org/apache/druid/query/aggregation/MetricManipulatorFnsTest.java,
druid,ExpressionLambdaAggregatorFactoryTest.java,IMPORT,import org.apache.druid.query.aggregation.hyperloglog.HyperUniquesAggregatorFactory,30,processing/src/test/java/org/apache/druid/query/aggregation/ExpressionLambdaAggregatorFactoryTest.java,
druid,CardinalityVectorAggregatorTest.java,IMPORT,import org.apache.druid.hll.HyperLogLogCollector,22,processing/src/test/java/org/apache/druid/query/aggregation/cardinality/CardinalityVectorAggregatorTest.java,
druid,HyperUniqueFinalizingPostAggregatorTest.java,IMPORT,import org.apache.druid.hll.HyperLogLogCollector,25,processing/src/test/java/org/apache/druid/query/aggregation/hyperloglog/HyperUniqueFinalizingPostAggregatorTest.java,
druid,HyperUniquesAggregatorFactoryTest.java,IMPORT,import org.apache.druid.hll.HyperLogLogCollector,26,processing/src/test/java/org/apache/druid/query/aggregation/hyperloglog/HyperUniquesAggregatorFactoryTest.java,
druid,HyperUniquesAggregatorFactoryTest.java,IMPORT,import org.apache.druid.hll.VersionZeroHyperLogLogCollector,27,processing/src/test/java/org/apache/druid/query/aggregation/hyperloglog/HyperUniquesAggregatorFactoryTest.java,
druid,FinalizingFieldAccessPostAggregatorTest.java,IMPORT,import org.apache.druid.query.aggregation.hyperloglog.HyperUniquesAggregatorFactory,43,processing/src/test/java/org/apache/druid/query/aggregation/post/FinalizingFieldAccessPostAggregatorTest.java,
druid,GroupByQueryRunnerTest.java,IMPORT,import org.apache.druid.query.aggregation.hyperloglog.HyperUniqueFinalizingPostAggregator,84,processing/src/test/java/org/apache/druid/query/groupby/GroupByQueryRunnerTest.java,
druid,GroupByQueryRunnerTest.java,IMPORT,import org.apache.druid.query.aggregation.hyperloglog.HyperUniquesAggregatorFactory,85,processing/src/test/java/org/apache/druid/query/groupby/GroupByQueryRunnerTest.java,
druid,HyperUniqueExpressionsTest.java,IMPORT,import org.apache.druid.hll.HyperLogLogCollector,24,processing/src/test/java/org/apache/druid/query/expression/HyperUniqueExpressionsTest.java,
druid,TimeseriesQueryRunnerTest.java,IMPORT,import org.apache.druid.query.aggregation.hyperloglog.HyperUniquesAggregatorFactory,59,processing/src/test/java/org/apache/druid/query/timeseries/TimeseriesQueryRunnerTest.java,
druid,SegmentAnalyzerTest.java,IMPORT,import org.apache.druid.query.aggregation.hyperloglog.HyperUniquesAggregatorFactory,47,processing/src/test/java/org/apache/druid/query/metadata/SegmentAnalyzerTest.java,
druid,TopNQueryRunnerTest.java,IMPORT,import org.apache.druid.query.aggregation.hyperloglog.HyperUniqueFinalizingPostAggregator,69,processing/src/test/java/org/apache/druid/query/topn/TopNQueryRunnerTest.java,
druid,TopNQueryRunnerTest.java,IMPORT,import org.apache.druid.query.aggregation.hyperloglog.HyperUniquesAggregatorFactory,70,processing/src/test/java/org/apache/druid/query/topn/TopNQueryRunnerTest.java,
druid,TopNQueryQueryToolChestTest.java,IMPORT,import org.apache.druid.hll.HyperLogLogCollector,27,processing/src/test/java/org/apache/druid/query/topn/TopNQueryQueryToolChestTest.java,
druid,TopNQueryQueryToolChestTest.java,IMPORT,import org.apache.druid.query.aggregation.hyperloglog.HyperUniquesAggregatorFactory,54,processing/src/test/java/org/apache/druid/query/topn/TopNQueryQueryToolChestTest.java,
druid,FrameWriterTest.java,IMPORT,import org.apache.druid.query.aggregation.hyperloglog.HyperUniquesSerde,44,processing/src/test/java/org/apache/druid/frame/write/FrameWriterTest.java,
druid,FrameWriterTestData.java,IMPORT,import org.apache.druid.hll.HyperLogLogCollector,28,processing/src/test/java/org/apache/druid/frame/write/FrameWriterTestData.java,
druid,FrameWriterTestData.java,IMPORT,import org.apache.druid.query.aggregation.hyperloglog.HyperUniquesAggregatorFactory,30,processing/src/test/java/org/apache/druid/frame/write/FrameWriterTestData.java,
druid,ByteRowKeyComparatorTest.java,IMPORT,import org.apache.druid.hll.HyperLogLogCollector,26,processing/src/test/java/org/apache/druid/frame/key/ByteRowKeyComparatorTest.java,
druid,ByteRowKeyComparatorTest.java,IMPORT,import org.apache.druid.query.aggregation.hyperloglog.HyperUniquesAggregatorFactory,29,processing/src/test/java/org/apache/druid/frame/key/ByteRowKeyComparatorTest.java,
druid,ByteRowKeyComparatorTest.java,IMPORT,import org.apache.druid.query.aggregation.hyperloglog.HyperUniquesSerde,30,processing/src/test/java/org/apache/druid/frame/key/ByteRowKeyComparatorTest.java,
druid,RowKeyComparatorTest.java,IMPORT,import org.apache.druid.query.aggregation.hyperloglog.HyperUniquesSerde,26,processing/src/test/java/org/apache/druid/frame/key/RowKeyComparatorTest.java,
druid,GeneratorBasicSchemas.java,IMPORT,import org.apache.druid.query.aggregation.hyperloglog.HyperUniquesAggregatorFactory,32,processing/src/main/java/org/apache/druid/segment/generator/GeneratorBasicSchemas.java,
druid,HyperLogLogHash.java,INSTANTIATION,HyperLogLogHash,39,processing/src/main/java/org/apache/druid/hll/HyperLogLogHash.java,
druid,HyperLogLogCollector.java,INSTANTIATION,VersionOneHyperLogLogCollector,96,processing/src/main/java/org/apache/druid/hll/HyperLogLogCollector.java,
druid,HyperLogLogCollector.java,INSTANTIATION,VersionZeroHyperLogLogCollector,114,processing/src/main/java/org/apache/druid/hll/HyperLogLogCollector.java,
druid,HyperLogLogCollector.java,INSTANTIATION,VersionOneHyperLogLogCollector,116,processing/src/main/java/org/apache/druid/hll/HyperLogLogCollector.java,
druid,HyperLogLogCollectorAggregateCombiner.java,IMPORT,import org.apache.druid.hll.HyperLogLogCollector,22,processing/src/main/java/org/apache/druid/query/aggregation/cardinality/HyperLogLogCollectorAggregateCombiner.java,
druid,CardinalityAggregatorFactory.java,IMPORT,import org.apache.druid.hll.HyperLogLogCollector,28,processing/src/main/java/org/apache/druid/query/aggregation/cardinality/CardinalityAggregatorFactory.java,
druid,CardinalityAggregatorFactory.java,IMPORT,import org.apache.druid.query.aggregation.hyperloglog.HyperUniquesAggregatorFactory,43,processing/src/main/java/org/apache/druid/query/aggregation/cardinality/CardinalityAggregatorFactory.java,
druid,CardinalityAggregatorFactory.java,INSTANTIATION,Comparator<HyperLogLogCollector>,201,processing/src/main/java/org/apache/druid/query/aggregation/cardinality/CardinalityAggregatorFactory.java,
druid,CardinalityAggregatorFactory.java,INSTANTIATION,HyperLogLogCollectorAggregateCombiner,226,processing/src/main/java/org/apache/druid/query/aggregation/cardinality/CardinalityAggregatorFactory.java,
druid,CardinalityBufferAggregator.java,IMPORT,import org.apache.druid.hll.HyperLogLogCollector,22,processing/src/main/java/org/apache/druid/query/aggregation/cardinality/CardinalityBufferAggregator.java,
druid,CardinalityBufferAggregator.java,IMPORT,import org.apache.druid.query.aggregation.hyperloglog.HyperUniquesBufferAggregator,27,processing/src/main/java/org/apache/druid/query/aggregation/cardinality/CardinalityBufferAggregator.java,
druid,CardinalityVectorAggregator.java,IMPORT,import org.apache.druid.query.aggregation.hyperloglog.HyperUniquesBufferAggregator,24,processing/src/main/java/org/apache/druid/query/aggregation/cardinality/CardinalityVectorAggregator.java,
druid,CardinalityAggregator.java,IMPORT,import org.apache.druid.hll.HyperLogLogCollector,26,processing/src/main/java/org/apache/druid/query/aggregation/cardinality/CardinalityAggregator.java,
druid,DoubleCardinalityVectorProcessor.java,IMPORT,import org.apache.druid.hll.HyperLogLogCollector,22,processing/src/main/java/org/apache/druid/query/aggregation/cardinality/vector/DoubleCardinalityVectorProcessor.java,
druid,StringObjectCardinalityVectorProcessor.java,IMPORT,import org.apache.druid.hll.HyperLogLogCollector,22,processing/src/main/java/org/apache/druid/query/aggregation/cardinality/vector/StringObjectCardinalityVectorProcessor.java,
druid,MultiValueStringCardinalityVectorProcessor.java,IMPORT,import org.apache.druid.hll.HyperLogLogCollector,22,processing/src/main/java/org/apache/druid/query/aggregation/cardinality/vector/MultiValueStringCardinalityVectorProcessor.java,
druid,LongCardinalityVectorProcessor.java,IMPORT,import org.apache.druid.hll.HyperLogLogCollector,22,processing/src/main/java/org/apache/druid/query/aggregation/cardinality/vector/LongCardinalityVectorProcessor.java,
druid,SingleValueStringCardinalityVectorProcessor.java,IMPORT,import org.apache.druid.hll.HyperLogLogCollector,22,processing/src/main/java/org/apache/druid/query/aggregation/cardinality/vector/SingleValueStringCardinalityVectorProcessor.java,
druid,FloatCardinalityVectorProcessor.java,IMPORT,import org.apache.druid.hll.HyperLogLogCollector,22,processing/src/main/java/org/apache/druid/query/aggregation/cardinality/vector/FloatCardinalityVectorProcessor.java,
druid,DoubleCardinalityAggregatorColumnSelectorStrategy.java,IMPORT,import org.apache.druid.hll.HyperLogLogCollector,23,processing/src/main/java/org/apache/druid/query/aggregation/cardinality/types/DoubleCardinalityAggregatorColumnSelectorStrategy.java,
druid,StringCardinalityAggregatorColumnSelectorStrategy.java,IMPORT,import org.apache.druid.hll.HyperLogLogCollector,23,processing/src/main/java/org/apache/druid/query/aggregation/cardinality/types/StringCardinalityAggregatorColumnSelectorStrategy.java,
druid,LongCardinalityAggregatorColumnSelectorStrategy.java,IMPORT,import org.apache.druid.hll.HyperLogLogCollector,23,processing/src/main/java/org/apache/druid/query/aggregation/cardinality/types/LongCardinalityAggregatorColumnSelectorStrategy.java,
druid,FloatCardinalityAggregatorColumnSelectorStrategy.java,IMPORT,import org.apache.druid.hll.HyperLogLogCollector,23,processing/src/main/java/org/apache/druid/query/aggregation/cardinality/types/FloatCardinalityAggregatorColumnSelectorStrategy.java,
druid,CardinalityAggregatorColumnSelectorStrategy.java,IMPORT,import org.apache.druid.hll.HyperLogLogCollector,23,processing/src/main/java/org/apache/druid/query/aggregation/cardinality/types/CardinalityAggregatorColumnSelectorStrategy.java,
druid,HyperUniquesSerde.java,IMPORT,import org.apache.druid.hll.HyperLogLogCollector,23,processing/src/main/java/org/apache/druid/query/aggregation/hyperloglog/HyperUniquesSerde.java,
druid,HyperUniquesSerde.java,IMPORT,import org.apache.druid.hll.HyperLogLogHash,24,processing/src/main/java/org/apache/druid/query/aggregation/hyperloglog/HyperUniquesSerde.java,
druid,HyperUniquesSerde.java,INSTANTIATION,ObjectStrategy<HyperLogLogCollector>,96,processing/src/main/java/org/apache/druid/query/aggregation/hyperloglog/HyperUniquesSerde.java,
druid,PreComputedHyperUniquesSerde.java,IMPORT,import org.apache.druid.hll.HyperLogLogCollector,23,processing/src/main/java/org/apache/druid/query/aggregation/hyperloglog/PreComputedHyperUniquesSerde.java,
druid,HyperUniquesAggregator.java,IMPORT,import org.apache.druid.hll.HyperLogLogCollector,22,processing/src/main/java/org/apache/druid/query/aggregation/hyperloglog/HyperUniquesAggregator.java,
druid,HyperUniquesBufferAggregator.java,IMPORT,import org.apache.druid.hll.HyperLogLogCollector,22,processing/src/main/java/org/apache/druid/query/aggregation/hyperloglog/HyperUniquesBufferAggregator.java,
druid,HyperUniquesAggregatorFactory.java,IMPORT,import org.apache.druid.hll.HyperLogLogCollector,25,processing/src/main/java/org/apache/druid/query/aggregation/hyperloglog/HyperUniquesAggregatorFactory.java,
druid,HyperUniquesAggregatorFactory.java,IMPORT,import org.apache.druid.query.aggregation.cardinality.HyperLogLogCollectorAggregateCombiner,38,processing/src/main/java/org/apache/druid/query/aggregation/hyperloglog/HyperUniquesAggregatorFactory.java,
druid,HyperUniquesAggregatorFactory.java,INSTANTIATION,HyperLogLogCollectorAggregateCombiner,185,processing/src/main/java/org/apache/druid/query/aggregation/hyperloglog/HyperUniquesAggregatorFactory.java,import org.apache.druid.query.aggregation.cardinality.HyperLogLogCollectorAggregateCombiner
druid,HyperUniquesVectorAggregator.java,IMPORT,import org.apache.druid.hll.HyperLogLogCollector,23,processing/src/main/java/org/apache/druid/query/aggregation/hyperloglog/HyperUniquesVectorAggregator.java,
druid,HyperUniqueExpressions.java,IMPORT,import org.apache.druid.hll.HyperLogLogCollector,22,processing/src/main/java/org/apache/druid/query/expression/HyperUniqueExpressions.java,
druid,HyperUniqueExpressions.java,IMPORT,import org.apache.druid.query.aggregation.hyperloglog.HyperUniquesAggregatorFactory,30,processing/src/main/java/org/apache/druid/query/expression/HyperUniqueExpressions.java,
druid,AggregatorsModule.java,IMPORT,import org.apache.druid.query.aggregation.hyperloglog.HyperUniqueFinalizingPostAggregator,62,processing/src/main/java/org/apache/druid/jackson/AggregatorsModule.java,
druid,AggregatorsModule.java,IMPORT,import org.apache.druid.query.aggregation.hyperloglog.HyperUniquesAggregatorFactory,63,processing/src/main/java/org/apache/druid/jackson/AggregatorsModule.java,
druid,AggregatorsModule.java,IMPORT,import org.apache.druid.query.aggregation.hyperloglog.HyperUniquesSerde,64,processing/src/main/java/org/apache/druid/jackson/AggregatorsModule.java,
druid,AggregatorsModule.java,IMPORT,import org.apache.druid.query.aggregation.hyperloglog.PreComputedHyperUniquesSerde,65,processing/src/main/java/org/apache/druid/jackson/AggregatorsModule.java,
druid,CoordinatorSegmentMetadataCacheTest.java,IMPORT,import org.apache.druid.query.aggregation.hyperloglog.HyperUniquesAggregatorFactory,56,server/src/test/java/org/apache/druid/segment/metadata/CoordinatorSegmentMetadataCacheTest.java,
druid,SegmentMetadataCacheTestBase.java,IMPORT,import org.apache.druid.query.aggregation.hyperloglog.HyperUniquesAggregatorFactory,38,server/src/test/java/org/apache/druid/segment/metadata/SegmentMetadataCacheTestBase.java,
druid,NumFoo.java,IMPORT,import org.apache.druid.query.aggregation.hyperloglog.HyperUniquesAggregatorFactory,35,server/src/test/java/org/apache/druid/sql/calcite/util/datasets/NumFoo.java,
druid,CalciteCatalogIngestionDmlTest.java,IMPORT,import org.apache.druid.query.aggregation.hyperloglog.HyperUniquesAggregatorFactory,48,sql/src/test/java/org/apache/druid/sql/calcite/CalciteCatalogIngestionDmlTest.java,
druid,CalciteIngestionDmlTest.java,IMPORT,import org.apache.druid.query.aggregation.hyperloglog.HyperUniquesAggregatorFactory,49,sql/src/test/java/org/apache/druid/sql/calcite/CalciteIngestionDmlTest.java,
druid,CalciteCorrelatedQueryTest.java,IMPORT,import org.apache.druid.query.aggregation.hyperloglog.HyperUniqueFinalizingPostAggregator,36,sql/src/test/java/org/apache/druid/sql/calcite/CalciteCorrelatedQueryTest.java,
druid,CalciteQueryTest.java,IMPORT,import org.apache.druid.query.aggregation.hyperloglog.HyperUniqueFinalizingPostAggregator,83,sql/src/test/java/org/apache/druid/sql/calcite/CalciteQueryTest.java,
druid,CalciteQueryTest.java,IMPORT,import org.apache.druid.query.aggregation.hyperloglog.HyperUniquesAggregatorFactory,84,sql/src/test/java/org/apache/druid/sql/calcite/CalciteQueryTest.java,
druid,BrokerSegmentMetadataCacheTest.java,IMPORT,import org.apache.druid.query.aggregation.hyperloglog.HyperUniquesAggregatorFactory,51,sql/src/test/java/org/apache/druid/sql/calcite/schema/BrokerSegmentMetadataCacheTest.java,
druid,SystemSchemaTest.java,IMPORT,import org.apache.druid.query.aggregation.hyperloglog.HyperUniquesAggregatorFactory,81,sql/src/test/java/org/apache/druid/sql/calcite/schema/SystemSchemaTest.java,
druid,TestDataBuilder.java,IMPORT,import org.apache.druid.query.aggregation.hyperloglog.HyperUniquesAggregatorFactory,65,sql/src/test/java/org/apache/druid/sql/calcite/util/TestDataBuilder.java,
druid,BuiltinApproxCountDistinctSqlAggregator.java,IMPORT,import org.apache.druid.query.aggregation.hyperloglog.HyperUniqueFinalizingPostAggregator,38,sql/src/main/java/org/apache/druid/sql/calcite/aggregation/builtin/BuiltinApproxCountDistinctSqlAggregator.java,
druid,BuiltinApproxCountDistinctSqlAggregator.java,IMPORT,import org.apache.druid.query.aggregation.hyperloglog.HyperUniquesAggregatorFactory,39,sql/src/main/java/org/apache/druid/sql/calcite/aggregation/builtin/BuiltinApproxCountDistinctSqlAggregator.java,
druid,Bitmap64ExactCountSqlAggregatorTest.java,IMPORT,import org.apache.druid.query.aggregation.hyperloglog.HyperUniquesAggregatorFactory,31,extensions-contrib/druid-exact-count-bitmap/src/test/java/org/apache/druid/query/aggregation/exact/count/bitmap64/sql/Bitmap64ExactCountSqlAggregatorTest.java,
druid,FilteredAggregatorBenchmark.java,IMPORT,import org.apache.druid.query.aggregation.hyperloglog.HyperUniquesSerde,44,benchmarks/src/test/java/org/apache/druid/benchmark/FilteredAggregatorBenchmark.java,
druid,FilterPartitionBenchmark.java,IMPORT,import org.apache.druid.query.aggregation.hyperloglog.HyperUniquesSerde,29,benchmarks/src/test/java/org/apache/druid/benchmark/FilterPartitionBenchmark.java,
druid,TopNTypeInterfaceBenchmark.java,IMPORT,import org.apache.druid.query.aggregation.hyperloglog.HyperUniquesAggregatorFactory,44,benchmarks/src/test/java/org/apache/druid/benchmark/TopNTypeInterfaceBenchmark.java,
druid,TopNTypeInterfaceBenchmark.java,IMPORT,import org.apache.druid.query.aggregation.hyperloglog.HyperUniquesSerde,45,benchmarks/src/test/java/org/apache/druid/benchmark/TopNTypeInterfaceBenchmark.java,
druid,GroupByTypeInterfaceBenchmark.java,IMPORT,import org.apache.druid.query.aggregation.hyperloglog.HyperUniquesSerde,49,benchmarks/src/test/java/org/apache/druid/benchmark/GroupByTypeInterfaceBenchmark.java,
druid,IncrementalIndexReadBenchmark.java,IMPORT,import org.apache.druid.query.aggregation.hyperloglog.HyperUniquesSerde,24,benchmarks/src/test/java/org/apache/druid/benchmark/indexing/IncrementalIndexReadBenchmark.java,
druid,IndexPersistBenchmark.java,IMPORT,import org.apache.druid.query.aggregation.hyperloglog.HyperUniquesSerde,28,benchmarks/src/test/java/org/apache/druid/benchmark/indexing/IndexPersistBenchmark.java,
druid,IndexIngestionBenchmark.java,IMPORT,import org.apache.druid.query.aggregation.hyperloglog.HyperUniquesSerde,25,benchmarks/src/test/java/org/apache/druid/benchmark/indexing/IndexIngestionBenchmark.java,
druid,IndexMergeBenchmark.java,IMPORT,import org.apache.druid.query.aggregation.hyperloglog.HyperUniquesSerde,28,benchmarks/src/test/java/org/apache/druid/benchmark/indexing/IndexMergeBenchmark.java,
druid,ScanBenchmark.java,IMPORT,import org.apache.druid.query.aggregation.hyperloglog.HyperUniquesSerde,45,benchmarks/src/test/java/org/apache/druid/benchmark/query/ScanBenchmark.java,
druid,SearchBenchmark.java,IMPORT,import org.apache.druid.query.aggregation.hyperloglog.HyperUniquesSerde,44,benchmarks/src/test/java/org/apache/druid/benchmark/query/SearchBenchmark.java,
druid,TopNBenchmark.java,IMPORT,import org.apache.druid.query.aggregation.hyperloglog.HyperUniquesAggregatorFactory,44,benchmarks/src/test/java/org/apache/druid/benchmark/query/TopNBenchmark.java,
druid,TopNBenchmark.java,IMPORT,import org.apache.druid.query.aggregation.hyperloglog.HyperUniquesSerde,45,benchmarks/src/test/java/org/apache/druid/benchmark/query/TopNBenchmark.java,
druid,GroupByBenchmark.java,IMPORT,import org.apache.druid.query.aggregation.hyperloglog.HyperUniquesSerde,58,benchmarks/src/test/java/org/apache/druid/benchmark/query/GroupByBenchmark.java,
druid,TimeseriesBenchmark.java,IMPORT,import org.apache.druid.query.aggregation.hyperloglog.HyperUniquesAggregatorFactory,45,benchmarks/src/test/java/org/apache/druid/benchmark/query/TimeseriesBenchmark.java,
druid,TimeseriesBenchmark.java,IMPORT,import org.apache.druid.query.aggregation.hyperloglog.HyperUniquesSerde,46,benchmarks/src/test/java/org/apache/druid/benchmark/query/TimeseriesBenchmark.java,
druid,TimeCompareBenchmark.java,IMPORT,import org.apache.druid.query.aggregation.hyperloglog.HyperUniquesSerde,50,benchmarks/src/test/java/org/apache/druid/benchmark/query/timecompare/TimeCompareBenchmark.java,
druid,DruidSegmentReaderTest.java,IMPORT,import org.apache.druid.hll.HyperLogLogCollector,39,indexing-service/src/test/java/org/apache/druid/indexing/input/DruidSegmentReaderTest.java,
druid,DruidSegmentReaderTest.java,IMPORT,import org.apache.druid.hll.HyperLogLogHash,40,indexing-service/src/test/java/org/apache/druid/indexing/input/DruidSegmentReaderTest.java,
druid,DruidSegmentReaderTest.java,IMPORT,import org.apache.druid.query.aggregation.hyperloglog.HyperUniquesAggregatorFactory,50,indexing-service/src/test/java/org/apache/druid/indexing/input/DruidSegmentReaderTest.java,
druid,DimensionCardinalityReportTest.java,IMPORT,import org.apache.druid.hll.HyperLogLogCollector,27,indexing-service/src/test/java/org/apache/druid/indexing/common/task/batch/parallel/DimensionCardinalityReportTest.java,
druid,IndexTask.java,IMPORT,import org.apache.druid.hll.HyperLogLogCollector,39,indexing-service/src/main/java/org/apache/druid/indexing/common/task/IndexTask.java,
druid,PartialDimensionDistributionTask.java,IMPORT,import com.google.common.hash.BloomFilter,30,indexing-service/src/main/java/org/apache/druid/indexing/common/task/batch/parallel/PartialDimensionDistributionTask.java,
flink,BatchApproxCountDistinctAggFunctionTest.java,IMPORT,import org.apache.flink.table.runtime.functions.aggregate.hyperloglog.HllBuffer,39,flink-table/flink-table-planner/src/test/java/org/apache/flink/table/planner/functions/aggfunctions/BatchApproxCountDistinctAggFunctionTest.java,
flink,HyperLogLogPlusPlusTest.java,IMPORT,import static org.apache.flink.table.runtime.functions.aggregate.hyperloglog.XXH64.DEFAULT_SEED,29,flink-table/flink-table-runtime/src/test/java/org/apache/flink/table/runtime/functions/aggregate/hyperloglog/HyperLogLogPlusPlusTest.java,
flink,HyperLogLogPlusPlusTest.java,IMPORT,import static org.apache.flink.table.runtime.functions.aggregate.hyperloglog.XXH64.hashInt,30,flink-table/flink-table-runtime/src/test/java/org/apache/flink/table/runtime/functions/aggregate/hyperloglog/HyperLogLogPlusPlusTest.java,
flink,HyperLogLogPlusPlusTest.java,IMPORT,import static org.apache.flink.table.runtime.functions.aggregate.hyperloglog.XXH64.hashLong,31,flink-table/flink-table-runtime/src/test/java/org/apache/flink/table/runtime/functions/aggregate/hyperloglog/HyperLogLogPlusPlusTest.java,
flink,HyperLogLogPlusPlusTest.java,INSTANTIATION,HyperLogLogPlusPlus,40,flink-table/flink-table-runtime/src/test/java/org/apache/flink/table/runtime/functions/aggregate/hyperloglog/HyperLogLogPlusPlusTest.java,
flink,HyperLogLogPlusPlusTest.java,INSTANTIATION,HyperLogLogPlusPlus,49,flink-table/flink-table-runtime/src/test/java/org/apache/flink/table/runtime/functions/aggregate/hyperloglog/HyperLogLogPlusPlusTest.java,
flink,HyperLogLogPlusPlusTest.java,INSTANTIATION,HyperLogLogPlusPlus,67,flink-table/flink-table-runtime/src/test/java/org/apache/flink/table/runtime/functions/aggregate/hyperloglog/HyperLogLogPlusPlusTest.java,
flink,HyperLogLogPlusPlusTest.java,INSTANTIATION,HyperLogLogPlusPlus,122,flink-table/flink-table-runtime/src/test/java/org/apache/flink/table/runtime/functions/aggregate/hyperloglog/HyperLogLogPlusPlusTest.java,
flink,HyperLogLogPlusPlusTest.java,INSTANTIATION,HyperLogLogPlusPlus,134,flink-table/flink-table-runtime/src/test/java/org/apache/flink/table/runtime/functions/aggregate/hyperloglog/HyperLogLogPlusPlusTest.java,
flink,HyperLogLogPlusPlusTest.java,INSTANTIATION,HyperLogLogPlusPlus,149,flink-table/flink-table-runtime/src/test/java/org/apache/flink/table/runtime/functions/aggregate/hyperloglog/HyperLogLogPlusPlusTest.java,
flink,HyperLogLogPlusPlusTest.java,INSTANTIATION,HyperLogLogPlusPlus,169,flink-table/flink-table-runtime/src/test/java/org/apache/flink/table/runtime/functions/aggregate/hyperloglog/HyperLogLogPlusPlusTest.java,
flink,LocalRuntimeFilterBuilderOperatorTest.java,IMPORT,import org.apache.flink.runtime.operators.util.BloomFilter,24,flink-table/flink-table-runtime/src/test/java/org/apache/flink/table/runtime/operators/runtimefilter/LocalRuntimeFilterBuilderOperatorTest.java,
flink,GlobalRuntimeFilterBuilderOperatorTest.java,IMPORT,import org.apache.flink.runtime.operators.util.BloomFilter,23,flink-table/flink-table-runtime/src/test/java/org/apache/flink/table/runtime/operators/runtimefilter/GlobalRuntimeFilterBuilderOperatorTest.java,
flink,BatchApproxCountDistinctAggFunctions.java,IMPORT,import org.apache.flink.table.runtime.functions.aggregate.hyperloglog.HllBuffer,28,flink-table/flink-table-runtime/src/main/java/org/apache/flink/table/runtime/functions/aggregate/BatchApproxCountDistinctAggFunctions.java,
flink,BatchApproxCountDistinctAggFunctions.java,IMPORT,import org.apache.flink.table.runtime.functions.aggregate.hyperloglog.HyperLogLogPlusPlus,29,flink-table/flink-table-runtime/src/main/java/org/apache/flink/table/runtime/functions/aggregate/BatchApproxCountDistinctAggFunctions.java,
flink,BatchApproxCountDistinctAggFunctions.java,IMPORT,import static org.apache.flink.table.runtime.functions.aggregate.hyperloglog.XXH64.DEFAULT_SEED,48,flink-table/flink-table-runtime/src/main/java/org/apache/flink/table/runtime/functions/aggregate/BatchApproxCountDistinctAggFunctions.java,
flink,BatchApproxCountDistinctAggFunctions.java,IMPORT,import static org.apache.flink.table.runtime.functions.aggregate.hyperloglog.XXH64.hashInt,49,flink-table/flink-table-runtime/src/main/java/org/apache/flink/table/runtime/functions/aggregate/BatchApproxCountDistinctAggFunctions.java,
flink,BatchApproxCountDistinctAggFunctions.java,IMPORT,import static org.apache.flink.table.runtime.functions.aggregate.hyperloglog.XXH64.hashLong,50,flink-table/flink-table-runtime/src/main/java/org/apache/flink/table/runtime/functions/aggregate/BatchApproxCountDistinctAggFunctions.java,
flink,BatchApproxCountDistinctAggFunctions.java,IMPORT,import static org.apache.flink.table.runtime.functions.aggregate.hyperloglog.XXH64.hashUnsafeBytes,51,flink-table/flink-table-runtime/src/main/java/org/apache/flink/table/runtime/functions/aggregate/BatchApproxCountDistinctAggFunctions.java,
flink,BatchApproxCountDistinctAggFunctions.java,INSTANTIATION,HyperLogLogPlusPlus,78,flink-table/flink-table-runtime/src/main/java/org/apache/flink/table/runtime/functions/aggregate/BatchApproxCountDistinctAggFunctions.java,import org.apache.flink.table.runtime.functions.aggregate.hyperloglog.HyperLogLogPlusPlus
flink,HashTableBloomFilter.java,IMPORT,import org.apache.flink.runtime.operators.util.BloomFilter,22,flink-table/flink-table-runtime/src/main/java/org/apache/flink/table/runtime/hashtable/HashTableBloomFilter.java,
flink,HashTableBloomFilter.java,INSTANTIATION,BloomFilter,45,flink-table/flink-table-runtime/src/main/java/org/apache/flink/table/runtime/hashtable/HashTableBloomFilter.java,import org.apache.flink.runtime.operators.util.BloomFilter
flink,BinaryHashBucketArea.java,INSTANTIATION,HashTableBloomFilter,631,flink-table/flink-table-runtime/src/main/java/org/apache/flink/table/runtime/hashtable/BinaryHashBucketArea.java,
flink,GlobalRuntimeFilterBuilderOperator.java,IMPORT,import org.apache.flink.runtime.operators.util.BloomFilter,21,flink-table/flink-table-runtime/src/main/java/org/apache/flink/table/runtime/operators/runtimefilter/GlobalRuntimeFilterBuilderOperator.java,
flink,LocalRuntimeFilterBuilderOperator.java,IMPORT,import org.apache.flink.runtime.operators.util.BloomFilter,21,flink-table/flink-table-runtime/src/main/java/org/apache/flink/table/runtime/operators/runtimefilter/LocalRuntimeFilterBuilderOperator.java,
flink,RuntimeFilterUtils.java,IMPORT,import org.apache.flink.runtime.operators.util.BloomFilter,22,flink-table/flink-table-runtime/src/main/java/org/apache/flink/table/runtime/operators/runtimefilter/util/RuntimeFilterUtils.java,
flink,RuntimeFilterUtils.java,INSTANTIATION,BloomFilter,41,flink-table/flink-table-runtime/src/main/java/org/apache/flink/table/runtime/operators/runtimefilter/util/RuntimeFilterUtils.java,import org.apache.flink.runtime.operators.util.BloomFilter
flink,BloomFilterTest.java,INSTANTIATION,BloomFilter,43,flink-runtime/src/test/java/org/apache/flink/runtime/operators/util/BloomFilterTest.java,
flink,BloomFilterTest.java,INSTANTIATION,BloomFilter,47,flink-runtime/src/test/java/org/apache/flink/runtime/operators/util/BloomFilterTest.java,
flink,BloomFilterTest.java,INSTANTIATION,BloomFilter,53,flink-runtime/src/test/java/org/apache/flink/runtime/operators/util/BloomFilterTest.java,
flink,BloomFilterTest.java,INSTANTIATION,BloomFilter,59,flink-runtime/src/test/java/org/apache/flink/runtime/operators/util/BloomFilterTest.java,
flink,BloomFilterTest.java,INSTANTIATION,BloomFilter,65,flink-runtime/src/test/java/org/apache/flink/runtime/operators/util/BloomFilterTest.java,
flink,BloomFilterTest.java,INSTANTIATION,BloomFilter,71,flink-runtime/src/test/java/org/apache/flink/runtime/operators/util/BloomFilterTest.java,
flink,BloomFilter.java,INSTANTIATION,BloomFilter,181,flink-runtime/src/main/java/org/apache/flink/runtime/operators/util/BloomFilter.java,
flink,MutableHashTable.java,IMPORT,import org.apache.flink.runtime.operators.util.BloomFilter,35,flink-runtime/src/main/java/org/apache/flink/runtime/operators/hash/MutableHashTable.java,
flink,MutableHashTable.java,INSTANTIATION,BloomFilter,861,flink-runtime/src/main/java/org/apache/flink/runtime/operators/hash/MutableHashTable.java,import org.apache.flink.runtime.operators.util.BloomFilter
flink,RocksDBStateBackendConfigTest.java,IMPORT,import org.rocksdb.BloomFilter,58,flink-state-backends/flink-statebackend-rocksdb/src/test/java/org/apache/flink/state/rocksdb/RocksDBStateBackendConfigTest.java,
flink,RocksDBResourceContainerTest.java,IMPORT,import org.rocksdb.BloomFilter,29,flink-state-backends/flink-statebackend-rocksdb/src/test/java/org/apache/flink/state/rocksdb/RocksDBResourceContainerTest.java,
flink,RocksDBResourceContainerTest.java,INSTANTIATION,BloomFilter,283,flink-state-backends/flink-statebackend-rocksdb/src/test/java/org/apache/flink/state/rocksdb/RocksDBResourceContainerTest.java,import org.rocksdb.BloomFilter
flink,RocksDBResourceContainer.java,IMPORT,import org.rocksdb.BloomFilter,31,flink-state-backends/flink-statebackend-rocksdb/src/main/java/org/apache/flink/state/rocksdb/RocksDBResourceContainer.java,
flink,RocksDBResourceContainer.java,INSTANTIATION,BloomFilter,304,flink-state-backends/flink-statebackend-rocksdb/src/main/java/org/apache/flink/state/rocksdb/RocksDBResourceContainer.java,import org.rocksdb.BloomFilter
flink,RocksDBResourceContainer.java,INSTANTIATION,BloomFilter,439,flink-state-backends/flink-statebackend-rocksdb/src/main/java/org/apache/flink/state/rocksdb/RocksDBResourceContainer.java,import org.rocksdb.BloomFilter
flink,ForStResourceContainerTest.java,IMPORT,import org.forstdb.BloomFilter,32,flink-state-backends/flink-statebackend-forst/src/test/java/org/apache/flink/state/forst/ForStResourceContainerTest.java,
flink,ForStResourceContainerTest.java,INSTANTIATION,BloomFilter,269,flink-state-backends/flink-statebackend-forst/src/test/java/org/apache/flink/state/forst/ForStResourceContainerTest.java,import org.forstdb.BloomFilter
flink,ForStStateBackendConfigTest.java,IMPORT,import org.forstdb.BloomFilter,50,flink-state-backends/flink-statebackend-forst/src/test/java/org/apache/flink/state/forst/ForStStateBackendConfigTest.java,
flink,ForStResourceContainer.java,IMPORT,import org.forstdb.BloomFilter,38,flink-state-backends/flink-statebackend-forst/src/main/java/org/apache/flink/state/forst/ForStResourceContainer.java,
flink,ForStResourceContainer.java,INSTANTIATION,BloomFilter,454,flink-state-backends/flink-statebackend-forst/src/main/java/org/apache/flink/state/forst/ForStResourceContainer.java,import org.forstdb.BloomFilter
flink,ForStResourceContainer.java,INSTANTIATION,BloomFilter,580,flink-state-backends/flink-statebackend-forst/src/main/java/org/apache/flink/state/forst/ForStResourceContainer.java,import org.forstdb.BloomFilter
flink,RocksDBArchiveStorage.java,IMPORT,import org.rocksdb.BloomFilter,30,flink-runtime-web/src/main/java/org/apache/flink/runtime/webmonitor/history/RocksDBArchiveStorage.java,
flink,RocksDBArchiveStorage.java,INSTANTIATION,BloomFilter,253,flink-runtime-web/src/main/java/org/apache/flink/runtime/webmonitor/history/RocksDBArchiveStorage.java,import org.rocksdb.BloomFilter
fluss,RocksDBResourceContainerTest.java,IMPORT,import org.rocksdb.BloomFilter,26,fluss-server/src/test/java/org/apache/fluss/server/kv/rocksdb/RocksDBResourceContainerTest.java,
fluss,RocksDBResourceContainer.java,IMPORT,import org.rocksdb.BloomFilter,30,fluss-server/src/main/java/org/apache/fluss/server/kv/rocksdb/RocksDBResourceContainer.java,
fluss,RocksDBResourceContainer.java,INSTANTIATION,BloomFilter,326,fluss-server/src/main/java/org/apache/fluss/server/kv/rocksdb/RocksDBResourceContainer.java,import org.rocksdb.BloomFilter
geaflow,DefaultGraphOptions.java,IMPORT,import org.rocksdb.BloomFilter,25,geaflow/geaflow-plugins/geaflow-store/geaflow-store-rocksdb/src/main/java/org/apache/geaflow/store/rocksdb/options/DefaultGraphOptions.java,
geaflow,DefaultGraphOptions.java,INSTANTIATION,BloomFilter,110,geaflow/geaflow-plugins/geaflow-store/geaflow-store-rocksdb/src/main/java/org/apache/geaflow/store/rocksdb/options/DefaultGraphOptions.java,import org.rocksdb.BloomFilter
gora,HBaseMapping.java,IMPORT,import org.apache.hadoop.hbase.regionserver.BloomType,34,gora-hbase/src/main/java/org/apache/gora/hbase/store/HBaseMapping.java,
gravitino,TestDataTypeTransformer.java,IMPORT,import io.trino.spi.type.HyperLogLogType,33,trino-connector/trino-connector/src/test/java/org/apache/gravitino/trino/connector/util/TestDataTypeTransformer.java,
gravitino,ClickHouseTableOperations.java,IMPORT,import static org.apache.gravitino.catalog.clickhouse.ClickHouseConstants.IndexConstants.DATA_SKIPPING_BLOOM_FILTER,21,catalogs-contrib/catalog-jdbc-clickhouse/src/main/java/org/apache/gravitino/catalog/clickhouse/operations/ClickHouseTableOperations.java,
gravitino,TestDorisCatalog.java,IMPORT,import static org.apache.gravitino.catalog.doris.DorisTablePropertiesMetadata.BLOOM_FILTER_COLUMNS,23,catalogs/catalog-jdbc-doris/src/test/java/org/apache/gravitino/catalog/doris/TestDorisCatalog.java,
gravitino,CatalogDoris3xIT.java,IMPORT,import static org.apache.gravitino.catalog.doris.DorisTablePropertiesMetadata.BLOOM_FILTER_COLUMNS,21,catalogs/catalog-jdbc-doris/src/test/java/org/apache/gravitino/catalog/doris/integration/test/CatalogDoris3xIT.java,
gravitino,CatalogDoris4xIT.java,IMPORT,import static org.apache.gravitino.catalog.doris.DorisTablePropertiesMetadata.BLOOM_FILTER_COLUMNS,21,catalogs/catalog-jdbc-doris/src/test/java/org/apache/gravitino/catalog/doris/integration/test/CatalogDoris4xIT.java,
gravitino,CatalogDorisIT.java,IMPORT,import static org.apache.gravitino.catalog.doris.DorisTablePropertiesMetadata.BLOOM_FILTER_COLUMNS,21,catalogs/catalog-jdbc-doris/src/test/java/org/apache/gravitino/catalog/doris/integration/test/CatalogDorisIT.java,
hadoop,TestBloomFilters.java,IMPORT,import org.apache.hadoop.util.bloom.BloomFilterCommonTester.BloomFilterTestStrategy,30,hadoop-common-project/hadoop-common/src/test/java/org/apache/hadoop/util/bloom/TestBloomFilters.java,
hadoop,TestBloomFilters.java,INSTANTIATION,DynamicBloomFilter,91,hadoop-common-project/hadoop-common/src/test/java/org/apache/hadoop/util/bloom/TestBloomFilters.java,
hadoop,TestBloomFilters.java,INSTANTIATION,CountingBloomFilter,109,hadoop-common-project/hadoop-common/src/test/java/org/apache/hadoop/util/bloom/TestBloomFilters.java,
hadoop,TestBloomFilters.java,INSTANTIATION,RetouchedBloomFilter,148,hadoop-common-project/hadoop-common/src/test/java/org/apache/hadoop/util/bloom/TestBloomFilters.java,
hadoop,TestBloomFilters.java,INSTANTIATION,RetouchedBloomFilter,153,hadoop-common-project/hadoop-common/src/test/java/org/apache/hadoop/util/bloom/TestBloomFilters.java,
hadoop,TestBloomFilters.java,INSTANTIATION,RetouchedBloomFilter,157,hadoop-common-project/hadoop-common/src/test/java/org/apache/hadoop/util/bloom/TestBloomFilters.java,
hadoop,TestBloomFilters.java,INSTANTIATION,RetouchedBloomFilter,161,hadoop-common-project/hadoop-common/src/test/java/org/apache/hadoop/util/bloom/TestBloomFilters.java,
hadoop,TestBloomFilters.java,INSTANTIATION,RetouchedBloomFilter,165,hadoop-common-project/hadoop-common/src/test/java/org/apache/hadoop/util/bloom/TestBloomFilters.java,
hadoop,TestBloomFilters.java,INSTANTIATION,RetouchedBloomFilter,169,hadoop-common-project/hadoop-common/src/test/java/org/apache/hadoop/util/bloom/TestBloomFilters.java,
hadoop,TestBloomFilters.java,INSTANTIATION,RetouchedBloomFilter,173,hadoop-common-project/hadoop-common/src/test/java/org/apache/hadoop/util/bloom/TestBloomFilters.java,
hadoop,TestBloomFilters.java,INSTANTIATION,BloomFilter,206,hadoop-common-project/hadoop-common/src/test/java/org/apache/hadoop/util/bloom/TestBloomFilters.java,import org.apache.hadoop.util.bloom.BloomFilterCommonTester.BloomFilterTestStrategy
hadoop,TestBloomFilters.java,INSTANTIATION,RetouchedBloomFilter,207,hadoop-common-project/hadoop-common/src/test/java/org/apache/hadoop/util/bloom/TestBloomFilters.java,
hadoop,TestBloomFilters.java,INSTANTIATION,BloomFilter,223,hadoop-common-project/hadoop-common/src/test/java/org/apache/hadoop/util/bloom/TestBloomFilters.java,import org.apache.hadoop.util.bloom.BloomFilterCommonTester.BloomFilterTestStrategy
hadoop,TestBloomFilters.java,INSTANTIATION,RetouchedBloomFilter,224,hadoop-common-project/hadoop-common/src/test/java/org/apache/hadoop/util/bloom/TestBloomFilters.java,
hadoop,TestBloomFilters.java,INSTANTIATION,BloomFilter,239,hadoop-common-project/hadoop-common/src/test/java/org/apache/hadoop/util/bloom/TestBloomFilters.java,import org.apache.hadoop.util.bloom.BloomFilterCommonTester.BloomFilterTestStrategy
hadoop,TestBloomFilters.java,INSTANTIATION,BloomFilter,249,hadoop-common-project/hadoop-common/src/test/java/org/apache/hadoop/util/bloom/TestBloomFilters.java,import org.apache.hadoop.util.bloom.BloomFilterCommonTester.BloomFilterTestStrategy
hadoop,BloomFilterCommonTester.java,INSTANTIATION,BloomFilterCommonTester<T>,59,hadoop-common-project/hadoop-common/src/test/java/org/apache/hadoop/util/bloom/BloomFilterCommonTester.java,
hadoop,BloomFilterCommonTester.java,INSTANTIATION,BloomFilter,128,hadoop-common-project/hadoop-common/src/test/java/org/apache/hadoop/util/bloom/BloomFilterCommonTester.java,
hadoop,BloomFilterCommonTester.java,INSTANTIATION,CountingBloomFilter,130,hadoop-common-project/hadoop-common/src/test/java/org/apache/hadoop/util/bloom/BloomFilterCommonTester.java,
hadoop,BloomFilterCommonTester.java,INSTANTIATION,RetouchedBloomFilter,132,hadoop-common-project/hadoop-common/src/test/java/org/apache/hadoop/util/bloom/BloomFilterCommonTester.java,
hadoop,BloomFilterCommonTester.java,INSTANTIATION,DynamicBloomFilter,134,hadoop-common-project/hadoop-common/src/test/java/org/apache/hadoop/util/bloom/BloomFilterCommonTester.java,
hadoop,TestBloomMapFile.java,INSTANTIATION,BloomMapFile.Writer,83,hadoop-common-project/hadoop-common/src/test/java/org/apache/hadoop/io/TestBloomMapFile.java,
hadoop,TestBloomMapFile.java,INSTANTIATION,BloomMapFile.Reader,94,hadoop-common-project/hadoop-common/src/test/java/org/apache/hadoop/io/TestBloomMapFile.java,
hadoop,TestBloomMapFile.java,INSTANTIATION,BloomMapFile.Writer,128,hadoop-common-project/hadoop-common/src/test/java/org/apache/hadoop/io/TestBloomMapFile.java,
hadoop,TestBloomMapFile.java,INSTANTIATION,BloomMapFile.Reader,136,hadoop-common-project/hadoop-common/src/test/java/org/apache/hadoop/io/TestBloomMapFile.java,
hadoop,TestBloomMapFile.java,INSTANTIATION,BloomMapFile.Writer,173,hadoop-common-project/hadoop-common/src/test/java/org/apache/hadoop/io/TestBloomMapFile.java,
hadoop,TestBloomMapFile.java,INSTANTIATION,BloomMapFile.Writer,196,hadoop-common-project/hadoop-common/src/test/java/org/apache/hadoop/io/TestBloomMapFile.java,
hadoop,TestBloomMapFile.java,INSTANTIATION,BloomMapFile.Reader,203,hadoop-common-project/hadoop-common/src/test/java/org/apache/hadoop/io/TestBloomMapFile.java,
hadoop,TestBloomMapFile.java,INSTANTIATION,BloomMapFile.Writer,224,hadoop-common-project/hadoop-common/src/test/java/org/apache/hadoop/io/TestBloomMapFile.java,
hadoop,TestBloomMapFile.java,INSTANTIATION,BloomMapFile.Reader,233,hadoop-common-project/hadoop-common/src/test/java/org/apache/hadoop/io/TestBloomMapFile.java,
hadoop,TestBloomMapFile.java,INSTANTIATION,BloomMapFile.Writer,260,hadoop-common-project/hadoop-common/src/test/java/org/apache/hadoop/io/TestBloomMapFile.java,
hadoop,TestBloomMapFile.java,INSTANTIATION,BloomMapFile.Writer,265,hadoop-common-project/hadoop-common/src/test/java/org/apache/hadoop/io/TestBloomMapFile.java,
hadoop,TestBloomMapFile.java,INSTANTIATION,BloomMapFile.Writer,270,hadoop-common-project/hadoop-common/src/test/java/org/apache/hadoop/io/TestBloomMapFile.java,
hadoop,TestBloomMapFile.java,INSTANTIATION,BloomMapFile.Writer,274,hadoop-common-project/hadoop-common/src/test/java/org/apache/hadoop/io/TestBloomMapFile.java,
hadoop,TestBloomMapFile.java,INSTANTIATION,BloomMapFile.Writer,279,hadoop-common-project/hadoop-common/src/test/java/org/apache/hadoop/io/TestBloomMapFile.java,
hadoop,TestBloomMapFile.java,INSTANTIATION,BloomMapFile.Writer,284,hadoop-common-project/hadoop-common/src/test/java/org/apache/hadoop/io/TestBloomMapFile.java,
hadoop,TestBloomMapFile.java,INSTANTIATION,BloomMapFile.Writer,288,hadoop-common-project/hadoop-common/src/test/java/org/apache/hadoop/io/TestBloomMapFile.java,
hadoop,DynamicBloomFilter.java,INSTANTIATION,BloomFilter,133,hadoop-common-project/hadoop-common/src/main/java/org/apache/hadoop/util/bloom/DynamicBloomFilter.java,
hadoop,DynamicBloomFilter.java,INSTANTIATION,BloomFilter,267,hadoop-common-project/hadoop-common/src/main/java/org/apache/hadoop/util/bloom/DynamicBloomFilter.java,
hadoop,DynamicBloomFilter.java,INSTANTIATION,BloomFilter,282,hadoop-common-project/hadoop-common/src/main/java/org/apache/hadoop/util/bloom/DynamicBloomFilter.java,
hadoop,BloomMapFile.java,IMPORT,import org.apache.hadoop.util.bloom.DynamicBloomFilter,33,hadoop-common-project/hadoop-common/src/main/java/org/apache/hadoop/io/BloomMapFile.java,
hadoop,BloomMapFile.java,IMPORT,import org.apache.hadoop.util.bloom.Filter,34,hadoop-common-project/hadoop-common/src/main/java/org/apache/hadoop/io/BloomMapFile.java,
hadoop,BloomMapFile.java,IMPORT,import org.apache.hadoop.util.bloom.Key,35,hadoop-common-project/hadoop-common/src/main/java/org/apache/hadoop/io/BloomMapFile.java,
hadoop,BloomMapFile.java,IMPORT,import static org.apache.hadoop.fs.CommonConfigurationKeysPublic.IO_MAPFILE_BLOOM_ERROR_RATE_DEFAULT,40,hadoop-common-project/hadoop-common/src/main/java/org/apache/hadoop/io/BloomMapFile.java,
hadoop,BloomMapFile.java,IMPORT,import static org.apache.hadoop.fs.CommonConfigurationKeysPublic.IO_MAPFILE_BLOOM_ERROR_RATE_KEY,41,hadoop-common-project/hadoop-common/src/main/java/org/apache/hadoop/io/BloomMapFile.java,
hadoop,BloomMapFile.java,IMPORT,import static org.apache.hadoop.fs.CommonConfigurationKeysPublic.IO_MAPFILE_BLOOM_SIZE_DEFAULT,42,hadoop-common-project/hadoop-common/src/main/java/org/apache/hadoop/io/BloomMapFile.java,
hadoop,BloomMapFile.java,IMPORT,import static org.apache.hadoop.fs.CommonConfigurationKeysPublic.IO_MAPFILE_BLOOM_SIZE_KEY,43,hadoop-common-project/hadoop-common/src/main/java/org/apache/hadoop/io/BloomMapFile.java,
hadoop,BloomMapFile.java,INSTANTIATION,DynamicBloomFilter,178,hadoop-common-project/hadoop-common/src/main/java/org/apache/hadoop/io/BloomMapFile.java,import org.apache.hadoop.util.bloom.DynamicBloomFilter
hadoop,BloomMapFile.java,INSTANTIATION,DynamicBloomFilter,244,hadoop-common-project/hadoop-common/src/main/java/org/apache/hadoop/io/BloomMapFile.java,import org.apache.hadoop.util.bloom.DynamicBloomFilter
hadoop,FlowRunTableRW.java,IMPORT,import org.apache.hadoop.hbase.regionserver.BloomType,27,hadoop-yarn-project/hadoop-yarn/hadoop-yarn-server/hadoop-yarn-server-timelineservice-hbase/hadoop-yarn-server-timelineservice-hbase-client/src/main/java/org/apache/hadoop/yarn/server/timelineservice/storage/flow/FlowRunTableRW.java,
hadoop,FlowActivityTableRW.java,IMPORT,import org.apache.hadoop.hbase.regionserver.BloomType,27,hadoop-yarn-project/hadoop-yarn/hadoop-yarn-server/hadoop-yarn-server-timelineservice-hbase/hadoop-yarn-server-timelineservice-hbase-client/src/main/java/org/apache/hadoop/yarn/server/timelineservice/storage/flow/FlowActivityTableRW.java,
hadoop,EntityTableRW.java,IMPORT,import org.apache.hadoop.hbase.regionserver.BloomType,27,hadoop-yarn-project/hadoop-yarn/hadoop-yarn-server/hadoop-yarn-server-timelineservice-hbase/hadoop-yarn-server-timelineservice-hbase-client/src/main/java/org/apache/hadoop/yarn/server/timelineservice/storage/entity/EntityTableRW.java,
hadoop,DomainTableRW.java,IMPORT,import org.apache.hadoop.hbase.regionserver.BloomType,28,hadoop-yarn-project/hadoop-yarn/hadoop-yarn-server/hadoop-yarn-server-timelineservice-hbase/hadoop-yarn-server-timelineservice-hbase-client/src/main/java/org/apache/hadoop/yarn/server/timelineservice/storage/domain/DomainTableRW.java,
hadoop,SubApplicationTableRW.java,IMPORT,import org.apache.hadoop.hbase.regionserver.BloomType,27,hadoop-yarn-project/hadoop-yarn/hadoop-yarn-server/hadoop-yarn-server-timelineservice-hbase/hadoop-yarn-server-timelineservice-hbase-client/src/main/java/org/apache/hadoop/yarn/server/timelineservice/storage/subapplication/SubApplicationTableRW.java,
hadoop,AppToFlowTableRW.java,IMPORT,import org.apache.hadoop.hbase.regionserver.BloomType,26,hadoop-yarn-project/hadoop-yarn/hadoop-yarn-server/hadoop-yarn-server-timelineservice-hbase/hadoop-yarn-server-timelineservice-hbase-client/src/main/java/org/apache/hadoop/yarn/server/timelineservice/storage/apptoflow/AppToFlowTableRW.java,
hadoop,ApplicationTableRW.java,IMPORT,import org.apache.hadoop.hbase.regionserver.BloomType,27,hadoop-yarn-project/hadoop-yarn/hadoop-yarn-server/hadoop-yarn-server-timelineservice-hbase/hadoop-yarn-server-timelineservice-hbase-client/src/main/java/org/apache/hadoop/yarn/server/timelineservice/storage/application/ApplicationTableRW.java,
hbase,ThriftUtilities.java,IMPORT,import org.apache.hadoop.hbase.regionserver.BloomType,38,hbase-thrift/src/main/java/org/apache/hadoop/hbase/thrift/ThriftUtilities.java,
hbase,ThriftUtilities.java,IMPORT,import org.apache.hadoop.hbase.regionserver.BloomType,74,hbase-thrift/src/main/java/org/apache/hadoop/hbase/thrift2/ThriftUtilities.java,
hbase,ThriftUtilities.java,IMPORT,import org.apache.hadoop.hbase.thrift2.generated.TBloomFilterType,80,hbase-thrift/src/main/java/org/apache/hadoop/hbase/thrift2/ThriftUtilities.java,
hbase,TestHFileOutputFormat2.java,IMPORT,import static org.apache.hadoop.hbase.regionserver.HStoreFile.BLOOM_FILTER_TYPE_KEY,20,hbase-mapreduce/src/test/java/org/apache/hadoop/hbase/mapreduce/TestHFileOutputFormat2.java,
hbase,TestHFileOutputFormat2.java,IMPORT,import org.apache.hadoop.hbase.regionserver.BloomType,89,hbase-mapreduce/src/test/java/org/apache/hadoop/hbase/mapreduce/TestHFileOutputFormat2.java,
hbase,HFileOutputFormat2.java,IMPORT,import org.apache.hadoop.hbase.regionserver.BloomType,75,hbase-mapreduce/src/main/java/org/apache/hadoop/hbase/mapreduce/HFileOutputFormat2.java,
hbase,HFileOutputFormat2.java,IMPORT,import org.apache.hadoop.hbase.util.BloomFilterUtil,79,hbase-mapreduce/src/main/java/org/apache/hadoop/hbase/mapreduce/HFileOutputFormat2.java,
hbase,HBaseTestingUtil.java,IMPORT,import org.apache.hadoop.hbase.regionserver.BloomType,110,hbase-server/src/test/java/org/apache/hadoop/hbase/HBaseTestingUtil.java,
hbase,TestCachedMobFile.java,IMPORT,import org.apache.hadoop.hbase.regionserver.BloomType,33,hbase-server/src/test/java/org/apache/hadoop/hbase/mob/TestCachedMobFile.java,
hbase,TestMobStoreCompaction.java,IMPORT,import org.apache.hadoop.hbase.regionserver.BloomType,61,hbase-server/src/test/java/org/apache/hadoop/hbase/mob/TestMobStoreCompaction.java,
hbase,TestMobFile.java,IMPORT,import org.apache.hadoop.hbase.regionserver.BloomType,34,hbase-server/src/test/java/org/apache/hadoop/hbase/mob/TestMobFile.java,
hbase,TestHFileLinkCleaner.java,IMPORT,import org.apache.hadoop.hbase.regionserver.BloomType,37,hbase-server/src/test/java/org/apache/hadoop/hbase/master/cleaner/TestHFileLinkCleaner.java,
hbase,TestHbckChore.java,IMPORT,import org.apache.hadoop.hbase.regionserver.BloomType,48,hbase-server/src/test/java/org/apache/hadoop/hbase/master/assignment/TestHbckChore.java,
hbase,MobSnapshotTestingUtils.java,IMPORT,import org.apache.hadoop.hbase.regionserver.BloomType,40,hbase-server/src/test/java/org/apache/hadoop/hbase/snapshot/MobSnapshotTestingUtils.java,
hbase,BulkLoadHFilesTestBase.java,IMPORT,import org.apache.hadoop.hbase.regionserver.BloomType,63,hbase-server/src/test/java/org/apache/hadoop/hbase/tool/BulkLoadHFilesTestBase.java,
hbase,TestBloomFilterChunk.java,INSTANTIATION,BloomFilterChunk,39,hbase-server/src/test/java/org/apache/hadoop/hbase/util/TestBloomFilterChunk.java,
hbase,TestBloomFilterChunk.java,INSTANTIATION,BloomFilterChunk,40,hbase-server/src/test/java/org/apache/hadoop/hbase/util/TestBloomFilterChunk.java,
hbase,TestBloomFilterChunk.java,INSTANTIATION,BloomFilterChunk,78,hbase-server/src/test/java/org/apache/hadoop/hbase/util/TestBloomFilterChunk.java,
hbase,TestBloomFilterChunk.java,INSTANTIATION,BloomFilterChunk,99,hbase-server/src/test/java/org/apache/hadoop/hbase/util/TestBloomFilterChunk.java,
hbase,TestBloomFilterChunk.java,INSTANTIATION,BloomFilterChunk,130,hbase-server/src/test/java/org/apache/hadoop/hbase/util/TestBloomFilterChunk.java,
hbase,TestTableDescriptorChecker.java,IMPORT,import org.apache.hadoop.hbase.regionserver.BloomType,29,hbase-server/src/test/java/org/apache/hadoop/hbase/util/TestTableDescriptorChecker.java,
hbase,TestFSTableDescriptors.java,IMPORT,import org.apache.hadoop.hbase.regionserver.BloomType,44,hbase-server/src/test/java/org/apache/hadoop/hbase/util/TestFSTableDescriptors.java,
hbase,TestBlockEvictionFromClient.java,IMPORT,import org.apache.hadoop.hbase.regionserver.BloomType,55,hbase-server/src/test/java/org/apache/hadoop/hbase/client/TestBlockEvictionFromClient.java,
hbase,TestSnapshotMetadata.java,IMPORT,import org.apache.hadoop.hbase.regionserver.BloomType,34,hbase-server/src/test/java/org/apache/hadoop/hbase/client/TestSnapshotMetadata.java,
hbase,VisibilityLabelsTestBase.java,IMPORT,import org.apache.hadoop.hbase.regionserver.BloomType,59,hbase-server/src/test/java/org/apache/hadoop/hbase/security/visibility/VisibilityLabelsTestBase.java,
hbase,TestScannerSelectionUsingKeyRange.java,IMPORT,import org.apache.hadoop.hbase.regionserver.BloomType,41,hbase-server/src/test/java/org/apache/hadoop/hbase/io/hfile/TestScannerSelectionUsingKeyRange.java,
hbase,TestSeekBeforeWithInlineBlocks.java,IMPORT,import org.apache.hadoop.hbase.regionserver.BloomType,35,hbase-server/src/test/java/org/apache/hadoop/hbase/io/hfile/TestSeekBeforeWithInlineBlocks.java,
hbase,TestSeekBeforeWithInlineBlocks.java,IMPORT,import org.apache.hadoop.hbase.util.BloomFilterFactory,39,hbase-server/src/test/java/org/apache/hadoop/hbase/io/hfile/TestSeekBeforeWithInlineBlocks.java,
hbase,TestSeekBeforeWithInlineBlocks.java,IMPORT,import org.apache.hadoop.hbase.util.BloomFilterUtil,40,hbase-server/src/test/java/org/apache/hadoop/hbase/io/hfile/TestSeekBeforeWithInlineBlocks.java,
hbase,TestBytesReadFromFs.java,IMPORT,import org.apache.hadoop.hbase.regionserver.BloomType,39,hbase-server/src/test/java/org/apache/hadoop/hbase/io/hfile/TestBytesReadFromFs.java,
hbase,TestBytesReadFromFs.java,IMPORT,import org.apache.hadoop.hbase.util.BloomFilter,46,hbase-server/src/test/java/org/apache/hadoop/hbase/io/hfile/TestBytesReadFromFs.java,
hbase,TestBytesReadFromFs.java,IMPORT,import org.apache.hadoop.hbase.util.BloomFilterFactory,47,hbase-server/src/test/java/org/apache/hadoop/hbase/io/hfile/TestBytesReadFromFs.java,
hbase,TestBytesReadFromFs.java,IMPORT,import org.apache.hadoop.hbase.util.BloomFilterUtil,48,hbase-server/src/test/java/org/apache/hadoop/hbase/io/hfile/TestBytesReadFromFs.java,
hbase,TestPrefetch.java,IMPORT,import org.apache.hadoop.hbase.regionserver.BloomType,67,hbase-server/src/test/java/org/apache/hadoop/hbase/io/hfile/TestPrefetch.java,
hbase,TestForceCacheImportantBlocks.java,IMPORT,import org.apache.hadoop.hbase.regionserver.BloomType,33,hbase-server/src/test/java/org/apache/hadoop/hbase/io/hfile/TestForceCacheImportantBlocks.java,
hbase,TestCacheOnWrite.java,IMPORT,import org.apache.hadoop.hbase.regionserver.BloomType,53,hbase-server/src/test/java/org/apache/hadoop/hbase/io/hfile/TestCacheOnWrite.java,
hbase,TestCacheOnWrite.java,IMPORT,import org.apache.hadoop.hbase.util.BloomFilterFactory,58,hbase-server/src/test/java/org/apache/hadoop/hbase/io/hfile/TestCacheOnWrite.java,
hbase,TestPrefetchWithBucketCache.java,IMPORT,import org.apache.hadoop.hbase.regionserver.BloomType,69,hbase-server/src/test/java/org/apache/hadoop/hbase/io/hfile/bucket/TestPrefetchWithBucketCache.java,
hbase,TestMultiColumnScanner.java,IMPORT,import org.apache.hadoop.hbase.util.BloomFilterUtil,51,hbase-server/src/test/java/org/apache/hadoop/hbase/regionserver/TestMultiColumnScanner.java,
hbase,TestHStore.java,IMPORT,import org.apache.hadoop.hbase.util.BloomFilterUtil,129,hbase-server/src/test/java/org/apache/hadoop/hbase/regionserver/TestHStore.java,
hbase,TestRowPrefixBloomFilter.java,IMPORT,import org.apache.hadoop.hbase.util.BloomFilterFactory,43,hbase-server/src/test/java/org/apache/hadoop/hbase/regionserver/TestRowPrefixBloomFilter.java,
hbase,TestRowPrefixBloomFilter.java,IMPORT,import org.apache.hadoop.hbase.util.BloomFilterUtil,44,hbase-server/src/test/java/org/apache/hadoop/hbase/regionserver/TestRowPrefixBloomFilter.java,
hbase,TestScanWithBloomError.java,IMPORT,import org.apache.hadoop.hbase.util.BloomFilterUtil,49,hbase-server/src/test/java/org/apache/hadoop/hbase/regionserver/TestScanWithBloomError.java,
hbase,TestCompoundBloomFilter.java,IMPORT,import org.apache.hadoop.hbase.io.hfile.CompoundBloomFilter,44,hbase-server/src/test/java/org/apache/hadoop/hbase/regionserver/TestCompoundBloomFilter.java,
hbase,TestCompoundBloomFilter.java,IMPORT,import org.apache.hadoop.hbase.io.hfile.CompoundBloomFilterWriter,45,hbase-server/src/test/java/org/apache/hadoop/hbase/regionserver/TestCompoundBloomFilter.java,
hbase,TestCompoundBloomFilter.java,IMPORT,import org.apache.hadoop.hbase.util.BloomFilterFactory,52,hbase-server/src/test/java/org/apache/hadoop/hbase/regionserver/TestCompoundBloomFilter.java,
hbase,TestCompoundBloomFilter.java,IMPORT,import org.apache.hadoop.hbase.util.BloomFilterUtil,53,hbase-server/src/test/java/org/apache/hadoop/hbase/regionserver/TestCompoundBloomFilter.java,
hbase,TestSeekOptimizations.java,IMPORT,import org.apache.hadoop.hbase.util.BloomFilterUtil,51,hbase-server/src/test/java/org/apache/hadoop/hbase/regionserver/TestSeekOptimizations.java,
hbase,TestHStoreFile.java,IMPORT,import org.apache.hadoop.hbase.util.BloomFilterFactory,88,hbase-server/src/test/java/org/apache/hadoop/hbase/regionserver/TestHStoreFile.java,
hbase,TestBytesReadServerSideScanMetrics.java,IMPORT,import org.apache.hadoop.hbase.io.hfile.CompoundBloomFilter,57,hbase-server/src/test/java/org/apache/hadoop/hbase/regionserver/TestBytesReadServerSideScanMetrics.java,
hbase,TestBytesReadServerSideScanMetrics.java,IMPORT,import org.apache.hadoop.hbase.util.BloomFilter,68,hbase-server/src/test/java/org/apache/hadoop/hbase/regionserver/TestBytesReadServerSideScanMetrics.java,
hbase,TestBytesReadServerSideScanMetrics.java,IMPORT,import org.apache.hadoop.hbase.util.BloomFilterUtil,69,hbase-server/src/test/java/org/apache/hadoop/hbase/regionserver/TestBytesReadServerSideScanMetrics.java,
hbase,CreateRandomStoreFile.java,IMPORT,import org.apache.hadoop.hbase.util.BloomFilterFactory,35,hbase-server/src/test/java/org/apache/hadoop/hbase/regionserver/CreateRandomStoreFile.java,
hbase,CreateRandomStoreFile.java,IMPORT,import org.apache.hadoop.hbase.util.BloomFilterUtil,36,hbase-server/src/test/java/org/apache/hadoop/hbase/regionserver/CreateRandomStoreFile.java,
hbase,TestCompactor.java,IMPORT,import org.apache.hadoop.hbase.regionserver.BloomType,45,hbase-server/src/test/java/org/apache/hadoop/hbase/regionserver/compactions/TestCompactor.java,
hbase,TestStripeCompactionPolicy.java,IMPORT,import org.apache.hadoop.hbase.regionserver.BloomType,64,hbase-server/src/test/java/org/apache/hadoop/hbase/regionserver/compactions/TestStripeCompactionPolicy.java,
hbase,MobFileCleanupUtil.java,IMPORT,import org.apache.hadoop.hbase.regionserver.BloomType,37,hbase-server/src/main/java/org/apache/hadoop/hbase/mob/MobFileCleanupUtil.java,
hbase,CachedMobFile.java,IMPORT,import org.apache.hadoop.hbase.regionserver.BloomType,26,hbase-server/src/main/java/org/apache/hadoop/hbase/mob/CachedMobFile.java,
hbase,MobFile.java,IMPORT,import org.apache.hadoop.hbase.regionserver.BloomType,29,hbase-server/src/main/java/org/apache/hadoop/hbase/mob/MobFile.java,
hbase,MobUtils.java,IMPORT,import org.apache.hadoop.hbase.regionserver.BloomType,62,hbase-server/src/main/java/org/apache/hadoop/hbase/mob/MobUtils.java,
hbase,MasterRegionFactory.java,IMPORT,import org.apache.hadoop.hbase.regionserver.BloomType,31,hbase-server/src/main/java/org/apache/hadoop/hbase/master/region/MasterRegionFactory.java,
hbase,BulkLoadHFilesTool.java,IMPORT,import org.apache.hadoop.hbase.regionserver.BloomType,89,hbase-server/src/main/java/org/apache/hadoop/hbase/tool/BulkLoadHFilesTool.java,
hbase,QuotaUtil.java,IMPORT,import org.apache.hadoop.hbase.regionserver.BloomType,46,hbase-server/src/main/java/org/apache/hadoop/hbase/quotas/QuotaUtil.java,
hbase,BloomFilterUtil.java,IMPORT,import static org.apache.hadoop.hbase.regionserver.BloomType.ROWPREFIX_FIXED_LENGTH,20,hbase-server/src/main/java/org/apache/hadoop/hbase/util/BloomFilterUtil.java,
hbase,BloomFilterUtil.java,IMPORT,import org.apache.hadoop.hbase.regionserver.BloomType,28,hbase-server/src/main/java/org/apache/hadoop/hbase/util/BloomFilterUtil.java,
hbase,BloomFilterUtil.java,INSTANTIATION,BloomFilterChunk,159,hbase-server/src/main/java/org/apache/hadoop/hbase/util/BloomFilterUtil.java,
hbase,BloomFilterUtil.java,INSTANTIATION,RowColBloomHashKey,211,hbase-server/src/main/java/org/apache/hadoop/hbase/util/BloomFilterUtil.java,
hbase,BloomFilterUtil.java,INSTANTIATION,RowBloomHashKey,211,hbase-server/src/main/java/org/apache/hadoop/hbase/util/BloomFilterUtil.java,
hbase,FSTableDescriptors.java,IMPORT,import org.apache.hadoop.hbase.regionserver.BloomType,59,hbase-server/src/main/java/org/apache/hadoop/hbase/util/FSTableDescriptors.java,
hbase,BloomFilter.java,IMPORT,import org.apache.hadoop.hbase.regionserver.BloomType,22,hbase-server/src/main/java/org/apache/hadoop/hbase/util/BloomFilter.java,
hbase,BloomFilterChunk.java,IMPORT,import org.apache.hadoop.hbase.regionserver.BloomType,25,hbase-server/src/main/java/org/apache/hadoop/hbase/util/BloomFilterChunk.java,
hbase,BloomFilterChunk.java,INSTANTIATION,BloomFilterChunk,118,hbase-server/src/main/java/org/apache/hadoop/hbase/util/BloomFilterChunk.java,
hbase,BloomFilterChunk.java,INSTANTIATION,RowColBloomHashKey,178,hbase-server/src/main/java/org/apache/hadoop/hbase/util/BloomFilterChunk.java,
hbase,BloomFilterChunk.java,INSTANTIATION,RowBloomHashKey,182,hbase-server/src/main/java/org/apache/hadoop/hbase/util/BloomFilterChunk.java,
hbase,RowColBloomContext.java,IMPORT,import static org.apache.hadoop.hbase.regionserver.HStoreFile.LAST_BLOOM_KEY,20,hbase-server/src/main/java/org/apache/hadoop/hbase/util/RowColBloomContext.java,
hbase,BloomFilterFactory.java,IMPORT,import org.apache.hadoop.hbase.io.hfile.BloomFilterMetrics,24,hbase-server/src/main/java/org/apache/hadoop/hbase/util/BloomFilterFactory.java,
hbase,BloomFilterFactory.java,IMPORT,import org.apache.hadoop.hbase.io.hfile.CompoundBloomFilter,26,hbase-server/src/main/java/org/apache/hadoop/hbase/util/BloomFilterFactory.java,
hbase,BloomFilterFactory.java,IMPORT,import org.apache.hadoop.hbase.io.hfile.CompoundBloomFilterBase,27,hbase-server/src/main/java/org/apache/hadoop/hbase/util/BloomFilterFactory.java,
hbase,BloomFilterFactory.java,IMPORT,import org.apache.hadoop.hbase.io.hfile.CompoundBloomFilterWriter,28,hbase-server/src/main/java/org/apache/hadoop/hbase/util/BloomFilterFactory.java,
hbase,BloomFilterFactory.java,IMPORT,import org.apache.hadoop.hbase.regionserver.BloomType,30,hbase-server/src/main/java/org/apache/hadoop/hbase/util/BloomFilterFactory.java,
hbase,BloomFilterFactory.java,INSTANTIATION,CompoundBloomFilter,97,hbase-server/src/main/java/org/apache/hadoop/hbase/util/BloomFilterFactory.java,import org.apache.hadoop.hbase.io.hfile.CompoundBloomFilterWriter
hbase,BloomFilterFactory.java,INSTANTIATION,CompoundBloomFilterWriter,170,hbase-server/src/main/java/org/apache/hadoop/hbase/util/BloomFilterFactory.java,import org.apache.hadoop.hbase.io.hfile.CompoundBloomFilterWriter
hbase,BloomFilterFactory.java,INSTANTIATION,CompoundBloomFilterWriter,199,hbase-server/src/main/java/org/apache/hadoop/hbase/util/BloomFilterFactory.java,import org.apache.hadoop.hbase.io.hfile.CompoundBloomFilterWriter
hbase,RowBloomContext.java,IMPORT,import static org.apache.hadoop.hbase.regionserver.HStoreFile.LAST_BLOOM_KEY,20,hbase-server/src/main/java/org/apache/hadoop/hbase/util/RowBloomContext.java,
hbase,VisibilityController.java,IMPORT,import org.apache.hadoop.hbase.regionserver.BloomType,76,hbase-server/src/main/java/org/apache/hadoop/hbase/security/visibility/VisibilityController.java,
hbase,AccessController.java,IMPORT,import org.apache.hadoop.hbase.regionserver.BloomType,100,hbase-server/src/main/java/org/apache/hadoop/hbase/security/access/AccessController.java,
hbase,CompoundBloomFilter.java,IMPORT,import org.apache.hadoop.hbase.regionserver.BloomType,25,hbase-server/src/main/java/org/apache/hadoop/hbase/io/hfile/CompoundBloomFilter.java,
hbase,CompoundBloomFilter.java,IMPORT,import org.apache.hadoop.hbase.util.BloomFilter,26,hbase-server/src/main/java/org/apache/hadoop/hbase/io/hfile/CompoundBloomFilter.java,
hbase,CompoundBloomFilter.java,IMPORT,import org.apache.hadoop.hbase.util.BloomFilterUtil,27,hbase-server/src/main/java/org/apache/hadoop/hbase/io/hfile/CompoundBloomFilter.java,
hbase,CompoundBloomFilterBase.java,IMPORT,import org.apache.hadoop.hbase.util.BloomFilterBase,21,hbase-server/src/main/java/org/apache/hadoop/hbase/io/hfile/CompoundBloomFilterBase.java,
hbase,HFilePrettyPrinter.java,IMPORT,import org.apache.hadoop.hbase.util.BloomFilter,65,hbase-server/src/main/java/org/apache/hadoop/hbase/io/hfile/HFilePrettyPrinter.java,
hbase,HFilePrettyPrinter.java,IMPORT,import org.apache.hadoop.hbase.util.BloomFilterFactory,66,hbase-server/src/main/java/org/apache/hadoop/hbase/io/hfile/HFilePrettyPrinter.java,
hbase,HFilePrettyPrinter.java,IMPORT,import org.apache.hadoop.hbase.util.BloomFilterUtil,67,hbase-server/src/main/java/org/apache/hadoop/hbase/io/hfile/HFilePrettyPrinter.java,
hbase,HFileWriterImpl.java,IMPORT,import org.apache.hadoop.hbase.util.BloomFilterWriter,58,hbase-server/src/main/java/org/apache/hadoop/hbase/io/hfile/HFileWriterImpl.java,
hbase,CompoundBloomFilterWriter.java,IMPORT,import org.apache.hadoop.hbase.regionserver.BloomType,32,hbase-server/src/main/java/org/apache/hadoop/hbase/io/hfile/CompoundBloomFilterWriter.java,
hbase,CompoundBloomFilterWriter.java,IMPORT,import org.apache.hadoop.hbase.util.BloomFilterChunk,33,hbase-server/src/main/java/org/apache/hadoop/hbase/io/hfile/CompoundBloomFilterWriter.java,
hbase,CompoundBloomFilterWriter.java,IMPORT,import org.apache.hadoop.hbase.util.BloomFilterUtil,34,hbase-server/src/main/java/org/apache/hadoop/hbase/io/hfile/CompoundBloomFilterWriter.java,
hbase,CompoundBloomFilterWriter.java,IMPORT,import org.apache.hadoop.hbase.util.BloomFilterWriter,35,hbase-server/src/main/java/org/apache/hadoop/hbase/io/hfile/CompoundBloomFilterWriter.java,
hbase,HFile.java,IMPORT,import org.apache.hadoop.hbase.util.BloomFilterWriter,47,hbase-server/src/main/java/org/apache/hadoop/hbase/io/hfile/HFile.java,
hbase,CellSink.java,IMPORT,import org.apache.hadoop.hbase.util.BloomFilterWriter,23,hbase-server/src/main/java/org/apache/hadoop/hbase/regionserver/CellSink.java,
hbase,StoreFileWriter.java,IMPORT,import static org.apache.hadoop.hbase.regionserver.HStoreFile.BLOOM_FILTER_PARAM_KEY,21,hbase-server/src/main/java/org/apache/hadoop/hbase/regionserver/StoreFileWriter.java,
hbase,StoreFileWriter.java,IMPORT,import static org.apache.hadoop.hbase.regionserver.HStoreFile.BLOOM_FILTER_TYPE_KEY,22,hbase-server/src/main/java/org/apache/hadoop/hbase/regionserver/StoreFileWriter.java,
hbase,StoreFileWriter.java,IMPORT,import org.apache.hadoop.hbase.util.BloomContext,63,hbase-server/src/main/java/org/apache/hadoop/hbase/regionserver/StoreFileWriter.java,
hbase,StoreFileWriter.java,IMPORT,import org.apache.hadoop.hbase.util.BloomFilterFactory,64,hbase-server/src/main/java/org/apache/hadoop/hbase/regionserver/StoreFileWriter.java,
hbase,StoreFileWriter.java,IMPORT,import org.apache.hadoop.hbase.util.BloomFilterUtil,65,hbase-server/src/main/java/org/apache/hadoop/hbase/regionserver/StoreFileWriter.java,
hbase,StoreFileWriter.java,IMPORT,import org.apache.hadoop.hbase.util.BloomFilterWriter,66,hbase-server/src/main/java/org/apache/hadoop/hbase/regionserver/StoreFileWriter.java,
hbase,StoreFileWriter.java,IMPORT,import org.apache.hadoop.hbase.util.RowBloomContext,69,hbase-server/src/main/java/org/apache/hadoop/hbase/regionserver/StoreFileWriter.java,
hbase,StoreFileWriter.java,IMPORT,import org.apache.hadoop.hbase.util.RowColBloomContext,70,hbase-server/src/main/java/org/apache/hadoop/hbase/regionserver/StoreFileWriter.java,
hbase,StoreFileWriter.java,IMPORT,import org.apache.hadoop.hbase.util.RowPrefixFixedLengthBloomContext,71,hbase-server/src/main/java/org/apache/hadoop/hbase/regionserver/StoreFileWriter.java,
hbase,StoreFileWriter.java,INSTANTIATION,RowBloomContext,554,hbase-server/src/main/java/org/apache/hadoop/hbase/regionserver/StoreFileWriter.java,import org.apache.hadoop.hbase.util.RowBloomContext
hbase,StoreFileWriter.java,INSTANTIATION,RowColBloomContext,558,hbase-server/src/main/java/org/apache/hadoop/hbase/regionserver/StoreFileWriter.java,import org.apache.hadoop.hbase.util.RowColBloomContext
hbase,StoreFileWriter.java,INSTANTIATION,RowPrefixFixedLengthBloomContext,561,hbase-server/src/main/java/org/apache/hadoop/hbase/regionserver/StoreFileWriter.java,import org.apache.hadoop.hbase.util.RowPrefixFixedLengthBloomContext
hbase,StoreFileWriter.java,INSTANTIATION,RowBloomContext,578,hbase-server/src/main/java/org/apache/hadoop/hbase/regionserver/StoreFileWriter.java,import org.apache.hadoop.hbase.util.RowBloomContext
hbase,StoreFileReader.java,IMPORT,import static org.apache.hadoop.hbase.regionserver.HStoreFile.BLOOM_FILTER_PARAM_KEY,20,hbase-server/src/main/java/org/apache/hadoop/hbase/regionserver/StoreFileReader.java,
hbase,StoreFileReader.java,IMPORT,import static org.apache.hadoop.hbase.regionserver.HStoreFile.BLOOM_FILTER_TYPE_KEY,21,hbase-server/src/main/java/org/apache/hadoop/hbase/regionserver/StoreFileReader.java,
hbase,StoreFileReader.java,IMPORT,import static org.apache.hadoop.hbase.regionserver.HStoreFile.LAST_BLOOM_KEY,23,hbase-server/src/main/java/org/apache/hadoop/hbase/regionserver/StoreFileReader.java,
hbase,StoreFileReader.java,IMPORT,import org.apache.hadoop.hbase.io.hfile.BloomFilterMetrics,43,hbase-server/src/main/java/org/apache/hadoop/hbase/regionserver/StoreFileReader.java,
hbase,StoreFileReader.java,IMPORT,import org.apache.hadoop.hbase.util.BloomFilter,52,hbase-server/src/main/java/org/apache/hadoop/hbase/regionserver/StoreFileReader.java,
hbase,StoreFileReader.java,IMPORT,import org.apache.hadoop.hbase.util.BloomFilterFactory,53,hbase-server/src/main/java/org/apache/hadoop/hbase/regionserver/StoreFileReader.java,
hbase,StoreEngine.java,IMPORT,import org.apache.hadoop.hbase.io.hfile.BloomFilterMetrics,43,hbase-server/src/main/java/org/apache/hadoop/hbase/regionserver/StoreEngine.java,
hbase,StoreEngine.java,INSTANTIATION,BloomFilterMetrics,112,hbase-server/src/main/java/org/apache/hadoop/hbase/regionserver/StoreEngine.java,import org.apache.hadoop.hbase.io.hfile.BloomFilterMetrics
hbase,HStoreFile.java,IMPORT,import org.apache.hadoop.hbase.io.hfile.BloomFilterMetrics,43,hbase-server/src/main/java/org/apache/hadoop/hbase/regionserver/HStoreFile.java,
hbase,HStoreFile.java,IMPORT,import org.apache.hadoop.hbase.util.BloomFilterFactory,51,hbase-server/src/main/java/org/apache/hadoop/hbase/regionserver/HStoreFile.java,
hbase,HBaseTestingUtility.java,IMPORT,import org.apache.hadoop.hbase.regionserver.BloomType,103,hbase-testing-util/src/main/java/org/apache/hadoop/hbase/HBaseTestingUtility.java,
hbase,TestEncodedSeekers.java,IMPORT,import org.apache.hadoop.hbase.regionserver.BloomType,43,hbase-diagnostics/src/test/java/org/apache/hadoop/hbase/io/encoding/TestEncodedSeekers.java,
hbase,PerformanceEvaluation.java,IMPORT,import org.apache.hadoop.hbase.regionserver.BloomType,94,hbase-diagnostics/src/main/java/org/apache/hadoop/hbase/PerformanceEvaluation.java,
hbase,LoadTestTool.java,IMPORT,import org.apache.hadoop.hbase.regionserver.BloomType,47,hbase-diagnostics/src/main/java/org/apache/hadoop/hbase/util/LoadTestTool.java,
hbase,ChangeBloomFilterAction.java,IMPORT,import org.apache.hadoop.hbase.regionserver.BloomType,22,hbase-it/src/test/java/org/apache/hadoop/hbase/chaos/actions/ChangeBloomFilterAction.java,
hbase,ChangeBloomFilterAction.java,IMPORT,import org.apache.hadoop.hbase.util.BloomFilterUtil,23,hbase-it/src/test/java/org/apache/hadoop/hbase/chaos/actions/ChangeBloomFilterAction.java,
hbase,SlowDeterministicMonkeyFactory.java,IMPORT,import org.apache.hadoop.hbase.chaos.actions.ChangeBloomFilterAction,23,hbase-it/src/test/java/org/apache/hadoop/hbase/chaos/factories/SlowDeterministicMonkeyFactory.java,
hbase,SlowDeterministicMonkeyFactory.java,INSTANTIATION,ChangeBloomFilterAction,67,hbase-it/src/test/java/org/apache/hadoop/hbase/chaos/factories/SlowDeterministicMonkeyFactory.java,import org.apache.hadoop.hbase.chaos.actions.ChangeBloomFilterAction
hbase,MobSlowDeterministicMonkeyFactory.java,IMPORT,import org.apache.hadoop.hbase.chaos.actions.ChangeBloomFilterAction,23,hbase-it/src/test/java/org/apache/hadoop/hbase/chaos/factories/MobSlowDeterministicMonkeyFactory.java,
hbase,MobSlowDeterministicMonkeyFactory.java,INSTANTIATION,ChangeBloomFilterAction,73,hbase-it/src/test/java/org/apache/hadoop/hbase/chaos/factories/MobSlowDeterministicMonkeyFactory.java,import org.apache.hadoop.hbase.chaos.actions.ChangeBloomFilterAction
hbase,NoKillMonkeyFactory.java,IMPORT,import org.apache.hadoop.hbase.chaos.actions.ChangeBloomFilterAction,22,hbase-it/src/test/java/org/apache/hadoop/hbase/chaos/factories/NoKillMonkeyFactory.java,
hbase,NoKillMonkeyFactory.java,INSTANTIATION,ChangeBloomFilterAction,61,hbase-it/src/test/java/org/apache/hadoop/hbase/chaos/factories/NoKillMonkeyFactory.java,import org.apache.hadoop.hbase.chaos.actions.ChangeBloomFilterAction
hbase,MobNoKillMonkeyFactory.java,IMPORT,import org.apache.hadoop.hbase.chaos.actions.ChangeBloomFilterAction,22,hbase-it/src/test/java/org/apache/hadoop/hbase/chaos/factories/MobNoKillMonkeyFactory.java,
hbase,MobNoKillMonkeyFactory.java,INSTANTIATION,ChangeBloomFilterAction,60,hbase-it/src/test/java/org/apache/hadoop/hbase/chaos/factories/MobNoKillMonkeyFactory.java,import org.apache.hadoop.hbase.chaos.actions.ChangeBloomFilterAction
hbase,IntegrationTestLoadCommonCrawl.java,IMPORT,import org.apache.hadoop.hbase.regionserver.BloomType,78,hbase-it/src/test/java/org/apache/hadoop/hbase/test/IntegrationTestLoadCommonCrawl.java,
hbase,TestColumnFamilyDescriptorBuilder.java,IMPORT,import org.apache.hadoop.hbase.regionserver.BloomType,34,hbase-client/src/test/java/org/apache/hadoop/hbase/client/TestColumnFamilyDescriptorBuilder.java,
hbase,ColumnFamilyDescriptor.java,IMPORT,import org.apache.hadoop.hbase.regionserver.BloomType,28,hbase-client/src/main/java/org/apache/hadoop/hbase/client/ColumnFamilyDescriptor.java,
hbase,ColumnFamilyDescriptorBuilder.java,IMPORT,import org.apache.hadoop.hbase.regionserver.BloomType,35,hbase-client/src/main/java/org/apache/hadoop/hbase/client/ColumnFamilyDescriptorBuilder.java,
hbase,TestRowColBloomHashKey.java,INSTANTIATION,RowColBloomHashKey,45,hbase-common/src/test/java/org/apache/hadoop/hbase/util/TestRowColBloomHashKey.java,
hive,OrcEncodedDataReader.java,IMPORT,import org.apache.orc.OrcProto.BloomFilterIndex,89,llap-server/src/java/org/apache/hadoop/hive/llap/io/encoded/OrcEncodedDataReader.java,
hive,ReadConf.java,INSTANTIATION,ParquetBloomRowGroupFilter,101,iceberg/iceberg-handler/src/main/java/org/apache/iceberg/parquet/ReadConf.java,
hive,BloomKFilter.java,INSTANTIATION,BloomKFilter,81,storage-api/src/java/org/apache/hive/common/util/BloomKFilter.java,
hive,BloomKFilter.java,INSTANTIATION,BloomKFilter,99,storage-api/src/java/org/apache/hive/common/util/BloomKFilter.java,
hive,BloomFilter.java,INSTANTIATION,BloomFilter,66,storage-api/src/java/org/apache/hive/common/util/BloomFilter.java,
hive,BloomFilter.java,INSTANTIATION,BloomFilter,286,storage-api/src/java/org/apache/hive/common/util/BloomFilter.java,
hive,TestBloomFilter.java,INSTANTIATION,BloomFilter,553,storage-api/src/test/org/apache/hive/common/util/TestBloomFilter.java,
hive,TestHLLSerialization.java,IMPORT,import org.apache.hadoop.hive.common.ndv.hll.HyperLogLog.EncodingType,35,standalone-metastore/metastore-server/src/test/java/org/apache/hadoop/hive/common/ndv/hll/TestHLLSerialization.java,
hive,TestHyperLogLog.java,IMPORT,import org.apache.hadoop.hive.common.ndv.hll.HyperLogLog.EncodingType,24,standalone-metastore/metastore-server/src/test/java/org/apache/hadoop/hive/common/ndv/hll/TestHyperLogLog.java,
hive,StatisticsTestUtils.java,IMPORT,import org.apache.hadoop.hive.common.ndv.hll.HyperLogLog,24,standalone-metastore/metastore-server/src/test/java/org/apache/hadoop/hive/metastore/StatisticsTestUtils.java,
hive,TestAggregateStatsCache.java,IMPORT,import org.apache.hive.common.util.BloomFilter,35,standalone-metastore/metastore-server/src/test/java/org/apache/hadoop/hive/metastore/TestAggregateStatsCache.java,
hive,TestOldSchema.java,IMPORT,import org.apache.hadoop.hive.common.ndv.hll.HyperLogLog,27,standalone-metastore/metastore-server/src/test/java/org/apache/hadoop/hive/metastore/TestOldSchema.java,
hive,ColStatsBuilder.java,IMPORT,import org.apache.hadoop.hive.common.ndv.hll.HyperLogLog,23,standalone-metastore/metastore-server/src/test/java/org/apache/hadoop/hive/metastore/columnstats/ColStatsBuilder.java,
hive,ColumnStatsMergerTest.java,IMPORT,import org.apache.hadoop.hive.common.ndv.hll.HyperLogLog,28,standalone-metastore/metastore-server/src/test/java/org/apache/hadoop/hive/metastore/columnstats/merge/ColumnStatsMergerTest.java,
hive,TestPartitionStat.java,IMPORT,import org.apache.hadoop.hive.common.ndv.hll.HyperLogLog,22,standalone-metastore/metastore-server/src/test/java/org/apache/hadoop/hive/metastore/client/TestPartitionStat.java,
hive,NumDistinctValueEstimatorFactory.java,IMPORT,import org.apache.hadoop.hive.common.ndv.hll.HyperLogLog,27,standalone-metastore/metastore-server/src/main/java/org/apache/hadoop/hive/common/ndv/NumDistinctValueEstimatorFactory.java,
hive,NumDistinctValueEstimatorFactory.java,IMPORT,import org.apache.hadoop.hive.common.ndv.hll.HyperLogLogUtils,28,standalone-metastore/metastore-server/src/main/java/org/apache/hadoop/hive/common/ndv/NumDistinctValueEstimatorFactory.java,
hive,HyperLogLog.java,INSTANTIATION,HyperLogLogBuilder,146,standalone-metastore/metastore-server/src/main/java/org/apache/hadoop/hive/common/ndv/hll/HyperLogLog.java,
hive,HyperLogLog.java,INSTANTIATION,HyperLogLog,186,standalone-metastore/metastore-server/src/main/java/org/apache/hadoop/hive/common/ndv/hll/HyperLogLog.java,
hive,HyperLogLog.java,INSTANTIATION,HyperLogLogBuilder,505,standalone-metastore/metastore-server/src/main/java/org/apache/hadoop/hive/common/ndv/hll/HyperLogLog.java,
hive,HyperLogLogUtils.java,IMPORT,import org.apache.hadoop.hive.common.ndv.hll.HyperLogLog.EncodingType,29,standalone-metastore/metastore-server/src/main/java/org/apache/hadoop/hive/common/ndv/hll/HyperLogLogUtils.java,
hive,AggregateStatsCache.java,IMPORT,import org.apache.hive.common.util.BloomFilter,28,standalone-metastore/metastore-server/src/main/java/org/apache/hadoop/hive/metastore/AggregateStatsCache.java,
hive,MetaStoreDirectSql.java,IMPORT,import org.apache.hive.common.util.BloomFilter,137,standalone-metastore/metastore-server/src/main/java/org/apache/hadoop/hive/metastore/directsql/MetaStoreDirectSql.java,
hive,HyperLogLogBench.java,IMPORT,import org.apache.hadoop.hive.common.ndv.hll.HyperLogLog,23,itests/hive-jmh/src/main/java/org/apache/hive/benchmark/serde/HyperLogLogBench.java,
hive,VectorGroupByOperatorBench.java,IMPORT,import org.apache.hadoop.hive.ql.udf.generic.GenericUDAFBloomFilter,44,itests/hive-jmh/src/main/java/org/apache/hive/benchmark/vectorization/operators/VectorGroupByOperatorBench.java,
hive,DynamicPartitionPruningOptimization.java,IMPORT,import org.apache.hadoop.hive.ql.udf.generic.GenericUDAFBloomFilter.GenericUDAFBloomFilterEvaluator,77,ql/src/java/org/apache/hadoop/hive/ql/optimizer/DynamicPartitionPruningOptimization.java,
hive,DynamicPartitionPruningOptimization.java,IMPORT,import static org.apache.hadoop.hive.ql.exec.FunctionRegistry.BLOOM_FILTER_FUNCTION,89,ql/src/java/org/apache/hadoop/hive/ql/optimizer/DynamicPartitionPruningOptimization.java,
hive,SemiJoinReductionMerge.java,IMPORT,import org.apache.hadoop.hive.ql.udf.generic.GenericUDAFBloomFilter.GenericUDAFBloomFilterEvaluator,56,ql/src/java/org/apache/hadoop/hive/ql/optimizer/SemiJoinReductionMerge.java,
hive,SemiJoinReductionMerge.java,IMPORT,import org.apache.hadoop.hive.ql.udf.generic.GenericUDFInBloomFilter,61,ql/src/java/org/apache/hadoop/hive/ql/optimizer/SemiJoinReductionMerge.java,
hive,SemiJoinReductionMerge.java,IMPORT,import static org.apache.hadoop.hive.ql.exec.FunctionRegistry.BLOOM_FILTER_FUNCTION,80,ql/src/java/org/apache/hadoop/hive/ql/optimizer/SemiJoinReductionMerge.java,
hive,SemiJoinReductionMerge.java,INSTANTIATION,GenericUDFInBloomFilter,250,ql/src/java/org/apache/hadoop/hive/ql/optimizer/SemiJoinReductionMerge.java,import org.apache.hadoop.hive.ql.udf.generic.GenericUDFInBloomFilter
hive,SemiJoinReductionMerge.java,INSTANTIATION,GenericUDAFBloomFilterEvaluator,451,ql/src/java/org/apache/hadoop/hive/ql/optimizer/SemiJoinReductionMerge.java,import org.apache.hadoop.hive.ql.udf.generic.GenericUDAFBloomFilter.GenericUDAFBloomFilterEvaluator
hive,SharedWorkOptimizer.java,IMPORT,import org.apache.hadoop.hive.ql.udf.generic.GenericUDFInBloomFilter,89,ql/src/java/org/apache/hadoop/hive/ql/optimizer/SharedWorkOptimizer.java,
hive,StatsRulesProcFactory.java,IMPORT,import org.apache.hadoop.hive.common.ndv.hll.HyperLogLog,47,ql/src/java/org/apache/hadoop/hive/ql/optimizer/stats/annotation/StatsRulesProcFactory.java,
hive,StatsRulesProcFactory.java,IMPORT,import org.apache.hadoop.hive.ql.udf.generic.GenericUDFInBloomFilter,114,ql/src/java/org/apache/hadoop/hive/ql/optimizer/stats/annotation/StatsRulesProcFactory.java,
hive,StatsRulesProcFactory.java,INSTANTIATION,HyperLogLog.HyperLogLogBuilder,602,ql/src/java/org/apache/hadoop/hive/ql/optimizer/stats/annotation/StatsRulesProcFactory.java,
hive,Vectorizer.java,IMPORT,import static org.apache.hadoop.hive.ql.exec.FunctionRegistry.BLOOM_FILTER_FUNCTION,22,ql/src/java/org/apache/hadoop/hive/ql/optimizer/physical/Vectorizer.java,
hive,FunctionRegistry.java,INSTANTIATION,GenericUDAFBloomFilter,575,ql/src/java/org/apache/hadoop/hive/ql/exec/FunctionRegistry.java,
hive,LongColumnInList.java,INSTANTIATION,CuckooSetLong,60,ql/src/java/org/apache/hadoop/hive/ql/exec/vector/expressions/LongColumnInList.java,
hive,DoubleColumnInList.java,INSTANTIATION,CuckooSetDouble,61,ql/src/java/org/apache/hadoop/hive/ql/exec/vector/expressions/DoubleColumnInList.java,
hive,StringColumnInList.java,INSTANTIATION,CuckooSetBytes,69,ql/src/java/org/apache/hadoop/hive/ql/exec/vector/expressions/StringColumnInList.java,
hive,FilterDoubleColumnInList.java,INSTANTIATION,CuckooSetDouble,71,ql/src/java/org/apache/hadoop/hive/ql/exec/vector/expressions/FilterDoubleColumnInList.java,
hive,FilterLongColumnInList.java,INSTANTIATION,CuckooSetLong,70,ql/src/java/org/apache/hadoop/hive/ql/exec/vector/expressions/FilterLongColumnInList.java,
hive,CuckooSetDouble.java,INSTANTIATION,CuckooSetLong,36,ql/src/java/org/apache/hadoop/hive/ql/exec/vector/expressions/CuckooSetDouble.java,
hive,VectorInBloomFilterColDynamicValue.java,IMPORT,import org.apache.hive.common.util.BloomKFilter,46,ql/src/java/org/apache/hadoop/hive/ql/exec/vector/expressions/VectorInBloomFilterColDynamicValue.java,
hive,VectorInBloomFilterColDynamicValue.java,INSTANTIATION,LongBloomFilterCheck,88,ql/src/java/org/apache/hadoop/hive/ql/exec/vector/expressions/VectorInBloomFilterColDynamicValue.java,
hive,VectorInBloomFilterColDynamicValue.java,INSTANTIATION,DoubleBloomFilterCheck,91,ql/src/java/org/apache/hadoop/hive/ql/exec/vector/expressions/VectorInBloomFilterColDynamicValue.java,
hive,VectorInBloomFilterColDynamicValue.java,INSTANTIATION,DecimalBloomFilterCheck,94,ql/src/java/org/apache/hadoop/hive/ql/exec/vector/expressions/VectorInBloomFilterColDynamicValue.java,
hive,VectorInBloomFilterColDynamicValue.java,INSTANTIATION,BytesBloomFilterCheck,97,ql/src/java/org/apache/hadoop/hive/ql/exec/vector/expressions/VectorInBloomFilterColDynamicValue.java,
hive,VectorInBloomFilterColDynamicValue.java,INSTANTIATION,TimestampBloomFilterCheck,100,ql/src/java/org/apache/hadoop/hive/ql/exec/vector/expressions/VectorInBloomFilterColDynamicValue.java,
hive,FilterStringColumnInList.java,INSTANTIATION,CuckooSetBytes,66,ql/src/java/org/apache/hadoop/hive/ql/exec/vector/expressions/FilterStringColumnInList.java,
hive,VectorUDAFComputeBitVectorString.java,IMPORT,import org.apache.hadoop.hive.common.ndv.hll.HyperLogLog,21,ql/src/java/org/apache/hadoop/hive/ql/exec/vector/expressions/aggregates/VectorUDAFComputeBitVectorString.java,
hive,VectorUDAFComputeBitVectorTimestamp.java,IMPORT,import org.apache.hadoop.hive.common.ndv.hll.HyperLogLog,22,ql/src/java/org/apache/hadoop/hive/ql/exec/vector/expressions/aggregates/VectorUDAFComputeBitVectorTimestamp.java,
hive,VectorUDAFComputeBitVectorDecimal.java,IMPORT,import org.apache.hadoop.hive.common.ndv.hll.HyperLogLog,24,ql/src/java/org/apache/hadoop/hive/ql/exec/vector/expressions/aggregates/VectorUDAFComputeBitVectorDecimal.java,
hive,VectorUDAFBloomFilter.java,IMPORT,import org.apache.hadoop.hive.ql.udf.generic.GenericUDAFBloomFilter.GenericUDAFBloomFilterEvaluator,42,ql/src/java/org/apache/hadoop/hive/ql/exec/vector/expressions/aggregates/VectorUDAFBloomFilter.java,
hive,VectorUDAFBloomFilter.java,IMPORT,import org.apache.hive.common.util.BloomKFilter,49,ql/src/java/org/apache/hadoop/hive/ql/exec/vector/expressions/aggregates/VectorUDAFBloomFilter.java,
hive,VectorUDAFBloomFilter.java,IMPORT,import static org.apache.hadoop.hive.ql.exec.FunctionRegistry.BLOOM_FILTER_FUNCTION,51,ql/src/java/org/apache/hadoop/hive/ql/exec/vector/expressions/aggregates/VectorUDAFBloomFilter.java,
hive,VectorUDAFBloomFilterMerge.java,IMPORT,import org.apache.hadoop.hive.ql.udf.generic.GenericUDAFBloomFilter.GenericUDAFBloomFilterEvaluator,37,ql/src/java/org/apache/hadoop/hive/ql/exec/vector/expressions/aggregates/VectorUDAFBloomFilterMerge.java,
hive,VectorUDAFBloomFilterMerge.java,IMPORT,import org.apache.hive.common.util.BloomKFilter,39,ql/src/java/org/apache/hadoop/hive/ql/exec/vector/expressions/aggregates/VectorUDAFBloomFilterMerge.java,
hive,VectorUDAFBloomFilterMerge.java,IMPORT,import static org.apache.hadoop.hive.ql.exec.FunctionRegistry.BLOOM_FILTER_FUNCTION,43,ql/src/java/org/apache/hadoop/hive/ql/exec/vector/expressions/aggregates/VectorUDAFBloomFilterMerge.java,
hive,VectorUDAFBloomFilterMerge.java,IMPORT,import static org.apache.hive.common.util.BloomKFilter.START_OF_SERIALIZED_LONGS,44,ql/src/java/org/apache/hadoop/hive/ql/exec/vector/expressions/aggregates/VectorUDAFBloomFilterMerge.java,
hive,VectorUDAFBloomFilterMerge.java,INSTANTIATION,BloomFilterMergeWorker,125,ql/src/java/org/apache/hadoop/hive/ql/exec/vector/expressions/aggregates/VectorUDAFBloomFilterMerge.java,
hive,HybridHashTableContainer.java,IMPORT,import org.apache.hive.common.util.BloomFilter,62,ql/src/java/org/apache/hadoop/hive/ql/exec/persistence/HybridHashTableContainer.java,
hive,GenericUDAFComputeBitVectorHLL.java,IMPORT,import org.apache.hadoop.hive.common.ndv.hll.HyperLogLog,21,ql/src/java/org/apache/hadoop/hive/ql/udf/generic/GenericUDAFComputeBitVectorHLL.java,
hive,GenericUDFInBloomFilter.java,IMPORT,import org.apache.hadoop.hive.ql.exec.vector.expressions.VectorInBloomFilterColDynamicValue,30,ql/src/java/org/apache/hadoop/hive/ql/udf/generic/GenericUDFInBloomFilter.java,
hive,GenericUDFInBloomFilter.java,IMPORT,import org.apache.hive.common.util.BloomKFilter,41,ql/src/java/org/apache/hadoop/hive/ql/udf/generic/GenericUDFInBloomFilter.java,
hive,GenericUDAFBloomFilter.java,IMPORT,import org.apache.hive.common.util.BloomKFilter,46,ql/src/java/org/apache/hadoop/hive/ql/udf/generic/GenericUDAFBloomFilter.java,
hive,GenericUDAFBloomFilter.java,IMPORT,import static org.apache.hadoop.hive.ql.exec.FunctionRegistry.BLOOM_FILTER_FUNCTION,53,ql/src/java/org/apache/hadoop/hive/ql/udf/generic/GenericUDAFBloomFilter.java,
hive,GenericUDAFBloomFilter.java,INSTANTIATION,GenericUDAFBloomFilterEvaluator,63,ql/src/java/org/apache/hadoop/hive/ql/udf/generic/GenericUDAFBloomFilter.java,
hive,GenericUDAFBloomFilter.java,INSTANTIATION,GenericUDAFBloomFilterEvaluator,68,ql/src/java/org/apache/hadoop/hive/ql/udf/generic/GenericUDAFBloomFilter.java,
hive,GenericUDAFBloomFilter.java,INSTANTIATION,BloomFilterBuf,152,ql/src/java/org/apache/hadoop/hive/ql/udf/generic/GenericUDAFBloomFilter.java,
hive,GenericUDAFApproximateDistinct.java,IMPORT,import org.apache.hadoop.hive.common.ndv.hll.HyperLogLog,27,ql/src/java/org/apache/hadoop/hive/ql/udf/generic/GenericUDAFApproximateDistinct.java,
hive,GenericUDAFApproximateDistinct.java,IMPORT,import org.apache.hadoop.hive.common.ndv.hll.HyperLogLogUtils,28,ql/src/java/org/apache/hadoop/hive/ql/udf/generic/GenericUDAFApproximateDistinct.java,
hive,GenericUDAFApproximateDistinct.java,INSTANTIATION,HyperLogLogBuffer,103,ql/src/java/org/apache/hadoop/hive/ql/udf/generic/GenericUDAFApproximateDistinct.java,
hive,GenTezUtils.java,IMPORT,import org.apache.hadoop.hive.ql.udf.generic.GenericUDFInBloomFilter,54,ql/src/java/org/apache/hadoop/hive/ql/parse/GenTezUtils.java,
hive,TezCompiler.java,IMPORT,import org.apache.hadoop.hive.ql.udf.generic.GenericUDAFBloomFilter.GenericUDAFBloomFilterEvaluator,146,ql/src/java/org/apache/hadoop/hive/ql/parse/TezCompiler.java,
hive,TezCompiler.java,IMPORT,import static org.apache.hadoop.hive.ql.exec.FunctionRegistry.BLOOM_FILTER_FUNCTION,151,ql/src/java/org/apache/hadoop/hive/ql/parse/TezCompiler.java,
hive,TestStatsRulesProcFactory.java,IMPORT,import org.apache.hadoop.hive.common.ndv.hll.HyperLogLog,23,ql/src/test/org/apache/hadoop/hive/ql/optimizer/stats/annotation/TestStatsRulesProcFactory.java,
hive,TestVectorGroupByOperator.java,IMPORT,import org.apache.hadoop.hive.ql.exec.vector.expressions.aggregates.VectorUDAFBloomFilterMerge,54,ql/src/test/org/apache/hadoop/hive/ql/exec/vector/TestVectorGroupByOperator.java,
hive,TestVectorGroupByOperator.java,IMPORT,import org.apache.hadoop.hive.ql.udf.generic.GenericUDAFBloomFilter,74,ql/src/test/org/apache/hadoop/hive/ql/exec/vector/TestVectorGroupByOperator.java,
hive,TestVectorGroupByOperator.java,INSTANTIATION,GenericUDAFBloomFilter.GenericUDAFBloomFilterEvaluator,2356,ql/src/test/org/apache/hadoop/hive/ql/exec/vector/TestVectorGroupByOperator.java,
hive,TestVectorGroupByOperator.java,INSTANTIATION,GenericUDAFBloomFilter.GenericUDAFBloomFilterEvaluator,2368,ql/src/test/org/apache/hadoop/hive/ql/exec/vector/TestVectorGroupByOperator.java,
hive,TestVectorGroupByOperator.java,INSTANTIATION,GenericUDAFBloomFilter.GenericUDAFBloomFilterEvaluator,2383,ql/src/test/org/apache/hadoop/hive/ql/exec/vector/TestVectorGroupByOperator.java,
hive,TestVectorizationContext.java,IMPORT,import org.apache.hadoop.hive.ql.exec.vector.expressions.VectorInBloomFilterColDynamicValue,84,ql/src/test/org/apache/hadoop/hive/ql/exec/vector/TestVectorizationContext.java,
hive,TestVectorizationContext.java,IMPORT,import org.apache.hadoop.hive.ql.udf.generic.GenericUDFInBloomFilter,142,ql/src/test/org/apache/hadoop/hive/ql/exec/vector/TestVectorizationContext.java,
hive,TestVectorizationContext.java,INSTANTIATION,GenericUDFInBloomFilter,1657,ql/src/test/org/apache/hadoop/hive/ql/exec/vector/TestVectorizationContext.java,import org.apache.hadoop.hive.ql.udf.generic.GenericUDFInBloomFilter
hive,TestVectorAggregation.java,IMPORT,import static org.apache.hadoop.hive.ql.exec.FunctionRegistry.BLOOM_FILTER_FUNCTION,52,ql/src/test/org/apache/hadoop/hive/ql/exec/vector/aggregation/TestVectorAggregation.java,
hive,TestCuckooSet.java,INSTANTIATION,CuckooSetLong,42,ql/src/test/org/apache/hadoop/hive/ql/exec/vector/expressions/TestCuckooSet.java,
hive,TestCuckooSet.java,INSTANTIATION,CuckooSetLong,66,ql/src/test/org/apache/hadoop/hive/ql/exec/vector/expressions/TestCuckooSet.java,
hive,TestCuckooSet.java,INSTANTIATION,CuckooSetLong,100,ql/src/test/org/apache/hadoop/hive/ql/exec/vector/expressions/TestCuckooSet.java,
hive,TestCuckooSet.java,INSTANTIATION,CuckooSetDouble,116,ql/src/test/org/apache/hadoop/hive/ql/exec/vector/expressions/TestCuckooSet.java,
hive,TestCuckooSet.java,INSTANTIATION,CuckooSetBytes,140,ql/src/test/org/apache/hadoop/hive/ql/exec/vector/expressions/TestCuckooSet.java,
hive,TestCuckooSet.java,INSTANTIATION,CuckooSetBytes,178,ql/src/test/org/apache/hadoop/hive/ql/exec/vector/expressions/TestCuckooSet.java,
hive,TestVectorUDAFBloomFilterMerge.java,IMPORT,import org.apache.hive.common.util.BloomKFilter,28,ql/src/test/org/apache/hadoop/hive/ql/exec/vector/expressions/aggregates/TestVectorUDAFBloomFilterMerge.java,
hive,TestVectorUDAFBloomFilterMerge.java,INSTANTIATION,VectorUDAFBloomFilterMerge.Aggregation,70,ql/src/test/org/apache/hadoop/hive/ql/exec/vector/expressions/aggregates/TestVectorUDAFBloomFilterMerge.java,
hive,TestVectorUDAFBloomFilterMerge.java,INSTANTIATION,VectorUDAFBloomFilterMerge,73,ql/src/test/org/apache/hadoop/hive/ql/exec/vector/expressions/aggregates/TestVectorUDAFBloomFilterMerge.java,
hudi,TestStreamerUtil.java,IMPORT,import org.apache.hudi.common.bloom.BloomFilterTypeCode,25,hudi-flink-datasource/hudi-flink/src/test/java/org/apache/hudi/utils/TestStreamerUtil.java,
hudi,TestFlinkWriteClients.java,IMPORT,import org.apache.hudi.common.bloom.BloomFilterTypeCode,28,hudi-flink-datasource/hudi-flink/src/test/java/org/apache/hudi/utils/TestFlinkWriteClients.java,
hudi,TestHoodieRowDataLanceReader.java,IMPORT,import org.apache.hudi.common.bloom.SimpleBloomFilter,22,hudi-flink-datasource/hudi-flink/src/test/java/org/apache/hudi/table/format/TestHoodieRowDataLanceReader.java,
hudi,TestHoodieRowDataLanceReader.java,IMPORT,import static org.apache.hudi.common.avro.HoodieBloomFilterWriteSupport.HOODIE_AVRO_BLOOM_FILTER_METADATA_KEY,55,hudi-flink-datasource/hudi-flink/src/test/java/org/apache/hudi/table/format/TestHoodieRowDataLanceReader.java,
hudi,TestHoodieRowDataLanceReader.java,IMPORT,import static org.apache.hudi.common.avro.HoodieBloomFilterWriteSupport.HOODIE_MAX_RECORD_KEY_FOOTER,56,hudi-flink-datasource/hudi-flink/src/test/java/org/apache/hudi/table/format/TestHoodieRowDataLanceReader.java,
hudi,TestHoodieRowDataLanceReader.java,IMPORT,import static org.apache.hudi.common.avro.HoodieBloomFilterWriteSupport.HOODIE_MIN_RECORD_KEY_FOOTER,57,hudi-flink-datasource/hudi-flink/src/test/java/org/apache/hudi/table/format/TestHoodieRowDataLanceReader.java,
hudi,TestHoodieRowDataLanceReader.java,INSTANTIATION,SimpleBloomFilter,82,hudi-flink-datasource/hudi-flink/src/test/java/org/apache/hudi/table/format/TestHoodieRowDataLanceReader.java,import org.apache.hudi.common.bloom.SimpleBloomFilter
hudi,TestInputFormat.java,IMPORT,import org.apache.hudi.common.bloom.BloomFilter,24,hudi-flink-datasource/hudi-flink/src/test/java/org/apache/hudi/table/format/TestInputFormat.java,
hudi,TestInputFormat.java,IMPORT,import org.apache.hudi.common.bloom.BloomFilterFactory,25,hudi-flink-datasource/hudi-flink/src/test/java/org/apache/hudi/table/format/TestInputFormat.java,
hudi,HoodieRowDataLanceReader.java,IMPORT,import org.apache.hudi.common.bloom.BloomFilter,22,hudi-flink-datasource/hudi-flink/src/main/java/org/apache/hudi/table/format/HoodieRowDataLanceReader.java,
hudi,HoodieRowDataLanceReader.java,IMPORT,import org.apache.hudi.common.bloom.HoodieDynamicBoundedBloomFilter,23,hudi-flink-datasource/hudi-flink/src/main/java/org/apache/hudi/table/format/HoodieRowDataLanceReader.java,
hudi,HoodieRowDataLanceReader.java,IMPORT,import org.apache.hudi.common.bloom.SimpleBloomFilter,24,hudi-flink-datasource/hudi-flink/src/main/java/org/apache/hudi/table/format/HoodieRowDataLanceReader.java,
hudi,HoodieRowDataLanceReader.java,IMPORT,import static org.apache.hudi.common.avro.HoodieBloomFilterWriteSupport.HOODIE_AVRO_BLOOM_FILTER_METADATA_KEY,61,hudi-flink-datasource/hudi-flink/src/main/java/org/apache/hudi/table/format/HoodieRowDataLanceReader.java,
hudi,HoodieRowDataLanceReader.java,IMPORT,import static org.apache.hudi.common.avro.HoodieBloomFilterWriteSupport.HOODIE_BLOOM_FILTER_TYPE_CODE,62,hudi-flink-datasource/hudi-flink/src/main/java/org/apache/hudi/table/format/HoodieRowDataLanceReader.java,
hudi,HoodieRowDataLanceReader.java,IMPORT,import static org.apache.hudi.common.avro.HoodieBloomFilterWriteSupport.HOODIE_MAX_RECORD_KEY_FOOTER,63,hudi-flink-datasource/hudi-flink/src/main/java/org/apache/hudi/table/format/HoodieRowDataLanceReader.java,
hudi,HoodieRowDataLanceReader.java,IMPORT,import static org.apache.hudi.common.avro.HoodieBloomFilterWriteSupport.HOODIE_MIN_RECORD_KEY_FOOTER,64,hudi-flink-datasource/hudi-flink/src/main/java/org/apache/hudi/table/format/HoodieRowDataLanceReader.java,
hudi,HoodieRowDataLanceReader.java,INSTANTIATION,HoodieDynamicBoundedBloomFilter,117,hudi-flink-datasource/hudi-flink/src/main/java/org/apache/hudi/table/format/HoodieRowDataLanceReader.java,import org.apache.hudi.common.bloom.HoodieDynamicBoundedBloomFilter
hudi,HoodieRowDataLanceReader.java,INSTANTIATION,SimpleBloomFilter,119,hudi-flink-datasource/hudi-flink/src/main/java/org/apache/hudi/table/format/HoodieRowDataLanceReader.java,import org.apache.hudi.common.bloom.SimpleBloomFilter
hudi,HoodieRowDataParquetReader.java,IMPORT,import org.apache.hudi.common.bloom.BloomFilter,22,hudi-flink-datasource/hudi-flink/src/main/java/org/apache/hudi/table/format/HoodieRowDataParquetReader.java,
hudi,TestHoodieBackedMetadata.java,IMPORT,import static org.apache.hudi.metadata.MetadataPartitionType.BLOOM_FILTERS,201,hudi-spark-datasource/hudi-spark/src/test/java/org/apache/hudi/functional/TestHoodieBackedMetadata.java,
hudi,TestSparkBinaryCopyClusteringAndValidationMeta.java,IMPORT,import org.apache.hudi.common.avro.HoodieBloomFilterWriteSupport,27,hudi-spark-datasource/hudi-spark/src/test/java/org/apache/hudi/functional/TestSparkBinaryCopyClusteringAndValidationMeta.java,
hudi,TestSparkBinaryCopyClusteringAndValidationMeta.java,IMPORT,import org.apache.hudi.common.bloom.BloomFilter,28,hudi-spark-datasource/hudi-spark/src/test/java/org/apache/hudi/functional/TestSparkBinaryCopyClusteringAndValidationMeta.java,
hudi,TestSparkBinaryCopyClusteringAndValidationMeta.java,IMPORT,import org.apache.hudi.common.bloom.BloomFilterFactory,29,hudi-spark-datasource/hudi-spark/src/test/java/org/apache/hudi/functional/TestSparkBinaryCopyClusteringAndValidationMeta.java,
hudi,TestSparkBinaryCopyClusteringAndValidationMeta.java,IMPORT,import org.apache.hudi.common.bloom.BloomFilterTypeCode,30,hudi-spark-datasource/hudi-spark/src/test/java/org/apache/hudi/functional/TestSparkBinaryCopyClusteringAndValidationMeta.java,
hudi,TestSparkBinaryCopyClusteringAndValidationMeta.java,IMPORT,import static org.apache.hudi.common.bloom.BloomFilterTypeCode.DYNAMIC_V0,90,hudi-spark-datasource/hudi-spark/src/test/java/org/apache/hudi/functional/TestSparkBinaryCopyClusteringAndValidationMeta.java,
hudi,TestSparkBinaryCopyClusteringAndValidationMeta.java,IMPORT,import static org.apache.hudi.common.bloom.BloomFilterTypeCode.SIMPLE,91,hudi-spark-datasource/hudi-spark/src/test/java/org/apache/hudi/functional/TestSparkBinaryCopyClusteringAndValidationMeta.java,
hudi,TestGlobalIndexEnableUpdatePartitions.java,IMPORT,import static org.apache.hudi.index.HoodieIndex.IndexType.GLOBAL_BLOOM,69,hudi-spark-datasource/hudi-spark/src/test/java/org/apache/hudi/functional/TestGlobalIndexEnableUpdatePartitions.java,
hudi,TestHoodieSparkLanceWriter.java,IMPORT,import org.apache.hudi.common.bloom.BloomFilter,22,hudi-spark-datasource/hudi-spark/src/test/java/org/apache/hudi/io/storage/TestHoodieSparkLanceWriter.java,
hudi,TestHoodieSparkLanceWriter.java,IMPORT,import org.apache.hudi.common.bloom.BloomFilterFactory,23,hudi-spark-datasource/hudi-spark/src/test/java/org/apache/hudi/io/storage/TestHoodieSparkLanceWriter.java,
hudi,TestHoodieSparkLanceWriter.java,IMPORT,import static org.apache.hudi.common.avro.HoodieBloomFilterWriteSupport.HOODIE_AVRO_BLOOM_FILTER_METADATA_KEY,77,hudi-spark-datasource/hudi-spark/src/test/java/org/apache/hudi/io/storage/TestHoodieSparkLanceWriter.java,
hudi,TestHoodieSparkLanceWriter.java,IMPORT,import static org.apache.hudi.common.avro.HoodieBloomFilterWriteSupport.HOODIE_MAX_RECORD_KEY_FOOTER,78,hudi-spark-datasource/hudi-spark/src/test/java/org/apache/hudi/io/storage/TestHoodieSparkLanceWriter.java,
hudi,TestHoodieSparkLanceWriter.java,IMPORT,import static org.apache.hudi.common.avro.HoodieBloomFilterWriteSupport.HOODIE_MIN_RECORD_KEY_FOOTER,79,hudi-spark-datasource/hudi-spark/src/test/java/org/apache/hudi/io/storage/TestHoodieSparkLanceWriter.java,
hudi,TestHoodieSparkLanceWriter.java,IMPORT,import static org.apache.hudi.common.bloom.BloomFilterTypeCode.SIMPLE,80,hudi-spark-datasource/hudi-spark/src/test/java/org/apache/hudi/io/storage/TestHoodieSparkLanceWriter.java,
hudi,TestHoodieSparkLanceReader.java,IMPORT,import org.apache.hudi.common.bloom.BloomFilter,23,hudi-spark-datasource/hudi-spark/src/test/java/org/apache/hudi/io/storage/TestHoodieSparkLanceReader.java,
hudi,TestHoodieSparkLanceReader.java,IMPORT,import org.apache.hudi.common.bloom.BloomFilterFactory,24,hudi-spark-datasource/hudi-spark/src/test/java/org/apache/hudi/io/storage/TestHoodieSparkLanceReader.java,
hudi,TestHoodieSparkLanceReader.java,IMPORT,import org.apache.hudi.common.bloom.HoodieDynamicBoundedBloomFilter,25,hudi-spark-datasource/hudi-spark/src/test/java/org/apache/hudi/io/storage/TestHoodieSparkLanceReader.java,
hudi,TestHoodieSparkLanceReader.java,IMPORT,import org.apache.hudi.common.bloom.SimpleBloomFilter,26,hudi-spark-datasource/hudi-spark/src/test/java/org/apache/hudi/io/storage/TestHoodieSparkLanceReader.java,
hudi,TestHoodieSparkLanceReader.java,IMPORT,import static org.apache.hudi.common.bloom.BloomFilterTypeCode.DYNAMIC_V0,70,hudi-spark-datasource/hudi-spark/src/test/java/org/apache/hudi/io/storage/TestHoodieSparkLanceReader.java,
hudi,TestHoodieSparkLanceReader.java,IMPORT,import static org.apache.hudi.common.bloom.BloomFilterTypeCode.SIMPLE,71,hudi-spark-datasource/hudi-spark/src/test/java/org/apache/hudi/io/storage/TestHoodieSparkLanceReader.java,
hudi,TestHoodieInternalRowParquetWriter.java,IMPORT,import org.apache.hudi.common.avro.HoodieBloomFilterWriteSupport,21,hudi-spark-datasource/hudi-spark/src/test/java/org/apache/hudi/io/storage/row/TestHoodieInternalRowParquetWriter.java,
hudi,TestHoodieInternalRowParquetWriter.java,IMPORT,import org.apache.hudi.common.bloom.BloomFilter,22,hudi-spark-datasource/hudi-spark/src/test/java/org/apache/hudi/io/storage/row/TestHoodieInternalRowParquetWriter.java,
hudi,TestHoodieInternalRowParquetWriter.java,IMPORT,import org.apache.hudi.common.bloom.BloomFilterFactory,23,hudi-spark-datasource/hudi-spark/src/test/java/org/apache/hudi/io/storage/row/TestHoodieInternalRowParquetWriter.java,
hudi,TestHoodieInternalRowParquetWriter.java,IMPORT,import org.apache.hudi.common.bloom.BloomFilterTypeCode,24,hudi-spark-datasource/hudi-spark/src/test/java/org/apache/hudi/io/storage/row/TestHoodieInternalRowParquetWriter.java,
hudi,TestHoodieCompactor.java,IMPORT,import org.apache.hudi.index.bloom.HoodieBloomIndex,50,hudi-spark-datasource/hudi-spark/src/test/java/org/apache/hudi/table/action/compact/TestHoodieCompactor.java,
hudi,TestHoodieCompactor.java,IMPORT,import org.apache.hudi.index.bloom.SparkHoodieBloomIndexHelper,51,hudi-spark-datasource/hudi-spark/src/test/java/org/apache/hudi/table/action/compact/TestHoodieCompactor.java,
hudi,TestHoodieCompactor.java,INSTANTIATION,HoodieBloomIndex,436,hudi-spark-datasource/hudi-spark/src/test/java/org/apache/hudi/table/action/compact/TestHoodieCompactor.java,import org.apache.hudi.index.bloom.SparkHoodieBloomIndexHelper
hudi,TestHoodieJavaWriteClientInsert.java,IMPORT,import org.apache.hudi.common.bloom.BloomFilter,23,hudi-client/hudi-java-client/src/test/java/org/apache/hudi/client/TestHoodieJavaWriteClientInsert.java,
hudi,TestJavaCopyOnWriteActionExecutor.java,IMPORT,import org.apache.hudi.common.bloom.BloomFilter,24,hudi-client/hudi-java-client/src/test/java/org/apache/hudi/table/action/commit/TestJavaCopyOnWriteActionExecutor.java,
hudi,JavaHoodieIndexFactory.java,IMPORT,import org.apache.hudi.index.bloom.HoodieBloomIndex,26,hudi-client/hudi-java-client/src/main/java/org/apache/hudi/index/JavaHoodieIndexFactory.java,
hudi,JavaHoodieIndexFactory.java,IMPORT,import org.apache.hudi.index.bloom.ListBasedHoodieBloomIndexHelper,27,hudi-client/hudi-java-client/src/main/java/org/apache/hudi/index/JavaHoodieIndexFactory.java,
hudi,JavaHoodieIndexFactory.java,INSTANTIATION,HoodieBloomIndex,53,hudi-client/hudi-java-client/src/main/java/org/apache/hudi/index/JavaHoodieIndexFactory.java,import org.apache.hudi.index.bloom.ListBasedHoodieBloomIndexHelper
hudi,TestHoodieIndexConfigs.java,IMPORT,import org.apache.hudi.index.bloom.HoodieBloomIndex,26,hudi-client/hudi-spark-client/src/test/java/org/apache/hudi/index/TestHoodieIndexConfigs.java,
hudi,TestHoodieIndexConfigs.java,IMPORT,import org.apache.hudi.index.bloom.HoodieGlobalBloomIndex,27,hudi-client/hudi-spark-client/src/test/java/org/apache/hudi/index/TestHoodieIndexConfigs.java,
hudi,TestBloomIndexTagWithColStats.java,INSTANTIATION,HoodieBloomIndex,150,hudi-client/hudi-spark-client/src/test/java/org/apache/hudi/index/bloom/TestBloomIndexTagWithColStats.java,
hudi,TestHoodieBloomIndex.java,IMPORT,import org.apache.hudi.common.bloom.BloomFilter,22,hudi-client/hudi-spark-client/src/test/java/org/apache/hudi/index/bloom/TestHoodieBloomIndex.java,
hudi,TestHoodieBloomIndex.java,IMPORT,import org.apache.hudi.common.bloom.BloomFilterFactory,23,hudi-client/hudi-spark-client/src/test/java/org/apache/hudi/index/bloom/TestHoodieBloomIndex.java,
hudi,TestHoodieBloomIndex.java,IMPORT,import org.apache.hudi.common.bloom.BloomFilterTypeCode,24,hudi-client/hudi-spark-client/src/test/java/org/apache/hudi/index/bloom/TestHoodieBloomIndex.java,
hudi,TestHoodieBloomIndex.java,INSTANTIATION,HoodieBloomIndex,161,hudi-client/hudi-spark-client/src/test/java/org/apache/hudi/index/bloom/TestHoodieBloomIndex.java,
hudi,TestHoodieBloomIndex.java,INSTANTIATION,BloomIndexFileInfo,237,hudi-client/hudi-spark-client/src/test/java/org/apache/hudi/index/bloom/TestHoodieBloomIndex.java,
hudi,TestHoodieBloomIndex.java,INSTANTIATION,BloomIndexFileInfo,238,hudi-client/hudi-spark-client/src/test/java/org/apache/hudi/index/bloom/TestHoodieBloomIndex.java,
hudi,TestHoodieBloomIndex.java,INSTANTIATION,BloomIndexFileInfo,239,hudi-client/hudi-spark-client/src/test/java/org/apache/hudi/index/bloom/TestHoodieBloomIndex.java,
hudi,TestHoodieBloomIndex.java,INSTANTIATION,BloomIndexFileInfo,240,hudi-client/hudi-spark-client/src/test/java/org/apache/hudi/index/bloom/TestHoodieBloomIndex.java,
hudi,TestHoodieBloomIndex.java,INSTANTIATION,HoodieBloomIndex,252,hudi-client/hudi-spark-client/src/test/java/org/apache/hudi/index/bloom/TestHoodieBloomIndex.java,
hudi,TestHoodieBloomIndex.java,INSTANTIATION,BloomIndexFileInfo,256,hudi-client/hudi-spark-client/src/test/java/org/apache/hudi/index/bloom/TestHoodieBloomIndex.java,
hudi,TestHoodieBloomIndex.java,INSTANTIATION,BloomIndexFileInfo,256,hudi-client/hudi-spark-client/src/test/java/org/apache/hudi/index/bloom/TestHoodieBloomIndex.java,
hudi,TestHoodieBloomIndex.java,INSTANTIATION,BloomIndexFileInfo,257,hudi-client/hudi-spark-client/src/test/java/org/apache/hudi/index/bloom/TestHoodieBloomIndex.java,
hudi,TestHoodieBloomIndex.java,INSTANTIATION,BloomIndexFileInfo,257,hudi-client/hudi-spark-client/src/test/java/org/apache/hudi/index/bloom/TestHoodieBloomIndex.java,
hudi,TestHoodieBloomIndex.java,INSTANTIATION,BloomIndexFileInfo,258,hudi-client/hudi-spark-client/src/test/java/org/apache/hudi/index/bloom/TestHoodieBloomIndex.java,
hudi,TestHoodieBloomIndex.java,INSTANTIATION,HoodieBloomIndex,345,hudi-client/hudi-spark-client/src/test/java/org/apache/hudi/index/bloom/TestHoodieBloomIndex.java,
hudi,TestHoodieBloomIndex.java,INSTANTIATION,HoodieBloomIndex,376,hudi-client/hudi-spark-client/src/test/java/org/apache/hudi/index/bloom/TestHoodieBloomIndex.java,
hudi,TestHoodieBloomIndex.java,INSTANTIATION,HoodieBloomIndex,466,hudi-client/hudi-spark-client/src/test/java/org/apache/hudi/index/bloom/TestHoodieBloomIndex.java,
hudi,TestHoodieBloomIndex.java,INSTANTIATION,HoodieBloomIndex,546,hudi-client/hudi-spark-client/src/test/java/org/apache/hudi/index/bloom/TestHoodieBloomIndex.java,
hudi,TestHoodieBloomIndex.java,INSTANTIATION,HoodieBloomIndex,649,hudi-client/hudi-spark-client/src/test/java/org/apache/hudi/index/bloom/TestHoodieBloomIndex.java,
hudi,TestHoodieBloomIndex.java,INSTANTIATION,HoodieBloomIndex,674,hudi-client/hudi-spark-client/src/test/java/org/apache/hudi/index/bloom/TestHoodieBloomIndex.java,
hudi,TestHoodieGlobalBloomIndex.java,INSTANTIATION,HoodieGlobalBloomIndex,93,hudi-client/hudi-spark-client/src/test/java/org/apache/hudi/index/bloom/TestHoodieGlobalBloomIndex.java,
hudi,TestHoodieGlobalBloomIndex.java,INSTANTIATION,BloomIndexFileInfo,166,hudi-client/hudi-spark-client/src/test/java/org/apache/hudi/index/bloom/TestHoodieGlobalBloomIndex.java,
hudi,TestHoodieGlobalBloomIndex.java,INSTANTIATION,BloomIndexFileInfo,167,hudi-client/hudi-spark-client/src/test/java/org/apache/hudi/index/bloom/TestHoodieGlobalBloomIndex.java,
hudi,TestHoodieGlobalBloomIndex.java,INSTANTIATION,BloomIndexFileInfo,168,hudi-client/hudi-spark-client/src/test/java/org/apache/hudi/index/bloom/TestHoodieGlobalBloomIndex.java,
hudi,TestHoodieGlobalBloomIndex.java,INSTANTIATION,BloomIndexFileInfo,169,hudi-client/hudi-spark-client/src/test/java/org/apache/hudi/index/bloom/TestHoodieGlobalBloomIndex.java,
hudi,TestHoodieGlobalBloomIndex.java,INSTANTIATION,HoodieGlobalBloomIndex,179,hudi-client/hudi-spark-client/src/test/java/org/apache/hudi/index/bloom/TestHoodieGlobalBloomIndex.java,
hudi,TestHoodieGlobalBloomIndex.java,INSTANTIATION,BloomIndexFileInfo,182,hudi-client/hudi-spark-client/src/test/java/org/apache/hudi/index/bloom/TestHoodieGlobalBloomIndex.java,
hudi,TestHoodieGlobalBloomIndex.java,INSTANTIATION,BloomIndexFileInfo,183,hudi-client/hudi-spark-client/src/test/java/org/apache/hudi/index/bloom/TestHoodieGlobalBloomIndex.java,
hudi,TestHoodieGlobalBloomIndex.java,INSTANTIATION,BloomIndexFileInfo,183,hudi-client/hudi-spark-client/src/test/java/org/apache/hudi/index/bloom/TestHoodieGlobalBloomIndex.java,
hudi,TestHoodieGlobalBloomIndex.java,INSTANTIATION,BloomIndexFileInfo,186,hudi-client/hudi-spark-client/src/test/java/org/apache/hudi/index/bloom/TestHoodieGlobalBloomIndex.java,
hudi,TestHoodieGlobalBloomIndex.java,INSTANTIATION,BloomIndexFileInfo,186,hudi-client/hudi-spark-client/src/test/java/org/apache/hudi/index/bloom/TestHoodieGlobalBloomIndex.java,
hudi,TestHoodieGlobalBloomIndex.java,INSTANTIATION,HoodieGlobalBloomIndex,226,hudi-client/hudi-spark-client/src/test/java/org/apache/hudi/index/bloom/TestHoodieGlobalBloomIndex.java,
hudi,TestBucketizedBloomCheckPartitioner.java,INSTANTIATION,BucketizedBloomCheckPartitioner,134,hudi-client/hudi-spark-client/src/test/java/org/apache/hudi/index/bloom/TestBucketizedBloomCheckPartitioner.java,
hudi,TestBucketizedBloomCheckPartitioner.java,INSTANTIATION,BucketizedBloomCheckPartitioner,156,hudi-client/hudi-spark-client/src/test/java/org/apache/hudi/index/bloom/TestBucketizedBloomCheckPartitioner.java,
hudi,TestBucketizedBloomCheckPartitioner.java,INSTANTIATION,BucketizedBloomCheckPartitioner,173,hudi-client/hudi-spark-client/src/test/java/org/apache/hudi/index/bloom/TestBucketizedBloomCheckPartitioner.java,
hudi,TestBucketizedBloomCheckPartitioner.java,INSTANTIATION,BucketizedBloomCheckPartitioner,185,hudi-client/hudi-spark-client/src/test/java/org/apache/hudi/index/bloom/TestBucketizedBloomCheckPartitioner.java,
hudi,TestHoodieBloomFilterProbingResult.java,INSTANTIATION,HoodieBloomFilterProbingResult,41,hudi-client/hudi-spark-client/src/test/java/org/apache/hudi/index/bloom/TestHoodieBloomFilterProbingResult.java,
hudi,TestHoodieBloomFilterProbingResult.java,INSTANTIATION,HoodieBloomFilterProbingResult,48,hudi-client/hudi-spark-client/src/test/java/org/apache/hudi/index/bloom/TestHoodieBloomFilterProbingResult.java,
hudi,TestHoodieBloomFilterProbingResult.java,INSTANTIATION,HoodieBloomFilterProbingResult,55,hudi-client/hudi-spark-client/src/test/java/org/apache/hudi/index/bloom/TestHoodieBloomFilterProbingResult.java,
hudi,TestHoodieBloomFilterProbingResult.java,INSTANTIATION,HoodieBloomFilterProbingResult,57,hudi-client/hudi-spark-client/src/test/java/org/apache/hudi/index/bloom/TestHoodieBloomFilterProbingResult.java,
hudi,TestHoodieBloomFilterProbingResult.java,INSTANTIATION,HoodieBloomFilterProbingResult,59,hudi-client/hudi-spark-client/src/test/java/org/apache/hudi/index/bloom/TestHoodieBloomFilterProbingResult.java,
hudi,TestHoodieSparkExpressionIndex.java,IMPORT,import org.apache.hudi.common.bloom.BloomFilterTypeCode,22,hudi-client/hudi-spark-client/src/test/java/org/apache/hudi/index/expression/TestHoodieSparkExpressionIndex.java,
hudi,TestHoodieSparkExpressionIndex.java,IMPORT,import static org.apache.hudi.core.index.expression.HoodieExpressionIndex.BLOOM_FILTER_NUM_ENTRIES,43,hudi-client/hudi-spark-client/src/test/java/org/apache/hudi/index/expression/TestHoodieSparkExpressionIndex.java,
hudi,TestHoodieSparkExpressionIndex.java,IMPORT,import static org.apache.hudi.core.index.expression.HoodieExpressionIndex.BLOOM_FILTER_TYPE,44,hudi-client/hudi-spark-client/src/test/java/org/apache/hudi/index/expression/TestHoodieSparkExpressionIndex.java,
hudi,TestHoodieSparkExpressionIndex.java,IMPORT,import static org.apache.hudi.core.index.expression.HoodieExpressionIndex.DYNAMIC_BLOOM_MAX_ENTRIES,45,hudi-client/hudi-spark-client/src/test/java/org/apache/hudi/index/expression/TestHoodieSparkExpressionIndex.java,
hudi,TestHoodieSparkExpressionIndex.java,IMPORT,import static org.apache.hudi.metadata.HoodieTableMetadataUtil.PARTITION_NAME_BLOOM_FILTERS,47,hudi-client/hudi-spark-client/src/test/java/org/apache/hudi/index/expression/TestHoodieSparkExpressionIndex.java,
hudi,HoodieSparkWriteableTestTable.java,IMPORT,import org.apache.hudi.common.bloom.BloomFilter,23,hudi-client/hudi-spark-client/src/test/java/org/apache/hudi/testutils/HoodieSparkWriteableTestTable.java,
hudi,HoodieSparkWriteableTestTable.java,IMPORT,import org.apache.hudi.common.bloom.BloomFilterFactory,24,hudi-client/hudi-spark-client/src/test/java/org/apache/hudi/testutils/HoodieSparkWriteableTestTable.java,
hudi,HoodieSparkWriteableTestTable.java,IMPORT,import org.apache.hudi.common.bloom.BloomFilterTypeCode,25,hudi-client/hudi-spark-client/src/test/java/org/apache/hudi/testutils/HoodieSparkWriteableTestTable.java,
hudi,TestCopyOnWriteActionExecutor.java,IMPORT,import org.apache.hudi.common.bloom.BloomFilter,23,hudi-client/hudi-spark-client/src/test/java/org/apache/hudi/table/action/commit/TestCopyOnWriteActionExecutor.java,
hudi,HoodieSparkVortexWriter.java,IMPORT,import org.apache.hudi.common.bloom.BloomFilter,21,hudi-client/hudi-spark-client/src/main/java-vortex/org/apache/hudi/io/storage/HoodieSparkVortexWriter.java,
hudi,HoodieSparkVortexWriter.java,IMPORT,import org.apache.hudi.io.storage.row.HoodieBloomFilterRowWriteSupport,27,hudi-client/hudi-spark-client/src/main/java-vortex/org/apache/hudi/io/storage/HoodieSparkVortexWriter.java,
hudi,HoodieSparkVortexReader.java,IMPORT,import org.apache.hudi.common.bloom.BloomFilter,22,hudi-client/hudi-spark-client/src/main/java-vortex/org/apache/hudi/io/storage/HoodieSparkVortexReader.java,
hudi,HoodieSparkIndexClient.java,IMPORT,import static org.apache.hudi.common.config.HoodieMetadataConfig.ENABLE_METADATA_INDEX_BLOOM_FILTER,59,hudi-client/hudi-spark-client/src/main/java/org/apache/hudi/index/HoodieSparkIndexClient.java,
hudi,HoodieSparkIndexClient.java,IMPORT,import static org.apache.hudi.metadata.HoodieTableMetadataUtil.PARTITION_NAME_BLOOM_FILTERS,64,hudi-client/hudi-spark-client/src/main/java/org/apache/hudi/index/HoodieSparkIndexClient.java,
hudi,SparkHoodieIndexFactory.java,IMPORT,import org.apache.hudi.index.bloom.HoodieBloomIndex,24,hudi-client/hudi-spark-client/src/main/java/org/apache/hudi/index/SparkHoodieIndexFactory.java,
hudi,SparkHoodieIndexFactory.java,IMPORT,import org.apache.hudi.index.bloom.HoodieGlobalBloomIndex,25,hudi-client/hudi-spark-client/src/main/java/org/apache/hudi/index/SparkHoodieIndexFactory.java,
hudi,SparkHoodieIndexFactory.java,IMPORT,import org.apache.hudi.index.bloom.SparkHoodieBloomIndexHelper,26,hudi-client/hudi-spark-client/src/main/java/org/apache/hudi/index/SparkHoodieIndexFactory.java,
hudi,SparkHoodieIndexFactory.java,INSTANTIATION,HoodieBloomIndex,49,hudi-client/hudi-spark-client/src/main/java/org/apache/hudi/index/SparkHoodieIndexFactory.java,import org.apache.hudi.index.bloom.SparkHoodieBloomIndexHelper
hudi,SparkHoodieIndexFactory.java,INSTANTIATION,HoodieGlobalBloomIndex,51,hudi-client/hudi-spark-client/src/main/java/org/apache/hudi/index/SparkHoodieIndexFactory.java,import org.apache.hudi.index.bloom.HoodieGlobalBloomIndex
hudi,HoodieMetadataBloomFilterProbingFunction.java,IMPORT,import org.apache.hudi.common.bloom.BloomFilter,21,hudi-client/hudi-spark-client/src/main/java/org/apache/hudi/index/bloom/HoodieMetadataBloomFilterProbingFunction.java,
hudi,HoodieMetadataBloomFilterProbingFunction.java,INSTANTIATION,BloomIndexLazyKeyCheckIterator,83,hudi-client/hudi-spark-client/src/main/java/org/apache/hudi/index/bloom/HoodieMetadataBloomFilterProbingFunction.java,
hudi,HoodieMetadataBloomFilterProbingFunction.java,INSTANTIATION,HoodieBloomFilterProbingResult,153,hudi-client/hudi-spark-client/src/main/java/org/apache/hudi/index/bloom/HoodieMetadataBloomFilterProbingFunction.java,
hudi,HoodieFileProbingFunction.java,INSTANTIATION,BloomIndexLazyKeyCheckIterator,70,hudi-client/hudi-spark-client/src/main/java/org/apache/hudi/index/bloom/HoodieFileProbingFunction.java,
hudi,SparkHoodieBloomIndexHelper.java,IMPORT,import static org.apache.hudi.metadata.HoodieMetadataPayload.getBloomFilterIndexKey,67,hudi-client/hudi-spark-client/src/main/java/org/apache/hudi/index/bloom/SparkHoodieBloomIndexHelper.java,
hudi,SparkHoodieBloomIndexHelper.java,IMPORT,import static org.apache.hudi.metadata.MetadataPartitionType.BLOOM_FILTERS,68,hudi-client/hudi-spark-client/src/main/java/org/apache/hudi/index/bloom/SparkHoodieBloomIndexHelper.java,
hudi,SparkHoodieBloomIndexHelper.java,INSTANTIATION,SparkHoodieBloomIndexHelper,78,hudi-client/hudi-spark-client/src/main/java/org/apache/hudi/index/bloom/SparkHoodieBloomIndexHelper.java,
hudi,SparkHoodieBloomIndexHelper.java,INSTANTIATION,AffineBloomIndexFileGroupPartitioner,148,hudi-client/hudi-spark-client/src/main/java/org/apache/hudi/index/bloom/SparkHoodieBloomIndexHelper.java,
hudi,SparkHoodieBloomIndexHelper.java,INSTANTIATION,HoodieMetadataBloomFilterProbingFunction,157,hudi-client/hudi-spark-client/src/main/java/org/apache/hudi/index/bloom/SparkHoodieBloomIndexHelper.java,
hudi,SparkHoodieBloomIndexHelper.java,INSTANTIATION,BucketizedBloomCheckPartitioner,165,hudi-client/hudi-spark-client/src/main/java/org/apache/hudi/index/bloom/SparkHoodieBloomIndexHelper.java,
hudi,SparkHoodieBloomIndexHelper.java,INSTANTIATION,HoodieSparkBloomIndexCheckFunction,173,hudi-client/hudi-spark-client/src/main/java/org/apache/hudi/index/bloom/SparkHoodieBloomIndexHelper.java,
hudi,SparkHoodieBloomIndexHelper.java,INSTANTIATION,HoodieSparkBloomIndexCheckFunction,178,hudi-client/hudi-spark-client/src/main/java/org/apache/hudi/index/bloom/SparkHoodieBloomIndexHelper.java,
hudi,SparkHoodieBloomIndexHelper.java,INSTANTIATION,HoodieSparkBloomIndexCheckFunction,181,hudi-client/hudi-spark-client/src/main/java/org/apache/hudi/index/bloom/SparkHoodieBloomIndexHelper.java,
hudi,ExpressionIndexSparkFunctions.java,IMPORT,import static org.apache.hudi.core.index.expression.HoodieExpressionIndex.BLOOM_FILTER_CONFIG_MAPPING,35,hudi-client/hudi-spark-client/src/main/java/org/apache/hudi/index/expression/ExpressionIndexSparkFunctions.java,
hudi,ExpressionIndexSparkFunctions.java,IMPORT,import static org.apache.hudi.metadata.HoodieTableMetadataUtil.PARTITION_NAME_BLOOM_FILTERS,45,hudi-client/hudi-spark-client/src/main/java/org/apache/hudi/index/expression/ExpressionIndexSparkFunctions.java,
hudi,SparkMetadataWriterUtils.java,IMPORT,import org.apache.hudi.common.bloom.BloomFilter,27,hudi-client/hudi-spark-client/src/main/java/org/apache/hudi/client/utils/SparkMetadataWriterUtils.java,
hudi,SparkMetadataWriterUtils.java,IMPORT,import static org.apache.hudi.core.index.expression.HoodieExpressionIndex.BLOOM_FILTER_CONFIG_MAPPING,110,hudi-client/hudi-spark-client/src/main/java/org/apache/hudi/client/utils/SparkMetadataWriterUtils.java,
hudi,SparkMetadataWriterUtils.java,IMPORT,import static org.apache.hudi.metadata.HoodieMetadataPayload.createBloomFilterMetadataRecord,115,hudi-client/hudi-spark-client/src/main/java/org/apache/hudi/client/utils/SparkMetadataWriterUtils.java,
hudi,SparkMetadataWriterUtils.java,IMPORT,import static org.apache.hudi.metadata.HoodieTableMetadataUtil.PARTITION_NAME_BLOOM_FILTERS,117,hudi-client/hudi-spark-client/src/main/java/org/apache/hudi/client/utils/SparkMetadataWriterUtils.java,
hudi,HoodieSparkParquetReader.java,IMPORT,import org.apache.hudi.common.bloom.BloomFilter,22,hudi-client/hudi-spark-client/src/main/java/org/apache/hudi/io/storage/HoodieSparkParquetReader.java,
hudi,HoodieSparkLanceWriter.java,IMPORT,import org.apache.hudi.common.bloom.BloomFilter,21,hudi-client/hudi-spark-client/src/main/java/org/apache/hudi/io/storage/HoodieSparkLanceWriter.java,
hudi,HoodieSparkLanceWriter.java,IMPORT,import org.apache.hudi.io.storage.row.HoodieBloomFilterRowWriteSupport,33,hudi-client/hudi-spark-client/src/main/java/org/apache/hudi/io/storage/HoodieSparkLanceWriter.java,
hudi,HoodieSparkFileWriterFactory.java,IMPORT,import org.apache.hudi.common.bloom.BloomFilter,21,hudi-client/hudi-spark-client/src/main/java/org/apache/hudi/io/storage/HoodieSparkFileWriterFactory.java,
hudi,HoodieSparkLanceReader.java,IMPORT,import org.apache.hudi.common.bloom.BloomFilter,22,hudi-client/hudi-spark-client/src/main/java/org/apache/hudi/io/storage/HoodieSparkLanceReader.java,
hudi,HoodieSparkLanceReader.java,IMPORT,import org.apache.hudi.common.bloom.HoodieDynamicBoundedBloomFilter,23,hudi-client/hudi-spark-client/src/main/java/org/apache/hudi/io/storage/HoodieSparkLanceReader.java,
hudi,HoodieSparkLanceReader.java,IMPORT,import org.apache.hudi.common.bloom.SimpleBloomFilter,24,hudi-client/hudi-spark-client/src/main/java/org/apache/hudi/io/storage/HoodieSparkLanceReader.java,
hudi,HoodieSparkLanceReader.java,IMPORT,import static org.apache.hudi.common.avro.HoodieBloomFilterWriteSupport.HOODIE_AVRO_BLOOM_FILTER_METADATA_KEY,58,hudi-client/hudi-spark-client/src/main/java/org/apache/hudi/io/storage/HoodieSparkLanceReader.java,
hudi,HoodieSparkLanceReader.java,IMPORT,import static org.apache.hudi.common.avro.HoodieBloomFilterWriteSupport.HOODIE_BLOOM_FILTER_TYPE_CODE,59,hudi-client/hudi-spark-client/src/main/java/org/apache/hudi/io/storage/HoodieSparkLanceReader.java,
hudi,HoodieSparkLanceReader.java,IMPORT,import static org.apache.hudi.common.avro.HoodieBloomFilterWriteSupport.HOODIE_MAX_RECORD_KEY_FOOTER,60,hudi-client/hudi-spark-client/src/main/java/org/apache/hudi/io/storage/HoodieSparkLanceReader.java,
hudi,HoodieSparkLanceReader.java,IMPORT,import static org.apache.hudi.common.avro.HoodieBloomFilterWriteSupport.HOODIE_MIN_RECORD_KEY_FOOTER,61,hudi-client/hudi-spark-client/src/main/java/org/apache/hudi/io/storage/HoodieSparkLanceReader.java,
hudi,HoodieSparkLanceReader.java,INSTANTIATION,HoodieDynamicBoundedBloomFilter,130,hudi-client/hudi-spark-client/src/main/java/org/apache/hudi/io/storage/HoodieSparkLanceReader.java,import org.apache.hudi.common.bloom.HoodieDynamicBoundedBloomFilter
hudi,HoodieSparkLanceReader.java,INSTANTIATION,SimpleBloomFilter,132,hudi-client/hudi-spark-client/src/main/java/org/apache/hudi/io/storage/HoodieSparkLanceReader.java,import org.apache.hudi.common.bloom.SimpleBloomFilter
hudi,HoodieInternalRowFileWriterFactory.java,IMPORT,import org.apache.hudi.common.bloom.BloomFilter,21,hudi-client/hudi-spark-client/src/main/java/org/apache/hudi/io/storage/row/HoodieInternalRowFileWriterFactory.java,
hudi,HoodieInternalRowFileWriterFactory.java,IMPORT,import org.apache.hudi.common.bloom.BloomFilterFactory,22,hudi-client/hudi-spark-client/src/main/java/org/apache/hudi/io/storage/row/HoodieInternalRowFileWriterFactory.java,
hudi,HoodieRowParquetWriteSupport.java,IMPORT,import org.apache.hudi.common.avro.HoodieBloomFilterWriteSupport,24,hudi-client/hudi-spark-client/src/main/java/org/apache/hudi/io/storage/row/HoodieRowParquetWriteSupport.java,
hudi,HoodieRowParquetWriteSupport.java,IMPORT,import org.apache.hudi.common.bloom.BloomFilter,25,hudi-client/hudi-spark-client/src/main/java/org/apache/hudi/io/storage/row/HoodieRowParquetWriteSupport.java,
hudi,HoodieBloomFilterRowWriteSupport.java,IMPORT,import org.apache.hudi.common.avro.HoodieBloomFilterWriteSupport,22,hudi-client/hudi-spark-client/src/main/java/org/apache/hudi/io/storage/row/HoodieBloomFilterRowWriteSupport.java,
hudi,HoodieBloomFilterRowWriteSupport.java,IMPORT,import org.apache.hudi.common.bloom.BloomFilter,23,hudi-client/hudi-spark-client/src/main/java/org/apache/hudi/io/storage/row/HoodieBloomFilterRowWriteSupport.java,
hudi,TestBloomIndexFileInfo.java,INSTANTIATION,BloomIndexFileInfo,37,hudi-client/hudi-client-common/src/test/java/org/apache/hudi/index/bloom/TestBloomIndexFileInfo.java,
hudi,TestBloomIndexFileInfo.java,INSTANTIATION,BloomIndexFileInfo,46,hudi-client/hudi-client-common/src/test/java/org/apache/hudi/index/bloom/TestBloomIndexFileInfo.java,
hudi,TestBloomIndexFileInfo.java,INSTANTIATION,BloomIndexFileInfo,54,hudi-client/hudi-client-common/src/test/java/org/apache/hudi/index/bloom/TestBloomIndexFileInfo.java,
hudi,TestBloomIndexFileInfo.java,INSTANTIATION,BloomIndexFileInfo,64,hudi-client/hudi-client-common/src/test/java/org/apache/hudi/index/bloom/TestBloomIndexFileInfo.java,
hudi,TestBloomIndexFileInfo.java,INSTANTIATION,BloomIndexFileInfo,72,hudi-client/hudi-client-common/src/test/java/org/apache/hudi/index/bloom/TestBloomIndexFileInfo.java,
hudi,TestBloomIndexFileInfo.java,INSTANTIATION,BloomIndexFileInfo,73,hudi-client/hudi-client-common/src/test/java/org/apache/hudi/index/bloom/TestBloomIndexFileInfo.java,
hudi,TestBloomIndexFileInfo.java,INSTANTIATION,BloomIndexFileInfo,74,hudi-client/hudi-client-common/src/test/java/org/apache/hudi/index/bloom/TestBloomIndexFileInfo.java,
hudi,HoodieWriteableTestTable.java,IMPORT,import org.apache.hudi.common.bloom.BloomFilter,24,hudi-client/hudi-client-common/src/test/java/org/apache/hudi/testutils/HoodieWriteableTestTable.java,
hudi,TestHoodieAvroParquetWriter.java,IMPORT,import org.apache.hudi.common.avro.HoodieBloomFilterWriteSupport,22,hudi-client/hudi-client-common/src/test/java/org/apache/hudi/avro/TestHoodieAvroParquetWriter.java,
hudi,TestHoodieAvroParquetWriter.java,IMPORT,import org.apache.hudi.common.bloom.BloomFilter,23,hudi-client/hudi-client-common/src/test/java/org/apache/hudi/avro/TestHoodieAvroParquetWriter.java,
hudi,TestHoodieAvroParquetWriter.java,IMPORT,import org.apache.hudi.common.bloom.BloomFilterFactory,24,hudi-client/hudi-client-common/src/test/java/org/apache/hudi/avro/TestHoodieAvroParquetWriter.java,
hudi,TestHoodieAvroParquetWriter.java,IMPORT,import org.apache.hudi.common.bloom.BloomFilterTypeCode,25,hudi-client/hudi-client-common/src/test/java/org/apache/hudi/avro/TestHoodieAvroParquetWriter.java,
hudi,TestHoodieWriteConfig.java,IMPORT,import org.apache.hudi.common.bloom.BloomFilterTypeCode,23,hudi-client/hudi-client-common/src/test/java/org/apache/hudi/config/TestHoodieWriteConfig.java,
hudi,TestExpressionIndexer.java,IMPORT,import org.apache.hudi.metadata.index.bloomfilters.BloomFiltersIndexer,32,hudi-client/hudi-client-common/src/test/java/org/apache/hudi/metadata/index/expression/TestExpressionIndexer.java,
hudi,TestExpressionIndexer.java,IMPORT,import static org.apache.hudi.metadata.HoodieTableMetadataUtil.PARTITION_NAME_BLOOM_FILTERS,53,hudi-client/hudi-client-common/src/test/java/org/apache/hudi/metadata/index/expression/TestExpressionIndexer.java,
hudi,TestBloomFiltersIndexer.java,INSTANTIATION,BloomFiltersIndexer,82,hudi-client/hudi-client-common/src/test/java/org/apache/hudi/metadata/index/bloomfilters/TestBloomFiltersIndexer.java,
hudi,TestBloomFiltersIndexer.java,INSTANTIATION,BloomFiltersIndexer,124,hudi-client/hudi-client-common/src/test/java/org/apache/hudi/metadata/index/bloomfilters/TestBloomFiltersIndexer.java,
hudi,TestBloomFiltersIndexer.java,INSTANTIATION,BloomFiltersIndexer,157,hudi-client/hudi-client-common/src/test/java/org/apache/hudi/metadata/index/bloomfilters/TestBloomFiltersIndexer.java,
hudi,ListBasedHoodieBloomIndexHelper.java,INSTANTIATION,ListBasedHoodieBloomIndexHelper,49,hudi-client/hudi-client-common/src/main/java/org/apache/hudi/index/bloom/ListBasedHoodieBloomIndexHelper.java,
hudi,ListBasedHoodieBloomIndexHelper.java,INSTANTIATION,"HoodieBloomIndexCheckFunction<Pair<HoodieFileGroupId, String>>",67,hudi-client/hudi-client-common/src/main/java/org/apache/hudi/index/bloom/ListBasedHoodieBloomIndexHelper.java,
hudi,HoodieBloomIndex.java,INSTANTIATION,BloomIndexFileInfo,178,hudi-client/hudi-client-common/src/main/java/org/apache/hudi/index/bloom/HoodieBloomIndex.java,
hudi,HoodieBloomIndex.java,INSTANTIATION,BloomIndexFileInfo,181,hudi-client/hudi-client-common/src/main/java/org/apache/hudi/index/bloom/HoodieBloomIndex.java,
hudi,HoodieBloomIndex.java,INSTANTIATION,BloomIndexFileInfo,203,hudi-client/hudi-client-common/src/main/java/org/apache/hudi/index/bloom/HoodieBloomIndex.java,
hudi,HoodieBloomIndex.java,INSTANTIATION,BloomIndexFileInfo,243,hudi-client/hudi-client-common/src/main/java/org/apache/hudi/index/bloom/HoodieBloomIndex.java,
hudi,HoodieIndexConfig.java,IMPORT,import static org.apache.hudi.common.config.HoodieStorageConfig.BLOOM_FILTER_DYNAMIC_MAX_ENTRIES,46,hudi-client/hudi-client-common/src/main/java/org/apache/hudi/config/HoodieIndexConfig.java,
hudi,HoodieIndexConfig.java,IMPORT,import static org.apache.hudi.common.config.HoodieStorageConfig.BLOOM_FILTER_FPP_VALUE,47,hudi-client/hudi-client-common/src/main/java/org/apache/hudi/config/HoodieIndexConfig.java,
hudi,HoodieIndexConfig.java,IMPORT,import static org.apache.hudi.common.config.HoodieStorageConfig.BLOOM_FILTER_NUM_ENTRIES_VALUE,48,hudi-client/hudi-client-common/src/main/java/org/apache/hudi/config/HoodieIndexConfig.java,
hudi,HoodieIndexConfig.java,IMPORT,import static org.apache.hudi.common.config.HoodieStorageConfig.BLOOM_FILTER_TYPE,49,hudi-client/hudi-client-common/src/main/java/org/apache/hudi/config/HoodieIndexConfig.java,
hudi,HoodieIndexConfig.java,IMPORT,import static org.apache.hudi.index.HoodieIndex.IndexType.BLOOM,50,hudi-client/hudi-client-common/src/main/java/org/apache/hudi/config/HoodieIndexConfig.java,
hudi,HoodieIndexConfig.java,IMPORT,import static org.apache.hudi.index.HoodieIndex.IndexType.GLOBAL_BLOOM,53,hudi-client/hudi-client-common/src/main/java/org/apache/hudi/config/HoodieIndexConfig.java,
hudi,IndexerFactory.java,IMPORT,import org.apache.hudi.metadata.index.bloomfilters.BloomFiltersIndexer,26,hudi-client/hudi-client-common/src/main/java/org/apache/hudi/metadata/index/IndexerFactory.java,
hudi,IndexerFactory.java,INSTANTIATION,BloomFiltersIndexer,55,hudi-client/hudi-client-common/src/main/java/org/apache/hudi/metadata/index/IndexerFactory.java,import org.apache.hudi.metadata.index.bloomfilters.BloomFiltersIndexer
hudi,ExpressionIndexer.java,IMPORT,import org.apache.hudi.metadata.index.bloomfilters.BloomFiltersIndexer,44,hudi-client/hudi-client-common/src/main/java/org/apache/hudi/metadata/index/expression/ExpressionIndexer.java,
hudi,ExpressionIndexer.java,IMPORT,import static org.apache.hudi.metadata.HoodieTableMetadataUtil.PARTITION_NAME_BLOOM_FILTERS,66,hudi-client/hudi-client-common/src/main/java/org/apache/hudi/metadata/index/expression/ExpressionIndexer.java,
hudi,BloomFiltersIndexer.java,IMPORT,import org.apache.hudi.common.bloom.BloomFilter,23,hudi-client/hudi-client-common/src/main/java/org/apache/hudi/metadata/index/bloomfilters/BloomFiltersIndexer.java,
hudi,BloomFiltersIndexer.java,IMPORT,import static org.apache.hudi.metadata.MetadataPartitionType.BLOOM_FILTERS,59,hudi-client/hudi-client-common/src/main/java/org/apache/hudi/metadata/index/bloomfilters/BloomFiltersIndexer.java,
hudi,HoodieKeyLookupHandle.java,IMPORT,import org.apache.hudi.common.bloom.BloomFilter,21,hudi-client/hudi-client-common/src/main/java/org/apache/hudi/io/HoodieKeyLookupHandle.java,
hudi,HoodieKeyLookupHandle.java,IMPORT,import static org.apache.hudi.metadata.MetadataPartitionType.BLOOM_FILTERS,38,hudi-client/hudi-client-common/src/main/java/org/apache/hudi/io/HoodieKeyLookupHandle.java,
hudi,HoodieInlineLogAppendHandle.java,IMPORT,import static org.apache.hudi.common.config.HoodieStorageConfig.BLOOM_FILTER_DYNAMIC_MAX_ENTRIES,68,hudi-client/hudi-client-common/src/main/java/org/apache/hudi/io/HoodieInlineLogAppendHandle.java,
hudi,HoodieInlineLogAppendHandle.java,IMPORT,import static org.apache.hudi.common.config.HoodieStorageConfig.BLOOM_FILTER_FPP_VALUE,69,hudi-client/hudi-client-common/src/main/java/org/apache/hudi/io/HoodieInlineLogAppendHandle.java,
hudi,HoodieInlineLogAppendHandle.java,IMPORT,import static org.apache.hudi.common.config.HoodieStorageConfig.BLOOM_FILTER_NUM_ENTRIES_VALUE,70,hudi-client/hudi-client-common/src/main/java/org/apache/hudi/io/HoodieInlineLogAppendHandle.java,
hudi,HoodieInlineLogAppendHandle.java,IMPORT,import static org.apache.hudi.common.config.HoodieStorageConfig.BLOOM_FILTER_TYPE,71,hudi-client/hudi-client-common/src/main/java/org/apache/hudi/io/HoodieInlineLogAppendHandle.java,
hudi,HoodieInlineLogAppendHandle.java,IMPORT,import static org.apache.hudi.common.config.HoodieStorageConfig.HFILE_WITH_BLOOM_FILTER_ENABLED,73,hudi-client/hudi-client-common/src/main/java/org/apache/hudi/io/HoodieInlineLogAppendHandle.java,
hudi,EightToSevenDowngradeHandler.java,IMPORT,import static org.apache.hudi.metadata.MetadataPartitionType.BLOOM_FILTERS,83,hudi-client/hudi-client-common/src/main/java/org/apache/hudi/table/upgrade/EightToSevenDowngradeHandler.java,
hudi,TestFlinkHoodieBloomIndex.java,IMPORT,import org.apache.hudi.common.bloom.BloomFilter,21,hudi-client/hudi-flink-client/src/test/java/org/apache/hudi/index/bloom/TestFlinkHoodieBloomIndex.java,
hudi,TestFlinkHoodieBloomIndex.java,IMPORT,import org.apache.hudi.common.bloom.BloomFilterFactory,22,hudi-client/hudi-flink-client/src/test/java/org/apache/hudi/index/bloom/TestFlinkHoodieBloomIndex.java,
hudi,TestFlinkHoodieBloomIndex.java,IMPORT,import org.apache.hudi.common.bloom.BloomFilterTypeCode,23,hudi-client/hudi-flink-client/src/test/java/org/apache/hudi/index/bloom/TestFlinkHoodieBloomIndex.java,
hudi,TestFlinkHoodieBloomIndex.java,INSTANTIATION,HoodieBloomIndex,111,hudi-client/hudi-flink-client/src/test/java/org/apache/hudi/index/bloom/TestFlinkHoodieBloomIndex.java,
hudi,TestFlinkHoodieBloomIndex.java,INSTANTIATION,BloomIndexFileInfo,152,hudi-client/hudi-flink-client/src/test/java/org/apache/hudi/index/bloom/TestFlinkHoodieBloomIndex.java,
hudi,TestFlinkHoodieBloomIndex.java,INSTANTIATION,BloomIndexFileInfo,153,hudi-client/hudi-flink-client/src/test/java/org/apache/hudi/index/bloom/TestFlinkHoodieBloomIndex.java,
hudi,TestFlinkHoodieBloomIndex.java,INSTANTIATION,BloomIndexFileInfo,154,hudi-client/hudi-flink-client/src/test/java/org/apache/hudi/index/bloom/TestFlinkHoodieBloomIndex.java,
hudi,TestFlinkHoodieBloomIndex.java,INSTANTIATION,BloomIndexFileInfo,155,hudi-client/hudi-flink-client/src/test/java/org/apache/hudi/index/bloom/TestFlinkHoodieBloomIndex.java,
hudi,TestFlinkHoodieBloomIndex.java,INSTANTIATION,HoodieBloomIndex,164,hudi-client/hudi-flink-client/src/test/java/org/apache/hudi/index/bloom/TestFlinkHoodieBloomIndex.java,
hudi,TestFlinkHoodieBloomIndex.java,INSTANTIATION,BloomIndexFileInfo,168,hudi-client/hudi-flink-client/src/test/java/org/apache/hudi/index/bloom/TestFlinkHoodieBloomIndex.java,
hudi,TestFlinkHoodieBloomIndex.java,INSTANTIATION,BloomIndexFileInfo,168,hudi-client/hudi-flink-client/src/test/java/org/apache/hudi/index/bloom/TestFlinkHoodieBloomIndex.java,
hudi,TestFlinkHoodieBloomIndex.java,INSTANTIATION,BloomIndexFileInfo,169,hudi-client/hudi-flink-client/src/test/java/org/apache/hudi/index/bloom/TestFlinkHoodieBloomIndex.java,
hudi,TestFlinkHoodieBloomIndex.java,INSTANTIATION,BloomIndexFileInfo,169,hudi-client/hudi-flink-client/src/test/java/org/apache/hudi/index/bloom/TestFlinkHoodieBloomIndex.java,
hudi,TestFlinkHoodieBloomIndex.java,INSTANTIATION,BloomIndexFileInfo,170,hudi-client/hudi-flink-client/src/test/java/org/apache/hudi/index/bloom/TestFlinkHoodieBloomIndex.java,
hudi,TestFlinkHoodieBloomIndex.java,INSTANTIATION,HoodieBloomIndex,246,hudi-client/hudi-flink-client/src/test/java/org/apache/hudi/index/bloom/TestFlinkHoodieBloomIndex.java,
hudi,TestFlinkHoodieBloomIndex.java,INSTANTIATION,HoodieBloomIndex,273,hudi-client/hudi-flink-client/src/test/java/org/apache/hudi/index/bloom/TestFlinkHoodieBloomIndex.java,
hudi,TestFlinkHoodieBloomIndex.java,INSTANTIATION,HoodieBloomIndex,324,hudi-client/hudi-flink-client/src/test/java/org/apache/hudi/index/bloom/TestFlinkHoodieBloomIndex.java,
hudi,TestFlinkHoodieBloomIndex.java,INSTANTIATION,HoodieBloomIndex,399,hudi-client/hudi-flink-client/src/test/java/org/apache/hudi/index/bloom/TestFlinkHoodieBloomIndex.java,
hudi,HoodieFlinkWriteableTestTable.java,IMPORT,import org.apache.hudi.common.bloom.BloomFilter,24,hudi-client/hudi-flink-client/src/test/java/org/apache/hudi/testutils/HoodieFlinkWriteableTestTable.java,
hudi,HoodieFlinkWriteableTestTable.java,IMPORT,import org.apache.hudi.common.bloom.BloomFilterFactory,25,hudi-client/hudi-flink-client/src/test/java/org/apache/hudi/testutils/HoodieFlinkWriteableTestTable.java,
hudi,HoodieFlinkWriteableTestTable.java,IMPORT,import org.apache.hudi.common.bloom.BloomFilterTypeCode,26,hudi-client/hudi-flink-client/src/test/java/org/apache/hudi/testutils/HoodieFlinkWriteableTestTable.java,
hudi,HoodieFlinkClientTestHarness.java,IMPORT,import org.apache.hudi.index.bloom.TestFlinkHoodieBloomIndex,33,hudi-client/hudi-flink-client/src/test/java/org/apache/hudi/testutils/HoodieFlinkClientTestHarness.java,
hudi,FlinkHoodieIndexFactory.java,IMPORT,import org.apache.hudi.index.bloom.HoodieBloomIndex,26,hudi-client/hudi-flink-client/src/main/java/org/apache/hudi/index/FlinkHoodieIndexFactory.java,
hudi,FlinkHoodieIndexFactory.java,IMPORT,import org.apache.hudi.index.bloom.HoodieGlobalBloomIndex,27,hudi-client/hudi-flink-client/src/main/java/org/apache/hudi/index/FlinkHoodieIndexFactory.java,
hudi,FlinkHoodieIndexFactory.java,IMPORT,import org.apache.hudi.index.bloom.ListBasedHoodieBloomIndexHelper,28,hudi-client/hudi-flink-client/src/main/java/org/apache/hudi/index/FlinkHoodieIndexFactory.java,
hudi,FlinkHoodieIndexFactory.java,INSTANTIATION,HoodieBloomIndex,53,hudi-client/hudi-flink-client/src/main/java/org/apache/hudi/index/FlinkHoodieIndexFactory.java,import org.apache.hudi.index.bloom.ListBasedHoodieBloomIndexHelper
hudi,FlinkHoodieIndexFactory.java,INSTANTIATION,HoodieGlobalBloomIndex,55,hudi-client/hudi-flink-client/src/main/java/org/apache/hudi/index/FlinkHoodieIndexFactory.java,import org.apache.hudi.index.bloom.HoodieGlobalBloomIndex
hudi,HoodieBloomFilterRowDataWriteSupport.java,IMPORT,import org.apache.hudi.common.avro.HoodieBloomFilterWriteSupport,21,hudi-client/hudi-flink-client/src/main/java/org/apache/hudi/io/storage/row/HoodieBloomFilterRowDataWriteSupport.java,
hudi,HoodieBloomFilterRowDataWriteSupport.java,IMPORT,import org.apache.hudi.common.bloom.BloomFilter,22,hudi-client/hudi-flink-client/src/main/java/org/apache/hudi/io/storage/row/HoodieBloomFilterRowDataWriteSupport.java,
hudi,HoodieRowDataFileWriterFactory.java,IMPORT,import org.apache.hudi.common.bloom.BloomFilter,21,hudi-client/hudi-flink-client/src/main/java/org/apache/hudi/io/storage/row/HoodieRowDataFileWriterFactory.java,
hudi,HoodieRowDataLanceWriter.java,IMPORT,import org.apache.hudi.common.bloom.BloomFilter,22,hudi-client/hudi-flink-client/src/main/java/org/apache/hudi/io/storage/row/HoodieRowDataLanceWriter.java,
hudi,HoodieRowDataParquetWriteSupport.java,IMPORT,import org.apache.hudi.common.avro.HoodieBloomFilterWriteSupport,21,hudi-client/hudi-flink-client/src/main/java/org/apache/hudi/io/storage/row/HoodieRowDataParquetWriteSupport.java,
hudi,HoodieRowDataParquetWriteSupport.java,IMPORT,import org.apache.hudi.common.bloom.BloomFilter,22,hudi-client/hudi-flink-client/src/main/java/org/apache/hudi/io/storage/row/HoodieRowDataParquetWriteSupport.java,
hudi,HoodieFileSliceTestUtils.java,IMPORT,import org.apache.hudi.common.bloom.BloomFilterTypeCode,23,hudi-hadoop-common/src/test/java/org/apache/hudi/common/testutils/reader/HoodieFileSliceTestUtils.java,
hudi,TestParquetUtils.java,IMPORT,import org.apache.hudi.common.bloom.BloomFilter,22,hudi-hadoop-common/src/test/java/org/apache/hudi/common/util/TestParquetUtils.java,
hudi,TestParquetUtils.java,IMPORT,import org.apache.hudi.common.bloom.BloomFilterFactory,23,hudi-hadoop-common/src/test/java/org/apache/hudi/common/util/TestParquetUtils.java,
hudi,TestParquetUtils.java,IMPORT,import org.apache.hudi.common.bloom.BloomFilterTypeCode,24,hudi-hadoop-common/src/test/java/org/apache/hudi/common/util/TestParquetUtils.java,
hudi,TestParquetBinaryCopyChecker.java,IMPORT,import static org.apache.hudi.common.avro.HoodieBloomFilterWriteSupport.HOODIE_BLOOM_FILTER_TYPE_CODE,42,hudi-hadoop-common/src/test/java/org/apache/hudi/parquet/io/TestParquetBinaryCopyChecker.java,
hudi,TestHoodieReaderWriterBase.java,IMPORT,import org.apache.hudi.common.bloom.BloomFilter,22,hudi-hadoop-common/src/test/java/org/apache/hudi/io/hadoop/TestHoodieReaderWriterBase.java,
hudi,TestHoodieHFileReaderWriter.java,IMPORT,import org.apache.hudi.common.bloom.BloomFilter,22,hudi-hadoop-common/src/test/java/org/apache/hudi/io/hadoop/TestHoodieHFileReaderWriter.java,
hudi,TestHoodieHFileReaderWriter.java,IMPORT,import org.apache.hudi.common.bloom.BloomFilterTypeCode,23,hudi-hadoop-common/src/test/java/org/apache/hudi/io/hadoop/TestHoodieHFileReaderWriter.java,
hudi,TestHoodieHFileReaderWriter.java,IMPORT,import static org.apache.hudi.common.bloom.BloomFilterFactory.createBloomFilter,86,hudi-hadoop-common/src/test/java/org/apache/hudi/io/hadoop/TestHoodieHFileReaderWriter.java,
hudi,TestHoodieHFileReaderWriter.java,IMPORT,import static org.apache.hudi.core.io.storage.HoodieAvroHFileReaderImplBase.KEY_BLOOM_FILTER_META_BLOCK,92,hudi-hadoop-common/src/test/java/org/apache/hudi/io/hadoop/TestHoodieHFileReaderWriter.java,
hudi,TestHoodieHFileReaderWriter.java,IMPORT,import static org.apache.hudi.core.io.storage.HoodieAvroHFileReaderImplBase.KEY_BLOOM_FILTER_TYPE_CODE,93,hudi-hadoop-common/src/test/java/org/apache/hudi/io/hadoop/TestHoodieHFileReaderWriter.java,
hudi,TestHoodieBaseParquetWriter.java,IMPORT,import org.apache.hudi.common.bloom.BloomFilter,23,hudi-hadoop-common/src/test/java/org/apache/hudi/io/hadoop/TestHoodieBaseParquetWriter.java,
hudi,TestHoodieBaseParquetWriter.java,IMPORT,import org.apache.hudi.common.bloom.BloomFilterFactory,24,hudi-hadoop-common/src/test/java/org/apache/hudi/io/hadoop/TestHoodieBaseParquetWriter.java,
hudi,TestHoodieBaseParquetWriter.java,IMPORT,import org.apache.hudi.common.bloom.BloomFilterTypeCode,25,hudi-hadoop-common/src/test/java/org/apache/hudi/io/hadoop/TestHoodieBaseParquetWriter.java,
hudi,TestHoodieOrcReaderWriter.java,IMPORT,import org.apache.hudi.common.avro.HoodieBloomFilterWriteSupport,22,hudi-hadoop-common/src/test/java/org/apache/hudi/io/hadoop/TestHoodieOrcReaderWriter.java,
hudi,TestHoodieOrcReaderWriter.java,IMPORT,import org.apache.hudi.common.bloom.BloomFilter,23,hudi-hadoop-common/src/test/java/org/apache/hudi/io/hadoop/TestHoodieOrcReaderWriter.java,
hudi,TestHoodieOrcReaderWriter.java,IMPORT,import org.apache.hudi.common.bloom.BloomFilterFactory,24,hudi-hadoop-common/src/test/java/org/apache/hudi/io/hadoop/TestHoodieOrcReaderWriter.java,
hudi,TestHoodieOrcReaderWriter.java,IMPORT,import org.apache.hudi.common.bloom.BloomFilterTypeCode,25,hudi-hadoop-common/src/test/java/org/apache/hudi/io/hadoop/TestHoodieOrcReaderWriter.java,
hudi,TestHoodieOrcReaderWriter.java,IMPORT,import static org.apache.hudi.common.avro.HoodieBloomFilterWriteSupport.HOODIE_AVRO_BLOOM_FILTER_METADATA_KEY,52,hudi-hadoop-common/src/test/java/org/apache/hudi/io/hadoop/TestHoodieOrcReaderWriter.java,
hudi,HoodieBaseVortexWriter.java,IMPORT,import org.apache.hudi.common.avro.HoodieBloomFilterWriteSupport,22,hudi-hadoop-common/src/main/java-vortex/org/apache/hudi/io/vortex/HoodieBaseVortexWriter.java,
hudi,HoodieAvroWriteSupport.java,IMPORT,import org.apache.hudi.common.avro.HoodieBloomFilterWriteSupport,23,hudi-hadoop-common/src/main/java/org/apache/hudi/avro/HoodieAvroWriteSupport.java,
hudi,HoodieAvroWriteSupport.java,IMPORT,import org.apache.hudi.common.bloom.BloomFilter,26,hudi-hadoop-common/src/main/java/org/apache/hudi/avro/HoodieAvroWriteSupport.java,
hudi,ParquetBinaryCopyChecker.java,IMPORT,import static org.apache.hudi.common.avro.HoodieBloomFilterWriteSupport.HOODIE_AVRO_BLOOM_FILTER_METADATA_KEY,48,hudi-hadoop-common/src/main/java/org/apache/hudi/parquet/io/ParquetBinaryCopyChecker.java,
hudi,ParquetBinaryCopyChecker.java,IMPORT,import static org.apache.hudi.common.avro.HoodieBloomFilterWriteSupport.HOODIE_BLOOM_FILTER_TYPE_CODE,49,hudi-hadoop-common/src/main/java/org/apache/hudi/parquet/io/ParquetBinaryCopyChecker.java,
hudi,ParquetBinaryCopyChecker.java,IMPORT,import static org.apache.hudi.common.bloom.BloomFilterTypeCode.SIMPLE,50,hudi-hadoop-common/src/main/java/org/apache/hudi/parquet/io/ParquetBinaryCopyChecker.java,
hudi,HoodieParquetBinaryCopyBase.java,IMPORT,import org.apache.parquet.column.values.bloomfilter.BloomFilter,37,hudi-hadoop-common/src/main/java/org/apache/hudi/parquet/io/HoodieParquetBinaryCopyBase.java,
hudi,HoodieAvroOrcWriter.java,IMPORT,import org.apache.hudi.common.avro.HoodieBloomFilterWriteSupport,22,hudi-hadoop-common/src/main/java/org/apache/hudi/io/storage/hadoop/HoodieAvroOrcWriter.java,
hudi,HoodieAvroOrcWriter.java,IMPORT,import org.apache.hudi.common.bloom.BloomFilter,23,hudi-hadoop-common/src/main/java/org/apache/hudi/io/storage/hadoop/HoodieAvroOrcWriter.java,
hudi,HoodieAvroOrcWriter.java,IMPORT,import org.apache.hudi.common.bloom.HoodieDynamicBoundedBloomFilter,24,hudi-hadoop-common/src/main/java/org/apache/hudi/io/storage/hadoop/HoodieAvroOrcWriter.java,
hudi,HoodieAvroOrcReader.java,IMPORT,import org.apache.hudi.common.bloom.BloomFilter,23,hudi-hadoop-common/src/main/java/org/apache/hudi/io/storage/hadoop/HoodieAvroOrcReader.java,
hudi,HoodieAvroParquetReader.java,IMPORT,import org.apache.hudi.common.bloom.BloomFilter,23,hudi-hadoop-common/src/main/java/org/apache/hudi/io/storage/hadoop/HoodieAvroParquetReader.java,
hudi,HoodieAvroFileWriterFactory.java,IMPORT,import org.apache.hudi.common.bloom.BloomFilter,24,hudi-hadoop-common/src/main/java/org/apache/hudi/io/storage/hadoop/HoodieAvroFileWriterFactory.java,
hudi,HoodieBaseLanceWriter.java,IMPORT,import org.apache.hudi.common.avro.HoodieBloomFilterWriteSupport,22,hudi-hadoop-common/src/main/java/org/apache/hudi/io/lance/HoodieBaseLanceWriter.java,
hudi,TestInternalDynamicBloomFilter.java,INSTANTIATION,HoodieDynamicBoundedBloomFilter,44,hudi-common/src/test/java/org/apache/hudi/common/bloom/TestInternalDynamicBloomFilter.java,
hudi,TestInternalDynamicBloomFilter.java,INSTANTIATION,HoodieDynamicBoundedBloomFilter,69,hudi-common/src/test/java/org/apache/hudi/common/bloom/TestInternalDynamicBloomFilter.java,
hudi,TestInternalDynamicBloomFilter.java,INSTANTIATION,InternalDynamicBloomFilter,80,hudi-common/src/test/java/org/apache/hudi/common/bloom/TestInternalDynamicBloomFilter.java,
hudi,TestInternalDynamicBloomFilter.java,INSTANTIATION,InternalDynamicBloomFilter,86,hudi-common/src/test/java/org/apache/hudi/common/bloom/TestInternalDynamicBloomFilter.java,
hudi,TestInternalDynamicBloomFilter.java,INSTANTIATION,InternalDynamicBloomFilter,93,hudi-common/src/test/java/org/apache/hudi/common/bloom/TestInternalDynamicBloomFilter.java,
hudi,TestInternalDynamicBloomFilter.java,INSTANTIATION,InternalDynamicBloomFilter,108,hudi-common/src/test/java/org/apache/hudi/common/bloom/TestInternalDynamicBloomFilter.java,
hudi,TestInternalDynamicBloomFilter.java,INSTANTIATION,InternalDynamicBloomFilter,120,hudi-common/src/test/java/org/apache/hudi/common/bloom/TestInternalDynamicBloomFilter.java,
hudi,TestInternalDynamicBloomFilter.java,INSTANTIATION,InternalDynamicBloomFilter,121,hudi-common/src/test/java/org/apache/hudi/common/bloom/TestInternalDynamicBloomFilter.java,
hudi,TestInternalDynamicBloomFilter.java,INSTANTIATION,InternalDynamicBloomFilter,127,hudi-common/src/test/java/org/apache/hudi/common/bloom/TestInternalDynamicBloomFilter.java,
hudi,TestInternalDynamicBloomFilter.java,INSTANTIATION,InternalDynamicBloomFilter,128,hudi-common/src/test/java/org/apache/hudi/common/bloom/TestInternalDynamicBloomFilter.java,
hudi,TestInternalDynamicBloomFilter.java,INSTANTIATION,InternalDynamicBloomFilter,140,hudi-common/src/test/java/org/apache/hudi/common/bloom/TestInternalDynamicBloomFilter.java,
hudi,TestInternalDynamicBloomFilter.java,INSTANTIATION,InternalDynamicBloomFilter,141,hudi-common/src/test/java/org/apache/hudi/common/bloom/TestInternalDynamicBloomFilter.java,
hudi,TestInternalDynamicBloomFilter.java,INSTANTIATION,InternalDynamicBloomFilter,147,hudi-common/src/test/java/org/apache/hudi/common/bloom/TestInternalDynamicBloomFilter.java,
hudi,TestInternalDynamicBloomFilter.java,INSTANTIATION,InternalDynamicBloomFilter,148,hudi-common/src/test/java/org/apache/hudi/common/bloom/TestInternalDynamicBloomFilter.java,
hudi,TestInternalDynamicBloomFilter.java,INSTANTIATION,InternalDynamicBloomFilter,162,hudi-common/src/test/java/org/apache/hudi/common/bloom/TestInternalDynamicBloomFilter.java,
hudi,TestInternalDynamicBloomFilter.java,INSTANTIATION,InternalDynamicBloomFilter,163,hudi-common/src/test/java/org/apache/hudi/common/bloom/TestInternalDynamicBloomFilter.java,
hudi,TestInternalDynamicBloomFilter.java,INSTANTIATION,InternalDynamicBloomFilter,169,hudi-common/src/test/java/org/apache/hudi/common/bloom/TestInternalDynamicBloomFilter.java,
hudi,TestInternalDynamicBloomFilter.java,INSTANTIATION,InternalDynamicBloomFilter,181,hudi-common/src/test/java/org/apache/hudi/common/bloom/TestInternalDynamicBloomFilter.java,
hudi,TestInternalDynamicBloomFilter.java,INSTANTIATION,InternalDynamicBloomFilter,192,hudi-common/src/test/java/org/apache/hudi/common/bloom/TestInternalDynamicBloomFilter.java,
hudi,TestInternalDynamicBloomFilter.java,INSTANTIATION,InternalDynamicBloomFilter,201,hudi-common/src/test/java/org/apache/hudi/common/bloom/TestInternalDynamicBloomFilter.java,
hudi,TestInternalDynamicBloomFilter.java,INSTANTIATION,InternalDynamicBloomFilter,208,hudi-common/src/test/java/org/apache/hudi/common/bloom/TestInternalDynamicBloomFilter.java,
hudi,TestInternalDynamicBloomFilter.java,INSTANTIATION,InternalDynamicBloomFilter,221,hudi-common/src/test/java/org/apache/hudi/common/bloom/TestInternalDynamicBloomFilter.java,
hudi,TestInternalDynamicBloomFilter.java,INSTANTIATION,InternalDynamicBloomFilter,227,hudi-common/src/test/java/org/apache/hudi/common/bloom/TestInternalDynamicBloomFilter.java,
hudi,TestInternalBloomFilter.java,INSTANTIATION,InternalBloomFilter,53,hudi-common/src/test/java/org/apache/hudi/common/bloom/TestInternalBloomFilter.java,
hudi,TestInternalBloomFilter.java,INSTANTIATION,InternalBloomFilter,79,hudi-common/src/test/java/org/apache/hudi/common/bloom/TestInternalBloomFilter.java,
hudi,TestInternalBloomFilter.java,INSTANTIATION,InternalBloomFilter,87,hudi-common/src/test/java/org/apache/hudi/common/bloom/TestInternalBloomFilter.java,
hudi,TestInternalBloomFilter.java,INSTANTIATION,InternalBloomFilter,100,hudi-common/src/test/java/org/apache/hudi/common/bloom/TestInternalBloomFilter.java,
hudi,TestInternalBloomFilter.java,INSTANTIATION,InternalBloomFilter,111,hudi-common/src/test/java/org/apache/hudi/common/bloom/TestInternalBloomFilter.java,
hudi,TestInternalBloomFilter.java,INSTANTIATION,InternalBloomFilter,125,hudi-common/src/test/java/org/apache/hudi/common/bloom/TestInternalBloomFilter.java,
hudi,TestInternalBloomFilter.java,INSTANTIATION,InternalBloomFilter,126,hudi-common/src/test/java/org/apache/hudi/common/bloom/TestInternalBloomFilter.java,
hudi,TestInternalBloomFilter.java,INSTANTIATION,InternalBloomFilter,224,hudi-common/src/test/java/org/apache/hudi/common/bloom/TestInternalBloomFilter.java,
hudi,TestSimpleBloomFilter.java,INSTANTIATION,SimpleBloomFilter,41,hudi-common/src/test/java/org/apache/hudi/common/bloom/TestSimpleBloomFilter.java,
hudi,TestSimpleBloomFilter.java,INSTANTIATION,SimpleBloomFilter,49,hudi-common/src/test/java/org/apache/hudi/common/bloom/TestSimpleBloomFilter.java,
hudi,TestSimpleBloomFilter.java,INSTANTIATION,SimpleBloomFilter,55,hudi-common/src/test/java/org/apache/hudi/common/bloom/TestSimpleBloomFilter.java,
hudi,TestSimpleBloomFilter.java,INSTANTIATION,SimpleBloomFilter,61,hudi-common/src/test/java/org/apache/hudi/common/bloom/TestSimpleBloomFilter.java,
hudi,TestSimpleBloomFilter.java,INSTANTIATION,SimpleBloomFilter,66,hudi-common/src/test/java/org/apache/hudi/common/bloom/TestSimpleBloomFilter.java,
hudi,TestSimpleBloomFilter.java,INSTANTIATION,SimpleBloomFilter,73,hudi-common/src/test/java/org/apache/hudi/common/bloom/TestSimpleBloomFilter.java,
hudi,TestSimpleBloomFilter.java,INSTANTIATION,SimpleBloomFilter,79,hudi-common/src/test/java/org/apache/hudi/common/bloom/TestSimpleBloomFilter.java,
hudi,TestSimpleBloomFilter.java,INSTANTIATION,SimpleBloomFilter,87,hudi-common/src/test/java/org/apache/hudi/common/bloom/TestSimpleBloomFilter.java,
hudi,TestSimpleBloomFilter.java,INSTANTIATION,HoodieDynamicBoundedBloomFilter,88,hudi-common/src/test/java/org/apache/hudi/common/bloom/TestSimpleBloomFilter.java,
hudi,TestHoodieStorageConfig.java,IMPORT,import org.apache.hudi.common.bloom.BloomFilterTypeCode,22,hudi-common/src/test/java/org/apache/hudi/common/config/TestHoodieStorageConfig.java,
hudi,TestHoodieStorageConfig.java,IMPORT,import static org.apache.hudi.common.config.HoodieStorageConfig.BLOOM_FILTER_DYNAMIC_MAX_ENTRIES,28,hudi-common/src/test/java/org/apache/hudi/common/config/TestHoodieStorageConfig.java,
hudi,TestHoodieStorageConfig.java,IMPORT,import static org.apache.hudi.common.config.HoodieStorageConfig.BLOOM_FILTER_FPP_VALUE,29,hudi-common/src/test/java/org/apache/hudi/common/config/TestHoodieStorageConfig.java,
hudi,TestHoodieStorageConfig.java,IMPORT,import static org.apache.hudi.common.config.HoodieStorageConfig.BLOOM_FILTER_NUM_ENTRIES_VALUE,30,hudi-common/src/test/java/org/apache/hudi/common/config/TestHoodieStorageConfig.java,
hudi,TestHoodieStorageConfig.java,IMPORT,import static org.apache.hudi.common.config.HoodieStorageConfig.BLOOM_FILTER_TYPE,31,hudi-common/src/test/java/org/apache/hudi/common/config/TestHoodieStorageConfig.java,
hudi,TestHoodieStorageConfig.java,IMPORT,import static org.apache.hudi.common.config.HoodieStorageConfig.HFILE_WITH_BLOOM_FILTER_ENABLED,32,hudi-common/src/test/java/org/apache/hudi/common/config/TestHoodieStorageConfig.java,
hudi,TestHFileUtils.java,IMPORT,import org.apache.hudi.common.bloom.BloomFilter,22,hudi-common/src/test/java/org/apache/hudi/common/util/TestHFileUtils.java,
hudi,TestHFileUtils.java,IMPORT,import org.apache.hudi.common.bloom.BloomFilterFactory,23,hudi-common/src/test/java/org/apache/hudi/common/util/TestHFileUtils.java,
hudi,TestHFileUtils.java,IMPORT,import static org.apache.hudi.common.config.HoodieStorageConfig.BLOOM_FILTER_DYNAMIC_MAX_ENTRIES,51,hudi-common/src/test/java/org/apache/hudi/common/util/TestHFileUtils.java,
hudi,TestHFileUtils.java,IMPORT,import static org.apache.hudi.common.config.HoodieStorageConfig.BLOOM_FILTER_FPP_VALUE,52,hudi-common/src/test/java/org/apache/hudi/common/util/TestHFileUtils.java,
hudi,TestHFileUtils.java,IMPORT,import static org.apache.hudi.common.config.HoodieStorageConfig.BLOOM_FILTER_NUM_ENTRIES_VALUE,53,hudi-common/src/test/java/org/apache/hudi/common/util/TestHFileUtils.java,
hudi,TestHFileUtils.java,IMPORT,import static org.apache.hudi.common.config.HoodieStorageConfig.BLOOM_FILTER_TYPE,54,hudi-common/src/test/java/org/apache/hudi/common/util/TestHFileUtils.java,
hudi,TestHFileUtils.java,IMPORT,import static org.apache.hudi.common.config.HoodieStorageConfig.HFILE_WITH_BLOOM_FILTER_ENABLED,56,hudi-common/src/test/java/org/apache/hudi/common/util/TestHFileUtils.java,
hudi,TestHoodieFileMetadataMerger.java,IMPORT,import org.apache.hudi.common.bloom.BloomFilter,21,hudi-common/src/test/java/org/apache/hudi/core/io/storage/TestHoodieFileMetadataMerger.java,
hudi,TestHoodieFileMetadataMerger.java,IMPORT,import org.apache.hudi.common.bloom.BloomFilterFactory,22,hudi-common/src/test/java/org/apache/hudi/core/io/storage/TestHoodieFileMetadataMerger.java,
hudi,TestHoodieFileMetadataMerger.java,IMPORT,import org.apache.hudi.common.bloom.BloomFilterTypeCode,23,hudi-common/src/test/java/org/apache/hudi/core/io/storage/TestHoodieFileMetadataMerger.java,
hudi,TestHoodieFileMetadataMerger.java,IMPORT,import static org.apache.hudi.common.avro.HoodieBloomFilterWriteSupport.HOODIE_AVRO_BLOOM_FILTER_METADATA_KEY,34,hudi-common/src/test/java/org/apache/hudi/core/io/storage/TestHoodieFileMetadataMerger.java,
hudi,TestHoodieFileMetadataMerger.java,IMPORT,import static org.apache.hudi.common.avro.HoodieBloomFilterWriteSupport.HOODIE_BLOOM_FILTER_TYPE_CODE,35,hudi-common/src/test/java/org/apache/hudi/core/io/storage/TestHoodieFileMetadataMerger.java,
hudi,TestHoodieFileMetadataMerger.java,IMPORT,import static org.apache.hudi.common.avro.HoodieBloomFilterWriteSupport.HOODIE_MAX_RECORD_KEY_FOOTER,36,hudi-common/src/test/java/org/apache/hudi/core/io/storage/TestHoodieFileMetadataMerger.java,
hudi,TestHoodieFileMetadataMerger.java,IMPORT,import static org.apache.hudi.common.avro.HoodieBloomFilterWriteSupport.HOODIE_MIN_RECORD_KEY_FOOTER,37,hudi-common/src/test/java/org/apache/hudi/core/io/storage/TestHoodieFileMetadataMerger.java,
hudi,TestMetadataPartitionType.java,IMPORT,import org.apache.hudi.avro.model.HoodieMetadataBloomFilter,22,hudi-common/src/test/java/org/apache/hudi/metadata/TestMetadataPartitionType.java,
hudi,TestMetadataPartitionType.java,INSTANTIATION,HoodieMetadataBloomFilter,351,hudi-common/src/test/java/org/apache/hudi/metadata/TestMetadataPartitionType.java,import org.apache.hudi.avro.model.HoodieMetadataBloomFilter
hudi,TestMetadataPartitionType.java,INSTANTIATION,HoodieMetadataBloomFilter,353,hudi-common/src/test/java/org/apache/hudi/metadata/TestMetadataPartitionType.java,import org.apache.hudi.avro.model.HoodieMetadataBloomFilter
hudi,InternalDynamicBloomFilter.java,INSTANTIATION,InternalBloomFilter,71,hudi-common/src/main/java/org/apache/hudi/common/bloom/InternalDynamicBloomFilter.java,
hudi,InternalDynamicBloomFilter.java,INSTANTIATION,InternalBloomFilter,202,hudi-common/src/main/java/org/apache/hudi/common/bloom/InternalDynamicBloomFilter.java,
hudi,InternalDynamicBloomFilter.java,INSTANTIATION,InternalBloomFilter,213,hudi-common/src/main/java/org/apache/hudi/common/bloom/InternalDynamicBloomFilter.java,
hudi,InternalDynamicBloomFilter.java,INSTANTIATION,InternalBloomFilter,228,hudi-common/src/main/java/org/apache/hudi/common/bloom/InternalDynamicBloomFilter.java,
hudi,HoodieDynamicBoundedBloomFilter.java,INSTANTIATION,InternalDynamicBloomFilter,59,hudi-common/src/main/java/org/apache/hudi/common/bloom/HoodieDynamicBoundedBloomFilter.java,
hudi,HoodieDynamicBoundedBloomFilter.java,INSTANTIATION,InternalDynamicBloomFilter,127,hudi-common/src/main/java/org/apache/hudi/common/bloom/HoodieDynamicBoundedBloomFilter.java,
hudi,SimpleBloomFilter.java,INSTANTIATION,InternalBloomFilter,60,hudi-common/src/main/java/org/apache/hudi/common/bloom/SimpleBloomFilter.java,
hudi,SimpleBloomFilter.java,INSTANTIATION,InternalBloomFilter,69,hudi-common/src/main/java/org/apache/hudi/common/bloom/SimpleBloomFilter.java,
hudi,SimpleBloomFilter.java,INSTANTIATION,InternalBloomFilter,84,hudi-common/src/main/java/org/apache/hudi/common/bloom/SimpleBloomFilter.java,
hudi,SimpleBloomFilter.java,INSTANTIATION,InternalBloomFilter,136,hudi-common/src/main/java/org/apache/hudi/common/bloom/SimpleBloomFilter.java,
hudi,SimpleBloomFilter.java,INSTANTIATION,InternalBloomFilter,147,hudi-common/src/main/java/org/apache/hudi/common/bloom/SimpleBloomFilter.java,
hudi,BloomFilterFactory.java,INSTANTIATION,SimpleBloomFilter,41,hudi-common/src/main/java/org/apache/hudi/common/bloom/BloomFilterFactory.java,
hudi,BloomFilterFactory.java,INSTANTIATION,HoodieDynamicBoundedBloomFilter,43,hudi-common/src/main/java/org/apache/hudi/common/bloom/BloomFilterFactory.java,
hudi,BloomFilterFactory.java,INSTANTIATION,SimpleBloomFilter,58,hudi-common/src/main/java/org/apache/hudi/common/bloom/BloomFilterFactory.java,
hudi,BloomFilterFactory.java,INSTANTIATION,HoodieDynamicBoundedBloomFilter,60,hudi-common/src/main/java/org/apache/hudi/common/bloom/BloomFilterFactory.java,
hudi,BloomFilterFactory.java,INSTANTIATION,SimpleBloomFilter,75,hudi-common/src/main/java/org/apache/hudi/common/bloom/BloomFilterFactory.java,
hudi,BloomFilterFactory.java,INSTANTIATION,HoodieDynamicBoundedBloomFilter,77,hudi-common/src/main/java/org/apache/hudi/common/bloom/BloomFilterFactory.java,
hudi,HoodieBloomFilterWriteSupport.java,IMPORT,import org.apache.hudi.common.bloom.BloomFilter,21,hudi-common/src/main/java/org/apache/hudi/common/avro/HoodieBloomFilterWriteSupport.java,
hudi,HoodieBloomFilterWriteSupport.java,IMPORT,import org.apache.hudi.common.bloom.HoodieDynamicBoundedBloomFilter,22,hudi-common/src/main/java/org/apache/hudi/common/avro/HoodieBloomFilterWriteSupport.java,
hudi,HoodieStorageConfig.java,IMPORT,import org.apache.hudi.common.bloom.BloomFilterTypeCode,21,hudi-common/src/main/java/org/apache/hudi/common/config/HoodieStorageConfig.java,
hudi,HoodieMetadataConfig.java,IMPORT,import org.apache.hudi.common.bloom.BloomFilterTypeCode,21,hudi-common/src/main/java/org/apache/hudi/common/config/HoodieMetadataConfig.java,
hudi,FileFormatUtils.java,IMPORT,import org.apache.hudi.common.avro.HoodieBloomFilterWriteSupport,21,hudi-common/src/main/java/org/apache/hudi/common/util/FileFormatUtils.java,
hudi,FileFormatUtils.java,IMPORT,import org.apache.hudi.common.bloom.BloomFilter,22,hudi-common/src/main/java/org/apache/hudi/common/util/FileFormatUtils.java,
hudi,FileFormatUtils.java,IMPORT,import org.apache.hudi.common.bloom.BloomFilterFactory,23,hudi-common/src/main/java/org/apache/hudi/common/util/FileFormatUtils.java,
hudi,FileFormatUtils.java,IMPORT,import org.apache.hudi.common.bloom.BloomFilterTypeCode,24,hudi-common/src/main/java/org/apache/hudi/common/util/FileFormatUtils.java,
hudi,HFileUtils.java,IMPORT,import org.apache.hudi.common.bloom.BloomFilter,23,hudi-common/src/main/java/org/apache/hudi/common/util/HFileUtils.java,
hudi,HFileUtils.java,IMPORT,import org.apache.hudi.common.bloom.BloomFilterFactory,24,hudi-common/src/main/java/org/apache/hudi/common/util/HFileUtils.java,
hudi,HFileUtils.java,IMPORT,import static org.apache.hudi.common.config.HoodieStorageConfig.BLOOM_FILTER_DYNAMIC_MAX_ENTRIES,68,hudi-common/src/main/java/org/apache/hudi/common/util/HFileUtils.java,
hudi,HFileUtils.java,IMPORT,import static org.apache.hudi.common.config.HoodieStorageConfig.BLOOM_FILTER_FPP_VALUE,69,hudi-common/src/main/java/org/apache/hudi/common/util/HFileUtils.java,
hudi,HFileUtils.java,IMPORT,import static org.apache.hudi.common.config.HoodieStorageConfig.BLOOM_FILTER_NUM_ENTRIES_VALUE,70,hudi-common/src/main/java/org/apache/hudi/common/util/HFileUtils.java,
hudi,HFileUtils.java,IMPORT,import static org.apache.hudi.common.config.HoodieStorageConfig.BLOOM_FILTER_TYPE,71,hudi-common/src/main/java/org/apache/hudi/common/util/HFileUtils.java,
hudi,HFileUtils.java,IMPORT,import static org.apache.hudi.common.config.HoodieStorageConfig.HFILE_WITH_BLOOM_FILTER_ENABLED,73,hudi-common/src/main/java/org/apache/hudi/common/util/HFileUtils.java,
hudi,Hash.java,IMPORT,import org.apache.hudi.common.bloom.InternalBloomFilter,22,hudi-common/src/main/java/org/apache/hudi/common/util/hash/Hash.java,
hudi,NoOpTableMetadata.java,IMPORT,import org.apache.hudi.common.bloom.BloomFilter,22,hudi-common/src/main/java/org/apache/hudi/common/table/view/NoOpTableMetadata.java,
hudi,HoodieHFileConfig.java,IMPORT,import org.apache.hudi.common.bloom.BloomFilter,22,hudi-common/src/main/java/org/apache/hudi/core/io/storage/HoodieHFileConfig.java,
hudi,HoodieFileMetadataMerger.java,IMPORT,import org.apache.hudi.common.avro.HoodieBloomFilterWriteSupport,21,hudi-common/src/main/java/org/apache/hudi/core/io/storage/HoodieFileMetadataMerger.java,
hudi,HoodieFileMetadataMerger.java,IMPORT,import org.apache.hudi.common.bloom.BloomFilter,22,hudi-common/src/main/java/org/apache/hudi/core/io/storage/HoodieFileMetadataMerger.java,
hudi,HoodieFileMetadataMerger.java,IMPORT,import org.apache.hudi.common.bloom.BloomFilterFactory,23,hudi-common/src/main/java/org/apache/hudi/core/io/storage/HoodieFileMetadataMerger.java,
hudi,HoodieFileMetadataMerger.java,IMPORT,import static org.apache.hudi.common.avro.HoodieBloomFilterWriteSupport.HOODIE_AVRO_BLOOM_FILTER_METADATA_KEY,31,hudi-common/src/main/java/org/apache/hudi/core/io/storage/HoodieFileMetadataMerger.java,
hudi,HoodieNativeAvroHFileReader.java,IMPORT,import org.apache.hudi.common.bloom.BloomFilter,22,hudi-common/src/main/java/org/apache/hudi/core/io/storage/HoodieNativeAvroHFileReader.java,
hudi,HoodieNativeAvroHFileReader.java,IMPORT,import org.apache.hudi.common.bloom.BloomFilterFactory,23,hudi-common/src/main/java/org/apache/hudi/core/io/storage/HoodieNativeAvroHFileReader.java,
hudi,HoodieBootstrapFileReader.java,IMPORT,import org.apache.hudi.common.bloom.BloomFilter,21,hudi-common/src/main/java/org/apache/hudi/core/io/storage/HoodieBootstrapFileReader.java,
hudi,HoodieFileReader.java,IMPORT,import org.apache.hudi.common.bloom.BloomFilter,21,hudi-common/src/main/java/org/apache/hudi/core/io/storage/HoodieFileReader.java,
hudi,HoodieFileWriterFactory.java,IMPORT,import org.apache.hudi.common.bloom.BloomFilter,21,hudi-common/src/main/java/org/apache/hudi/core/io/storage/HoodieFileWriterFactory.java,
hudi,HoodieFileWriterFactory.java,IMPORT,import org.apache.hudi.common.bloom.BloomFilterFactory,22,hudi-common/src/main/java/org/apache/hudi/core/io/storage/HoodieFileWriterFactory.java,
hudi,HoodieOrcConfig.java,IMPORT,import org.apache.hudi.common.bloom.BloomFilter,21,hudi-common/src/main/java/org/apache/hudi/core/io/storage/HoodieOrcConfig.java,
hudi,FileSystemBackedTableMetadata.java,IMPORT,import org.apache.hudi.common.bloom.BloomFilter,22,hudi-common/src/main/java/org/apache/hudi/metadata/FileSystemBackedTableMetadata.java,
hudi,HoodieMetadataPayload.java,IMPORT,import org.apache.hudi.avro.model.HoodieMetadataBloomFilter,21,hudi-common/src/main/java/org/apache/hudi/metadata/HoodieMetadataPayload.java,
hudi,HoodieMetadataPayload.java,IMPORT,import static org.apache.hudi.metadata.HoodieTableMetadataUtil.getBloomFilterIndexPartitionIdentifier,77,hudi-common/src/main/java/org/apache/hudi/metadata/HoodieMetadataPayload.java,
hudi,HoodieMetadataPayload.java,INSTANTIATION,HoodieMetadataBloomFilter,368,hudi-common/src/main/java/org/apache/hudi/metadata/HoodieMetadataPayload.java,import org.apache.hudi.avro.model.HoodieMetadataBloomFilter
hudi,BaseTableMetadata.java,IMPORT,import org.apache.hudi.avro.model.HoodieMetadataBloomFilter,21,hudi-common/src/main/java/org/apache/hudi/metadata/BaseTableMetadata.java,
hudi,BaseTableMetadata.java,IMPORT,import org.apache.hudi.common.bloom.BloomFilter,23,hudi-common/src/main/java/org/apache/hudi/metadata/BaseTableMetadata.java,
hudi,BaseTableMetadata.java,IMPORT,import org.apache.hudi.common.bloom.BloomFilterFactory,24,hudi-common/src/main/java/org/apache/hudi/metadata/BaseTableMetadata.java,
hudi,BaseTableMetadata.java,INSTANTIATION,BloomFilterIndexRawKey,201,hudi-common/src/main/java/org/apache/hudi/metadata/BaseTableMetadata.java,
hudi,HoodieTableMetadataUtil.java,IMPORT,import org.apache.hudi.common.bloom.BloomFilter,40,hudi-common/src/main/java/org/apache/hudi/metadata/HoodieTableMetadataUtil.java,
hudi,MetadataPartitionType.java,IMPORT,import org.apache.hudi.avro.model.HoodieMetadataBloomFilter,21,hudi-common/src/main/java/org/apache/hudi/metadata/MetadataPartitionType.java,
hudi,MetadataPartitionType.java,IMPORT,import static org.apache.hudi.metadata.HoodieMetadataPayload.BLOOM_FILTER_FIELD_BLOOM_FILTER,53,hudi-common/src/main/java/org/apache/hudi/metadata/MetadataPartitionType.java,
hudi,MetadataPartitionType.java,IMPORT,import static org.apache.hudi.metadata.HoodieMetadataPayload.BLOOM_FILTER_FIELD_IS_DELETED,54,hudi-common/src/main/java/org/apache/hudi/metadata/MetadataPartitionType.java,
hudi,MetadataPartitionType.java,IMPORT,import static org.apache.hudi.metadata.HoodieMetadataPayload.BLOOM_FILTER_FIELD_TIMESTAMP,55,hudi-common/src/main/java/org/apache/hudi/metadata/MetadataPartitionType.java,
hudi,MetadataPartitionType.java,IMPORT,import static org.apache.hudi.metadata.HoodieMetadataPayload.BLOOM_FILTER_FIELD_TYPE,56,hudi-common/src/main/java/org/apache/hudi/metadata/MetadataPartitionType.java,
hudi,MetadataPartitionType.java,IMPORT,import static org.apache.hudi.metadata.HoodieMetadataPayload.SCHEMA_FIELD_ID_BLOOM_FILTER,76,hudi-common/src/main/java/org/apache/hudi/metadata/MetadataPartitionType.java,
hudi,MetadataPartitionType.java,INSTANTIATION,HoodieMetadataBloomFilter,151,hudi-common/src/main/java/org/apache/hudi/metadata/MetadataPartitionType.java,import org.apache.hudi.avro.model.HoodieMetadataBloomFilter
hudi,HoodieBackedTableMetadata.java,IMPORT,import static org.apache.hudi.metadata.HoodieTableMetadataUtil.PARTITION_NAME_BLOOM_FILTERS,105,hudi-common/src/main/java/org/apache/hudi/metadata/HoodieBackedTableMetadata.java,
hudi,HoodieTableMetadata.java,IMPORT,import org.apache.hudi.common.bloom.BloomFilter,22,hudi-common/src/main/java/org/apache/hudi/metadata/HoodieTableMetadata.java,
hudi,HudiPageSourceProvider.java,IMPORT,import static io.trino.plugin.hudi.HudiSessionProperties.useParquetBloomFilter,107,hudi-trino/src/main/java/io/trino/plugin/hudi/HudiPageSourceProvider.java,
hudi,HiveTestCluster.java,IMPORT,import org.apache.hudi.common.bloom.BloomFilter,22,hudi-sync/hudi-hive-sync/src/test/java/org/apache/hudi/hive/testutils/HiveTestCluster.java,
hudi,HiveTestCluster.java,IMPORT,import org.apache.hudi.common.bloom.BloomFilterFactory,23,hudi-sync/hudi-hive-sync/src/test/java/org/apache/hudi/hive/testutils/HiveTestCluster.java,
hudi,HiveTestCluster.java,IMPORT,import org.apache.hudi.common.bloom.BloomFilterTypeCode,24,hudi-sync/hudi-hive-sync/src/test/java/org/apache/hudi/hive/testutils/HiveTestCluster.java,
hudi,HiveTestUtil.java,IMPORT,import org.apache.hudi.common.bloom.BloomFilter,23,hudi-sync/hudi-hive-sync/src/test/java/org/apache/hudi/hive/testutils/HiveTestUtil.java,
hudi,HiveTestUtil.java,IMPORT,import org.apache.hudi.common.bloom.BloomFilterFactory,24,hudi-sync/hudi-hive-sync/src/test/java/org/apache/hudi/hive/testutils/HiveTestUtil.java,
hudi,HiveTestUtil.java,IMPORT,import org.apache.hudi.common.bloom.BloomFilterTypeCode,25,hudi-sync/hudi-hive-sync/src/test/java/org/apache/hudi/hive/testutils/HiveTestUtil.java,
hudi,TestHoodieIndexer.java,IMPORT,import static org.apache.hudi.metadata.MetadataPartitionType.BLOOM_FILTERS,68,hudi-utilities/src/test/java/org/apache/hudi/utilities/TestHoodieIndexer.java,
hudi,HoodieIndexer.java,IMPORT,import static org.apache.hudi.common.config.HoodieMetadataConfig.ENABLE_METADATA_INDEX_BLOOM_FILTER,51,hudi-utilities/src/main/java/org/apache/hudi/utilities/HoodieIndexer.java,
hudi,HoodieIndexer.java,IMPORT,import static org.apache.hudi.metadata.HoodieTableMetadataUtil.PARTITION_NAME_BLOOM_FILTERS,56,hudi-utilities/src/main/java/org/apache/hudi/utilities/HoodieIndexer.java,
hudi,HoodieMetadataTableValidator.java,IMPORT,import org.apache.hudi.common.bloom.BloomFilter,30,hudi-utilities/src/main/java/org/apache/hudi/utilities/HoodieMetadataTableValidator.java,
hudi,HoodieMetadataTableValidator.java,IMPORT,import org.apache.hudi.utilities.util.BloomFilterData,97,hudi-utilities/src/main/java/org/apache/hudi/utilities/HoodieMetadataTableValidator.java,
hudi,BloomFilterData.java,INSTANTIATION,BloomFilterData,103,hudi-utilities/src/main/java/org/apache/hudi/utilities/util/BloomFilterData.java,
hugegraph,RocksDBStdSessions.java,IMPORT,import org.rocksdb.BloomFilter,48,hugegraph-server/hugegraph-rocksdb/src/main/java/org/apache/hugegraph/backend/store/rocksdb/RocksDBStdSessions.java,
hugegraph,RocksDBStdSessions.java,INSTANTIATION,BloomFilter,672,hugegraph-server/hugegraph-rocksdb/src/main/java/org/apache/hugegraph/backend/store/rocksdb/RocksDBStdSessions.java,import org.rocksdb.BloomFilter
hugegraph,RaftRocksdbOptions.java,IMPORT,import org.rocksdb.BloomFilter,26,hugegraph-store/hg-store-core/src/main/java/org/apache/hugegraph/store/options/RaftRocksdbOptions.java,
hugegraph,RaftRocksdbOptions.java,INSTANTIATION,BloomFilter,172,hugegraph-store/hg-store-core/src/main/java/org/apache/hugegraph/store/options/RaftRocksdbOptions.java,import org.rocksdb.BloomFilter
iceberg,TestSparkParquetWriter.java,IMPORT,import static org.apache.iceberg.TableProperties.PARQUET_BLOOM_FILTER_COLUMN_ENABLED_PREFIX,21,spark/v4.0/spark/src/test/java/org/apache/iceberg/spark/data/TestSparkParquetWriter.java,
iceberg,TestSparkParquetWriter.java,IMPORT,import static org.apache.iceberg.TableProperties.PARQUET_BLOOM_FILTER_COLUMN_FPP_PREFIX,22,spark/v4.0/spark/src/test/java/org/apache/iceberg/spark/data/TestSparkParquetWriter.java,
iceberg,TestSparkParquetWriter.java,IMPORT,import static org.apache.iceberg.TableProperties.PARQUET_BLOOM_FILTER_COLUMN_NDV_PREFIX,23,spark/v4.0/spark/src/test/java/org/apache/iceberg/spark/data/TestSparkParquetWriter.java,
iceberg,TestSparkReaderWithBloomFilter.java,IMPORT,import static org.apache.iceberg.TableProperties.PARQUET_BLOOM_FILTER_COLUMN_ENABLED_PREFIX,24,spark/v4.0/spark/src/test/java/org/apache/iceberg/spark/source/TestSparkReaderWithBloomFilter.java,
iceberg,TestSparkParquetWriter.java,IMPORT,import static org.apache.iceberg.TableProperties.PARQUET_BLOOM_FILTER_COLUMN_ENABLED_PREFIX,21,spark/v4.1/spark/src/test/java/org/apache/iceberg/spark/data/TestSparkParquetWriter.java,
iceberg,TestSparkParquetWriter.java,IMPORT,import static org.apache.iceberg.TableProperties.PARQUET_BLOOM_FILTER_COLUMN_FPP_PREFIX,22,spark/v4.1/spark/src/test/java/org/apache/iceberg/spark/data/TestSparkParquetWriter.java,
iceberg,TestSparkParquetWriter.java,IMPORT,import static org.apache.iceberg.TableProperties.PARQUET_BLOOM_FILTER_COLUMN_NDV_PREFIX,23,spark/v4.1/spark/src/test/java/org/apache/iceberg/spark/data/TestSparkParquetWriter.java,
iceberg,TestSparkReaderWithBloomFilter.java,IMPORT,import static org.apache.iceberg.TableProperties.PARQUET_BLOOM_FILTER_COLUMN_ENABLED_PREFIX,24,spark/v4.1/spark/src/test/java/org/apache/iceberg/spark/source/TestSparkReaderWithBloomFilter.java,
iceberg,TestSparkParquetWriter.java,IMPORT,import static org.apache.iceberg.TableProperties.PARQUET_BLOOM_FILTER_COLUMN_ENABLED_PREFIX,21,spark/v3.5/spark/src/test/java/org/apache/iceberg/spark/data/TestSparkParquetWriter.java,
iceberg,TestSparkParquetWriter.java,IMPORT,import static org.apache.iceberg.TableProperties.PARQUET_BLOOM_FILTER_COLUMN_FPP_PREFIX,22,spark/v3.5/spark/src/test/java/org/apache/iceberg/spark/data/TestSparkParquetWriter.java,
iceberg,TestSparkReaderWithBloomFilter.java,IMPORT,import static org.apache.iceberg.TableProperties.PARQUET_BLOOM_FILTER_COLUMN_ENABLED_PREFIX,24,spark/v3.5/spark/src/test/java/org/apache/iceberg/spark/source/TestSparkReaderWithBloomFilter.java,
iceberg,ORC.java,IMPORT,import static org.apache.iceberg.TableProperties.ORC_BLOOM_FILTER_COLUMNS,28,orc/src/main/java/org/apache/iceberg/orc/ORC.java,
iceberg,ORC.java,IMPORT,import static org.apache.iceberg.TableProperties.ORC_BLOOM_FILTER_COLUMNS_DEFAULT,29,orc/src/main/java/org/apache/iceberg/orc/ORC.java,
iceberg,ORC.java,IMPORT,import static org.apache.iceberg.TableProperties.ORC_BLOOM_FILTER_FPP,30,orc/src/main/java/org/apache/iceberg/orc/ORC.java,
iceberg,ORC.java,IMPORT,import static org.apache.iceberg.TableProperties.ORC_BLOOM_FILTER_FPP_DEFAULT,31,orc/src/main/java/org/apache/iceberg/orc/ORC.java,
iceberg,TestSchemaAndMappingUpdate.java,IMPORT,import static org.apache.iceberg.TableProperties.PARQUET_BLOOM_FILTER_COLUMN_ENABLED_PREFIX,21,core/src/test/java/org/apache/iceberg/TestSchemaAndMappingUpdate.java,
iceberg,TestBloomRowGroupFilter.java,IMPORT,import static org.apache.iceberg.TableProperties.PARQUET_BLOOM_FILTER_COLUMN_ENABLED_PREFIX,21,parquet/src/test/java/org/apache/iceberg/parquet/TestBloomRowGroupFilter.java,
iceberg,TestBloomRowGroupFilter.java,IMPORT,import org.apache.parquet.column.values.bloomfilter.BloomFilter,72,parquet/src/test/java/org/apache/iceberg/parquet/TestBloomRowGroupFilter.java,
iceberg,TestBloomRowGroupFilter.java,IMPORT,import org.apache.parquet.hadoop.BloomFilterReader,73,parquet/src/test/java/org/apache/iceberg/parquet/TestBloomRowGroupFilter.java,
iceberg,TestBloomRowGroupFilter.java,INSTANTIATION,ParquetBloomRowGroupFilter,283,parquet/src/test/java/org/apache/iceberg/parquet/TestBloomRowGroupFilter.java,
iceberg,TestBloomRowGroupFilter.java,INSTANTIATION,ParquetBloomRowGroupFilter,288,parquet/src/test/java/org/apache/iceberg/parquet/TestBloomRowGroupFilter.java,
iceberg,TestBloomRowGroupFilter.java,INSTANTIATION,ParquetBloomRowGroupFilter,293,parquet/src/test/java/org/apache/iceberg/parquet/TestBloomRowGroupFilter.java,
iceberg,TestBloomRowGroupFilter.java,INSTANTIATION,ParquetBloomRowGroupFilter,298,parquet/src/test/java/org/apache/iceberg/parquet/TestBloomRowGroupFilter.java,
iceberg,TestBloomRowGroupFilter.java,INSTANTIATION,ParquetBloomRowGroupFilter,306,parquet/src/test/java/org/apache/iceberg/parquet/TestBloomRowGroupFilter.java,
iceberg,TestBloomRowGroupFilter.java,INSTANTIATION,ParquetBloomRowGroupFilter,311,parquet/src/test/java/org/apache/iceberg/parquet/TestBloomRowGroupFilter.java,
iceberg,TestBloomRowGroupFilter.java,INSTANTIATION,ParquetBloomRowGroupFilter,316,parquet/src/test/java/org/apache/iceberg/parquet/TestBloomRowGroupFilter.java,
iceberg,TestBloomRowGroupFilter.java,INSTANTIATION,ParquetBloomRowGroupFilter,321,parquet/src/test/java/org/apache/iceberg/parquet/TestBloomRowGroupFilter.java,
iceberg,TestBloomRowGroupFilter.java,INSTANTIATION,ParquetBloomRowGroupFilter,331,parquet/src/test/java/org/apache/iceberg/parquet/TestBloomRowGroupFilter.java,
iceberg,TestBloomRowGroupFilter.java,INSTANTIATION,ParquetBloomRowGroupFilter,336,parquet/src/test/java/org/apache/iceberg/parquet/TestBloomRowGroupFilter.java,
iceberg,TestBloomRowGroupFilter.java,INSTANTIATION,ParquetBloomRowGroupFilter,344,parquet/src/test/java/org/apache/iceberg/parquet/TestBloomRowGroupFilter.java,
iceberg,TestBloomRowGroupFilter.java,INSTANTIATION,ParquetBloomRowGroupFilter,349,parquet/src/test/java/org/apache/iceberg/parquet/TestBloomRowGroupFilter.java,
iceberg,TestBloomRowGroupFilter.java,INSTANTIATION,ParquetBloomRowGroupFilter,354,parquet/src/test/java/org/apache/iceberg/parquet/TestBloomRowGroupFilter.java,
iceberg,TestBloomRowGroupFilter.java,INSTANTIATION,ParquetBloomRowGroupFilter,362,parquet/src/test/java/org/apache/iceberg/parquet/TestBloomRowGroupFilter.java,
iceberg,TestBloomRowGroupFilter.java,INSTANTIATION,ParquetBloomRowGroupFilter,367,parquet/src/test/java/org/apache/iceberg/parquet/TestBloomRowGroupFilter.java,
iceberg,TestBloomRowGroupFilter.java,INSTANTIATION,ParquetBloomRowGroupFilter,372,parquet/src/test/java/org/apache/iceberg/parquet/TestBloomRowGroupFilter.java,
iceberg,TestBloomRowGroupFilter.java,INSTANTIATION,ParquetBloomRowGroupFilter,380,parquet/src/test/java/org/apache/iceberg/parquet/TestBloomRowGroupFilter.java,
iceberg,TestBloomRowGroupFilter.java,INSTANTIATION,ParquetBloomRowGroupFilter,385,parquet/src/test/java/org/apache/iceberg/parquet/TestBloomRowGroupFilter.java,
iceberg,TestBloomRowGroupFilter.java,INSTANTIATION,ParquetBloomRowGroupFilter,390,parquet/src/test/java/org/apache/iceberg/parquet/TestBloomRowGroupFilter.java,
iceberg,TestBloomRowGroupFilter.java,INSTANTIATION,ParquetBloomRowGroupFilter,395,parquet/src/test/java/org/apache/iceberg/parquet/TestBloomRowGroupFilter.java,
iceberg,TestBloomRowGroupFilter.java,INSTANTIATION,ParquetBloomRowGroupFilter,400,parquet/src/test/java/org/apache/iceberg/parquet/TestBloomRowGroupFilter.java,
iceberg,TestBloomRowGroupFilter.java,INSTANTIATION,ParquetBloomRowGroupFilter,405,parquet/src/test/java/org/apache/iceberg/parquet/TestBloomRowGroupFilter.java,
iceberg,TestBloomRowGroupFilter.java,INSTANTIATION,ParquetBloomRowGroupFilter,410,parquet/src/test/java/org/apache/iceberg/parquet/TestBloomRowGroupFilter.java,
iceberg,TestBloomRowGroupFilter.java,INSTANTIATION,ParquetBloomRowGroupFilter,419,parquet/src/test/java/org/apache/iceberg/parquet/TestBloomRowGroupFilter.java,
iceberg,TestBloomRowGroupFilter.java,INSTANTIATION,ParquetBloomRowGroupFilter,443,parquet/src/test/java/org/apache/iceberg/parquet/TestBloomRowGroupFilter.java,
iceberg,TestBloomRowGroupFilter.java,INSTANTIATION,ParquetBloomRowGroupFilter,460,parquet/src/test/java/org/apache/iceberg/parquet/TestBloomRowGroupFilter.java,
iceberg,TestBloomRowGroupFilter.java,INSTANTIATION,ParquetBloomRowGroupFilter,469,parquet/src/test/java/org/apache/iceberg/parquet/TestBloomRowGroupFilter.java,
iceberg,TestBloomRowGroupFilter.java,INSTANTIATION,ParquetBloomRowGroupFilter,482,parquet/src/test/java/org/apache/iceberg/parquet/TestBloomRowGroupFilter.java,
iceberg,TestBloomRowGroupFilter.java,INSTANTIATION,ParquetBloomRowGroupFilter,493,parquet/src/test/java/org/apache/iceberg/parquet/TestBloomRowGroupFilter.java,
iceberg,TestBloomRowGroupFilter.java,INSTANTIATION,ParquetBloomRowGroupFilter,499,parquet/src/test/java/org/apache/iceberg/parquet/TestBloomRowGroupFilter.java,
iceberg,TestBloomRowGroupFilter.java,INSTANTIATION,ParquetBloomRowGroupFilter,505,parquet/src/test/java/org/apache/iceberg/parquet/TestBloomRowGroupFilter.java,
iceberg,TestBloomRowGroupFilter.java,INSTANTIATION,ParquetBloomRowGroupFilter,512,parquet/src/test/java/org/apache/iceberg/parquet/TestBloomRowGroupFilter.java,
iceberg,TestBloomRowGroupFilter.java,INSTANTIATION,ParquetBloomRowGroupFilter,523,parquet/src/test/java/org/apache/iceberg/parquet/TestBloomRowGroupFilter.java,
iceberg,TestBloomRowGroupFilter.java,INSTANTIATION,ParquetBloomRowGroupFilter,534,parquet/src/test/java/org/apache/iceberg/parquet/TestBloomRowGroupFilter.java,
iceberg,TestBloomRowGroupFilter.java,INSTANTIATION,ParquetBloomRowGroupFilter,546,parquet/src/test/java/org/apache/iceberg/parquet/TestBloomRowGroupFilter.java,
iceberg,TestBloomRowGroupFilter.java,INSTANTIATION,ParquetBloomRowGroupFilter,558,parquet/src/test/java/org/apache/iceberg/parquet/TestBloomRowGroupFilter.java,
iceberg,TestBloomRowGroupFilter.java,INSTANTIATION,ParquetBloomRowGroupFilter,570,parquet/src/test/java/org/apache/iceberg/parquet/TestBloomRowGroupFilter.java,
iceberg,TestBloomRowGroupFilter.java,INSTANTIATION,ParquetBloomRowGroupFilter,586,parquet/src/test/java/org/apache/iceberg/parquet/TestBloomRowGroupFilter.java,
iceberg,TestBloomRowGroupFilter.java,INSTANTIATION,ParquetBloomRowGroupFilter,592,parquet/src/test/java/org/apache/iceberg/parquet/TestBloomRowGroupFilter.java,
iceberg,TestBloomRowGroupFilter.java,INSTANTIATION,ParquetBloomRowGroupFilter,602,parquet/src/test/java/org/apache/iceberg/parquet/TestBloomRowGroupFilter.java,
iceberg,TestBloomRowGroupFilter.java,INSTANTIATION,ParquetBloomRowGroupFilter,612,parquet/src/test/java/org/apache/iceberg/parquet/TestBloomRowGroupFilter.java,
iceberg,TestBloomRowGroupFilter.java,INSTANTIATION,ParquetBloomRowGroupFilter,622,parquet/src/test/java/org/apache/iceberg/parquet/TestBloomRowGroupFilter.java,
iceberg,TestBloomRowGroupFilter.java,INSTANTIATION,ParquetBloomRowGroupFilter,632,parquet/src/test/java/org/apache/iceberg/parquet/TestBloomRowGroupFilter.java,
iceberg,TestBloomRowGroupFilter.java,INSTANTIATION,ParquetBloomRowGroupFilter,642,parquet/src/test/java/org/apache/iceberg/parquet/TestBloomRowGroupFilter.java,
iceberg,TestBloomRowGroupFilter.java,INSTANTIATION,ParquetBloomRowGroupFilter,656,parquet/src/test/java/org/apache/iceberg/parquet/TestBloomRowGroupFilter.java,
iceberg,TestBloomRowGroupFilter.java,INSTANTIATION,ParquetBloomRowGroupFilter,670,parquet/src/test/java/org/apache/iceberg/parquet/TestBloomRowGroupFilter.java,
iceberg,TestBloomRowGroupFilter.java,INSTANTIATION,ParquetBloomRowGroupFilter,680,parquet/src/test/java/org/apache/iceberg/parquet/TestBloomRowGroupFilter.java,
iceberg,TestBloomRowGroupFilter.java,INSTANTIATION,ParquetBloomRowGroupFilter,690,parquet/src/test/java/org/apache/iceberg/parquet/TestBloomRowGroupFilter.java,
iceberg,TestBloomRowGroupFilter.java,INSTANTIATION,ParquetBloomRowGroupFilter,697,parquet/src/test/java/org/apache/iceberg/parquet/TestBloomRowGroupFilter.java,
iceberg,TestBloomRowGroupFilter.java,INSTANTIATION,ParquetBloomRowGroupFilter,706,parquet/src/test/java/org/apache/iceberg/parquet/TestBloomRowGroupFilter.java,
iceberg,TestBloomRowGroupFilter.java,INSTANTIATION,ParquetBloomRowGroupFilter,713,parquet/src/test/java/org/apache/iceberg/parquet/TestBloomRowGroupFilter.java,
iceberg,TestBloomRowGroupFilter.java,INSTANTIATION,ParquetBloomRowGroupFilter,722,parquet/src/test/java/org/apache/iceberg/parquet/TestBloomRowGroupFilter.java,
iceberg,TestBloomRowGroupFilter.java,INSTANTIATION,ParquetBloomRowGroupFilter,729,parquet/src/test/java/org/apache/iceberg/parquet/TestBloomRowGroupFilter.java,
iceberg,TestBloomRowGroupFilter.java,INSTANTIATION,ParquetBloomRowGroupFilter,738,parquet/src/test/java/org/apache/iceberg/parquet/TestBloomRowGroupFilter.java,
iceberg,TestBloomRowGroupFilter.java,INSTANTIATION,ParquetBloomRowGroupFilter,752,parquet/src/test/java/org/apache/iceberg/parquet/TestBloomRowGroupFilter.java,
iceberg,TestBloomRowGroupFilter.java,INSTANTIATION,ParquetBloomRowGroupFilter,766,parquet/src/test/java/org/apache/iceberg/parquet/TestBloomRowGroupFilter.java,
iceberg,TestBloomRowGroupFilter.java,INSTANTIATION,ParquetBloomRowGroupFilter,780,parquet/src/test/java/org/apache/iceberg/parquet/TestBloomRowGroupFilter.java,
iceberg,TestBloomRowGroupFilter.java,INSTANTIATION,ParquetBloomRowGroupFilter,787,parquet/src/test/java/org/apache/iceberg/parquet/TestBloomRowGroupFilter.java,
iceberg,TestBloomRowGroupFilter.java,INSTANTIATION,ParquetBloomRowGroupFilter,798,parquet/src/test/java/org/apache/iceberg/parquet/TestBloomRowGroupFilter.java,
iceberg,TestBloomRowGroupFilter.java,INSTANTIATION,ParquetBloomRowGroupFilter,803,parquet/src/test/java/org/apache/iceberg/parquet/TestBloomRowGroupFilter.java,
iceberg,TestBloomRowGroupFilter.java,INSTANTIATION,ParquetBloomRowGroupFilter,813,parquet/src/test/java/org/apache/iceberg/parquet/TestBloomRowGroupFilter.java,
iceberg,TestBloomRowGroupFilter.java,INSTANTIATION,ParquetBloomRowGroupFilter,828,parquet/src/test/java/org/apache/iceberg/parquet/TestBloomRowGroupFilter.java,
iceberg,TestBloomRowGroupFilter.java,INSTANTIATION,ParquetBloomRowGroupFilter,843,parquet/src/test/java/org/apache/iceberg/parquet/TestBloomRowGroupFilter.java,
iceberg,TestBloomRowGroupFilter.java,INSTANTIATION,ParquetBloomRowGroupFilter,858,parquet/src/test/java/org/apache/iceberg/parquet/TestBloomRowGroupFilter.java,
iceberg,TestBloomRowGroupFilter.java,INSTANTIATION,ParquetBloomRowGroupFilter,872,parquet/src/test/java/org/apache/iceberg/parquet/TestBloomRowGroupFilter.java,
iceberg,TestBloomRowGroupFilter.java,INSTANTIATION,ParquetBloomRowGroupFilter,882,parquet/src/test/java/org/apache/iceberg/parquet/TestBloomRowGroupFilter.java,
iceberg,TestBloomRowGroupFilter.java,INSTANTIATION,ParquetBloomRowGroupFilter,891,parquet/src/test/java/org/apache/iceberg/parquet/TestBloomRowGroupFilter.java,
iceberg,TestBloomRowGroupFilter.java,INSTANTIATION,ParquetBloomRowGroupFilter,896,parquet/src/test/java/org/apache/iceberg/parquet/TestBloomRowGroupFilter.java,
iceberg,TestBloomRowGroupFilter.java,INSTANTIATION,ParquetBloomRowGroupFilter,905,parquet/src/test/java/org/apache/iceberg/parquet/TestBloomRowGroupFilter.java,
iceberg,TestBloomRowGroupFilter.java,INSTANTIATION,ParquetBloomRowGroupFilter,915,parquet/src/test/java/org/apache/iceberg/parquet/TestBloomRowGroupFilter.java,
iceberg,TestBloomRowGroupFilter.java,INSTANTIATION,ParquetBloomRowGroupFilter,925,parquet/src/test/java/org/apache/iceberg/parquet/TestBloomRowGroupFilter.java,
iceberg,TestBloomRowGroupFilter.java,INSTANTIATION,ParquetBloomRowGroupFilter,935,parquet/src/test/java/org/apache/iceberg/parquet/TestBloomRowGroupFilter.java,
iceberg,TestBloomRowGroupFilter.java,INSTANTIATION,ParquetBloomRowGroupFilter,945,parquet/src/test/java/org/apache/iceberg/parquet/TestBloomRowGroupFilter.java,
iceberg,TestBloomRowGroupFilter.java,INSTANTIATION,ParquetBloomRowGroupFilter,959,parquet/src/test/java/org/apache/iceberg/parquet/TestBloomRowGroupFilter.java,
iceberg,TestBloomRowGroupFilter.java,INSTANTIATION,ParquetBloomRowGroupFilter,970,parquet/src/test/java/org/apache/iceberg/parquet/TestBloomRowGroupFilter.java,
iceberg,TestBloomRowGroupFilter.java,INSTANTIATION,ParquetBloomRowGroupFilter,979,parquet/src/test/java/org/apache/iceberg/parquet/TestBloomRowGroupFilter.java,
iceberg,TestBloomRowGroupFilter.java,INSTANTIATION,DummyBloomFilterReader,983,parquet/src/test/java/org/apache/iceberg/parquet/TestBloomRowGroupFilter.java,
iceberg,TestBloomRowGroupFilter.java,INSTANTIATION,ParquetBloomRowGroupFilter,1005,parquet/src/test/java/org/apache/iceberg/parquet/TestBloomRowGroupFilter.java,
iceberg,TestBloomRowGroupFilter.java,INSTANTIATION,ParquetBloomRowGroupFilter,1013,parquet/src/test/java/org/apache/iceberg/parquet/TestBloomRowGroupFilter.java,
iceberg,TestBloomRowGroupFilter.java,INSTANTIATION,ParquetBloomRowGroupFilter,1025,parquet/src/test/java/org/apache/iceberg/parquet/TestBloomRowGroupFilter.java,
iceberg,TestBloomRowGroupFilter.java,INSTANTIATION,ParquetBloomRowGroupFilter,1037,parquet/src/test/java/org/apache/iceberg/parquet/TestBloomRowGroupFilter.java,
iceberg,TestBloomRowGroupFilter.java,INSTANTIATION,ParquetBloomRowGroupFilter,1051,parquet/src/test/java/org/apache/iceberg/parquet/TestBloomRowGroupFilter.java,
iceberg,TestBloomRowGroupFilter.java,INSTANTIATION,ParquetBloomRowGroupFilter,1058,parquet/src/test/java/org/apache/iceberg/parquet/TestBloomRowGroupFilter.java,
iceberg,TestBloomRowGroupFilter.java,INSTANTIATION,ParquetBloomRowGroupFilter,1063,parquet/src/test/java/org/apache/iceberg/parquet/TestBloomRowGroupFilter.java,
iceberg,TestBloomRowGroupFilter.java,INSTANTIATION,ParquetBloomRowGroupFilter,1070,parquet/src/test/java/org/apache/iceberg/parquet/TestBloomRowGroupFilter.java,
iceberg,TestBloomRowGroupFilter.java,INSTANTIATION,ParquetBloomRowGroupFilter,1077,parquet/src/test/java/org/apache/iceberg/parquet/TestBloomRowGroupFilter.java,
iceberg,TestBloomRowGroupFilter.java,INSTANTIATION,ParquetBloomRowGroupFilter,1089,parquet/src/test/java/org/apache/iceberg/parquet/TestBloomRowGroupFilter.java,
iceberg,TestBloomRowGroupFilter.java,INSTANTIATION,ParquetBloomRowGroupFilter,1098,parquet/src/test/java/org/apache/iceberg/parquet/TestBloomRowGroupFilter.java,
iceberg,TestBloomRowGroupFilter.java,INSTANTIATION,ParquetBloomRowGroupFilter,1110,parquet/src/test/java/org/apache/iceberg/parquet/TestBloomRowGroupFilter.java,
iceberg,TestBloomRowGroupFilter.java,INSTANTIATION,ParquetBloomRowGroupFilter,1122,parquet/src/test/java/org/apache/iceberg/parquet/TestBloomRowGroupFilter.java,
iceberg,TestBloomRowGroupFilter.java,INSTANTIATION,ParquetBloomRowGroupFilter,1136,parquet/src/test/java/org/apache/iceberg/parquet/TestBloomRowGroupFilter.java,
iceberg,TestBloomRowGroupFilter.java,INSTANTIATION,ParquetBloomRowGroupFilter,1141,parquet/src/test/java/org/apache/iceberg/parquet/TestBloomRowGroupFilter.java,
iceberg,TestBloomRowGroupFilter.java,INSTANTIATION,ParquetBloomRowGroupFilter,1146,parquet/src/test/java/org/apache/iceberg/parquet/TestBloomRowGroupFilter.java,
iceberg,TestBloomRowGroupFilter.java,INSTANTIATION,ParquetBloomRowGroupFilter,1151,parquet/src/test/java/org/apache/iceberg/parquet/TestBloomRowGroupFilter.java,
iceberg,TestBloomRowGroupFilter.java,INSTANTIATION,ParquetBloomRowGroupFilter,1159,parquet/src/test/java/org/apache/iceberg/parquet/TestBloomRowGroupFilter.java,
iceberg,TestBloomRowGroupFilter.java,INSTANTIATION,ParquetBloomRowGroupFilter,1164,parquet/src/test/java/org/apache/iceberg/parquet/TestBloomRowGroupFilter.java,
iceberg,TestBloomRowGroupFilter.java,INSTANTIATION,ParquetBloomRowGroupFilter,1169,parquet/src/test/java/org/apache/iceberg/parquet/TestBloomRowGroupFilter.java,
iceberg,TestBloomRowGroupFilter.java,INSTANTIATION,ParquetBloomRowGroupFilter,1174,parquet/src/test/java/org/apache/iceberg/parquet/TestBloomRowGroupFilter.java,
iceberg,TestBloomRowGroupFilter.java,INSTANTIATION,ParquetBloomRowGroupFilter,1179,parquet/src/test/java/org/apache/iceberg/parquet/TestBloomRowGroupFilter.java,
iceberg,TestBloomRowGroupFilter.java,INSTANTIATION,ParquetBloomRowGroupFilter,1187,parquet/src/test/java/org/apache/iceberg/parquet/TestBloomRowGroupFilter.java,
iceberg,TestBloomRowGroupFilter.java,INSTANTIATION,ParquetBloomRowGroupFilter,1198,parquet/src/test/java/org/apache/iceberg/parquet/TestBloomRowGroupFilter.java,
iceberg,TestBloomRowGroupFilter.java,INSTANTIATION,ParquetBloomRowGroupFilter,1205,parquet/src/test/java/org/apache/iceberg/parquet/TestBloomRowGroupFilter.java,
iceberg,TestParquet.java,IMPORT,import static org.apache.iceberg.TableProperties.PARQUET_BLOOM_FILTER_ADAPTIVE_ENABLED,23,parquet/src/test/java/org/apache/iceberg/parquet/TestParquet.java,
iceberg,TestParquet.java,IMPORT,import static org.apache.iceberg.TableProperties.PARQUET_BLOOM_FILTER_COLUMN_ENABLED_PREFIX,24,parquet/src/test/java/org/apache/iceberg/parquet/TestParquet.java,
iceberg,TestParquet.java,IMPORT,import static org.apache.iceberg.TableProperties.PARQUET_BLOOM_FILTER_MAX_BYTES,25,parquet/src/test/java/org/apache/iceberg/parquet/TestParquet.java,
iceberg,ReadConf.java,INSTANTIATION,ParquetBloomRowGroupFilter,100,parquet/src/main/java/org/apache/iceberg/parquet/ReadConf.java,
iceberg,ParquetBloomRowGroupFilter.java,IMPORT,import org.apache.parquet.column.values.bloomfilter.BloomFilter,43,parquet/src/main/java/org/apache/iceberg/parquet/ParquetBloomRowGroupFilter.java,
iceberg,ParquetBloomRowGroupFilter.java,IMPORT,import org.apache.parquet.hadoop.BloomFilterReader,44,parquet/src/main/java/org/apache/iceberg/parquet/ParquetBloomRowGroupFilter.java,
iceberg,ParquetBloomRowGroupFilter.java,INSTANTIATION,BloomEvalVisitor,83,parquet/src/main/java/org/apache/iceberg/parquet/ParquetBloomRowGroupFilter.java,
iceberg,Parquet.java,IMPORT,import static org.apache.iceberg.TableProperties.PARQUET_BLOOM_FILTER_ADAPTIVE_ENABLED,30,parquet/src/main/java/org/apache/iceberg/parquet/Parquet.java,
iceberg,Parquet.java,IMPORT,import static org.apache.iceberg.TableProperties.PARQUET_BLOOM_FILTER_ADAPTIVE_ENABLED_DEFAULT,31,parquet/src/main/java/org/apache/iceberg/parquet/Parquet.java,
iceberg,Parquet.java,IMPORT,import static org.apache.iceberg.TableProperties.PARQUET_BLOOM_FILTER_COLUMN_ENABLED_PREFIX,32,parquet/src/main/java/org/apache/iceberg/parquet/Parquet.java,
iceberg,Parquet.java,IMPORT,import static org.apache.iceberg.TableProperties.PARQUET_BLOOM_FILTER_COLUMN_FPP_PREFIX,33,parquet/src/main/java/org/apache/iceberg/parquet/Parquet.java,
iceberg,Parquet.java,IMPORT,import static org.apache.iceberg.TableProperties.PARQUET_BLOOM_FILTER_COLUMN_NDV_PREFIX,34,parquet/src/main/java/org/apache/iceberg/parquet/Parquet.java,
iceberg,Parquet.java,IMPORT,import static org.apache.iceberg.TableProperties.PARQUET_BLOOM_FILTER_MAX_BYTES,35,parquet/src/main/java/org/apache/iceberg/parquet/Parquet.java,
iceberg,Parquet.java,IMPORT,import static org.apache.iceberg.TableProperties.PARQUET_BLOOM_FILTER_MAX_BYTES_DEFAULT,36,parquet/src/main/java/org/apache/iceberg/parquet/Parquet.java,
ignite-3,SharedRocksDbInstanceCreator.java,IMPORT,import org.rocksdb.BloomFilter,45,modules/storage-rocksdb/src/main/java/org/apache/ignite/internal/storage/rocksdb/instance/SharedRocksDbInstanceCreator.java,
ignite-3,SharedRocksDbInstanceCreator.java,INSTANTIATION,BloomFilter,242,modules/storage-rocksdb/src/main/java/org/apache/ignite/internal/storage/rocksdb/instance/SharedRocksDbInstanceCreator.java,import org.rocksdb.BloomFilter
ignite-3,StorageOptionsFactory.java,IMPORT,import org.rocksdb.BloomFilter,22,modules/raft/src/main/java/org/apache/ignite/raft/jraft/util/StorageOptionsFactory.java,
ignite-3,StorageOptionsFactory.java,INSTANTIATION,BloomFilter,305,modules/raft/src/main/java/org/apache/ignite/raft/jraft/util/StorageOptionsFactory.java,import org.rocksdb.BloomFilter
ignite-3,RocksDbKeyValueStorage.java,IMPORT,import org.rocksdb.BloomFilter,124,modules/metastorage/src/main/java/org/apache/ignite/internal/metastorage/server/persistence/RocksDbKeyValueStorage.java,
ignite-3,RocksDbKeyValueStorage.java,INSTANTIATION,BloomFilter,351,modules/metastorage/src/main/java/org/apache/ignite/internal/metastorage/server/persistence/RocksDbKeyValueStorage.java,import org.rocksdb.BloomFilter
ignite-3,PersistentVaultService.java,IMPORT,import org.rocksdb.BloomFilter,33,modules/vault/src/main/java/org/apache/ignite/internal/vault/persistence/PersistentVaultService.java,
ignite-3,PersistentVaultService.java,INSTANTIATION,BloomFilter,85,modules/vault/src/main/java/org/apache/ignite/internal/vault/persistence/PersistentVaultService.java,import org.rocksdb.BloomFilter
incubator-xtable,HoodieAvroWriteSupportWithFieldIds.java,IMPORT,import org.apache.hudi.common.bloom.BloomFilter,29,xtable-hudi-support/xtable-hudi-support-extensions/src/main/java/org/apache/xtable/hudi/extensions/HoodieAvroWriteSupportWithFieldIds.java,
iotdb,ResourceManagerTest.java,IMPORT,import org.apache.iotdb.db.storageengine.buffer.BloomFilterCache,28,iotdb-core/datanode/src/test/java/org/apache/iotdb/db/storageengine/rescon/memory/ResourceManagerTest.java,
iotdb,AbstractCompactionTest.java,IMPORT,import org.apache.iotdb.db.storageengine.buffer.BloomFilterCache,35,iotdb-core/datanode/src/test/java/org/apache/iotdb/db/storageengine/dataregion/compaction/AbstractCompactionTest.java,
iotdb,CompactionSchedulerWithFastPerformerTest.java,IMPORT,import org.apache.iotdb.db.storageengine.buffer.BloomFilterCache,26,iotdb-core/datanode/src/test/java/org/apache/iotdb/db/storageengine/dataregion/compaction/CompactionSchedulerWithFastPerformerTest.java,
iotdb,CompactionSchedulerTest.java,IMPORT,import org.apache.iotdb.db.storageengine.buffer.BloomFilterCache,26,iotdb-core/datanode/src/test/java/org/apache/iotdb/db/storageengine/dataregion/compaction/CompactionSchedulerTest.java,
iotdb,CompactionWithAllNullRowsTest.java,IMPORT,import org.apache.iotdb.db.storageengine.buffer.BloomFilterCache,26,iotdb-core/datanode/src/test/java/org/apache/iotdb/db/storageengine/dataregion/compaction/tablemodel/CompactionWithAllNullRowsTest.java,
iotdb,FastCompactionPerformerNoAlignedTest.java,IMPORT,import org.apache.iotdb.db.storageengine.buffer.BloomFilterCache,27,iotdb-core/datanode/src/test/java/org/apache/iotdb/db/storageengine/dataregion/compaction/inner/FastCompactionPerformerNoAlignedTest.java,
iotdb,InnerUnseqCompactionWithReadPointPerformerTest.java,IMPORT,import org.apache.iotdb.db.storageengine.buffer.BloomFilterCache,24,iotdb-core/datanode/src/test/java/org/apache/iotdb/db/storageengine/dataregion/compaction/inner/InnerUnseqCompactionWithReadPointPerformerTest.java,
iotdb,InnerCompactionTest.java,IMPORT,import org.apache.iotdb.db.storageengine.buffer.BloomFilterCache,25,iotdb-core/datanode/src/test/java/org/apache/iotdb/db/storageengine/dataregion/compaction/inner/InnerCompactionTest.java,
iotdb,InnerUnseqCompactionWithFastPerformerTest.java,IMPORT,import org.apache.iotdb.db.storageengine.buffer.BloomFilterCache,24,iotdb-core/datanode/src/test/java/org/apache/iotdb/db/storageengine/dataregion/compaction/inner/InnerUnseqCompactionWithFastPerformerTest.java,
iotdb,InnerSeqCompactionWithFastPerformerTest.java,IMPORT,import org.apache.iotdb.db.storageengine.buffer.BloomFilterCache,29,iotdb-core/datanode/src/test/java/org/apache/iotdb/db/storageengine/dataregion/compaction/inner/InnerSeqCompactionWithFastPerformerTest.java,
iotdb,InnerSeqCompactionWithReadChunkPerformerTest.java,IMPORT,import org.apache.iotdb.db.storageengine.buffer.BloomFilterCache,29,iotdb-core/datanode/src/test/java/org/apache/iotdb/db/storageengine/dataregion/compaction/inner/InnerSeqCompactionWithReadChunkPerformerTest.java,
iotdb,ReadChunkCompactionPerformerNoAlignedTest.java,IMPORT,import org.apache.iotdb.db.storageengine.buffer.BloomFilterCache,27,iotdb-core/datanode/src/test/java/org/apache/iotdb/db/storageengine/dataregion/compaction/inner/ReadChunkCompactionPerformerNoAlignedTest.java,
iotdb,CrossSpaceCompactionWithFastPerformerTest.java,IMPORT,import org.apache.iotdb.db.storageengine.buffer.BloomFilterCache,25,iotdb-core/datanode/src/test/java/org/apache/iotdb/db/storageengine/dataregion/compaction/cross/CrossSpaceCompactionWithFastPerformerTest.java,
iotdb,CrossSpaceCompactionWithReadPointPerformerTest.java,IMPORT,import org.apache.iotdb.db.storageengine.buffer.BloomFilterCache,25,iotdb-core/datanode/src/test/java/org/apache/iotdb/db/storageengine/dataregion/compaction/cross/CrossSpaceCompactionWithReadPointPerformerTest.java,
iotdb,CompactionClearUtils.java,IMPORT,import org.apache.iotdb.db.storageengine.buffer.BloomFilterCache,24,iotdb-core/datanode/src/test/java/org/apache/iotdb/db/storageengine/dataregion/compaction/utils/CompactionClearUtils.java,
iotdb,CompactionCheckerUtils.java,IMPORT,import org.apache.iotdb.db.storageengine.buffer.BloomFilterCache,30,iotdb-core/datanode/src/test/java/org/apache/iotdb/db/storageengine/dataregion/compaction/utils/CompactionCheckerUtils.java,
iotdb,SeriesReaderTestUtil.java,IMPORT,import org.apache.iotdb.db.storageengine.buffer.BloomFilterCache,23,iotdb-core/datanode/src/test/java/org/apache/iotdb/db/storageengine/dataregion/read/reader/series/SeriesReaderTestUtil.java,
iotdb,AbstractAlignedSeriesScanTest.java,IMPORT,import org.apache.iotdb.db.storageengine.buffer.BloomFilterCache,25,iotdb-core/datanode/src/test/java/org/apache/iotdb/db/storageengine/dataregion/read/reader/series/AbstractAlignedSeriesScanTest.java,
iotdb,BloomFilterCacheTest.java,IMPORT,import org.apache.tsfile.utils.BloomFilter,30,iotdb-core/datanode/src/test/java/org/apache/iotdb/db/storageengine/buffer/BloomFilterCacheTest.java,
iotdb,BloomFilterCacheTest.java,INSTANTIATION,BloomFilterCache.BloomFilterCacheKey,99,iotdb-core/datanode/src/test/java/org/apache/iotdb/db/storageengine/buffer/BloomFilterCacheTest.java,
iotdb,BloomFilterCacheTest.java,INSTANTIATION,BloomFilterCache.BloomFilterCacheKey,117,iotdb-core/datanode/src/test/java/org/apache/iotdb/db/storageengine/buffer/BloomFilterCacheTest.java,
iotdb,BloomFilterCacheTest.java,INSTANTIATION,BloomFilterCache.BloomFilterCacheKey,138,iotdb-core/datanode/src/test/java/org/apache/iotdb/db/storageengine/buffer/BloomFilterCacheTest.java,
iotdb,BloomFilterCacheTest.java,INSTANTIATION,BloomFilterCache.BloomFilterCacheKey,149,iotdb-core/datanode/src/test/java/org/apache/iotdb/db/storageengine/buffer/BloomFilterCacheTest.java,
iotdb,AlignedSeriesTestUtil.java,IMPORT,import org.apache.iotdb.db.storageengine.buffer.BloomFilterCache,22,iotdb-core/datanode/src/test/java/org/apache/iotdb/db/queryengine/execution/operator/AlignedSeriesTestUtil.java,
iotdb,EnvironmentUtils.java,IMPORT,import org.apache.iotdb.db.storageengine.buffer.BloomFilterCache,35,iotdb-core/datanode/src/test/java/org/apache/iotdb/db/utils/EnvironmentUtils.java,
iotdb,StorageEngine.java,IMPORT,import org.apache.iotdb.db.storageengine.buffer.BloomFilterCache,66,iotdb-core/datanode/src/main/java/org/apache/iotdb/db/storageengine/StorageEngine.java,
iotdb,DataRegion.java,IMPORT,import org.apache.iotdb.db.storageengine.buffer.BloomFilterCache,107,iotdb-core/datanode/src/main/java/org/apache/iotdb/db/storageengine/dataregion/DataRegion.java,
iotdb,TimeSeriesMetadataCache.java,IMPORT,import org.apache.tsfile.utils.BloomFilter,44,iotdb-core/datanode/src/main/java/org/apache/iotdb/db/storageengine/buffer/TimeSeriesMetadataCache.java,
iotdb,TimeSeriesMetadataCache.java,INSTANTIATION,BloomFilterCache.BloomFilterCacheKey,227,iotdb-core/datanode/src/main/java/org/apache/iotdb/db/storageengine/buffer/TimeSeriesMetadataCache.java,
iotdb,BloomFilterCache.java,IMPORT,import org.apache.tsfile.utils.BloomFilter,36,iotdb-core/datanode/src/main/java/org/apache/iotdb/db/storageengine/buffer/BloomFilterCache.java,
iotdb,BloomFilterCache.java,INSTANTIATION,BloomFilterLoader,115,iotdb-core/datanode/src/main/java/org/apache/iotdb/db/storageengine/buffer/BloomFilterCache.java,
iotdb,BloomFilterCache.java,INSTANTIATION,BloomFilterCache,253,iotdb-core/datanode/src/main/java/org/apache/iotdb/db/storageengine/buffer/BloomFilterCache.java,
iotdb,DataRegionStateMachine.java,IMPORT,import org.apache.iotdb.db.storageengine.buffer.BloomFilterCache,41,iotdb-core/datanode/src/main/java/org/apache/iotdb/db/consensus/statemachine/dataregion/DataRegionStateMachine.java,
iotdb,TsFileSketchTool.java,IMPORT,import org.apache.tsfile.utils.BloomFilter,45,iotdb-core/datanode/src/main/java/org/apache/iotdb/db/tools/TsFileSketchTool.java,
iotdb,ApproxCountDistinctAccumulator.java,IMPORT,import org.apache.iotdb.calc.execution.operator.source.relational.aggregation.approximate.HyperLogLog,22,iotdb-core/calc-commons/src/main/java/org/apache/iotdb/calc/execution/operator/source/relational/aggregation/ApproxCountDistinctAccumulator.java,
iotdb,ApproxCountDistinctAccumulator.java,IMPORT,import org.apache.iotdb.calc.execution.operator.source.relational.aggregation.approximate.HyperLogLogStateFactory,23,iotdb-core/calc-commons/src/main/java/org/apache/iotdb/calc/execution/operator/source/relational/aggregation/ApproxCountDistinctAccumulator.java,
iotdb,ApproxCountDistinctAccumulator.java,IMPORT,import static org.apache.iotdb.calc.execution.operator.source.relational.aggregation.approximate.HyperLogLog.DEFAULT_STANDARD_ERROR,36,iotdb-core/calc-commons/src/main/java/org/apache/iotdb/calc/execution/operator/source/relational/aggregation/ApproxCountDistinctAccumulator.java,
iotdb,ApproxCountDistinctAccumulator.java,INSTANTIATION,HyperLogLog,107,iotdb-core/calc-commons/src/main/java/org/apache/iotdb/calc/execution/operator/source/relational/aggregation/ApproxCountDistinctAccumulator.java,import static org.apache.iotdb.calc.execution.operator.source.relational.aggregation.approximate.HyperLogLog.DEFAULT_STANDARD_ERROR
iotdb,ApproxCountDistinctAccumulator.java,INSTANTIATION,HyperLogLog,273,iotdb-core/calc-commons/src/main/java/org/apache/iotdb/calc/execution/operator/source/relational/aggregation/ApproxCountDistinctAccumulator.java,import static org.apache.iotdb.calc.execution.operator.source.relational.aggregation.approximate.HyperLogLog.DEFAULT_STANDARD_ERROR
iotdb,HyperLogLogStateFactory.java,IMPORT,import org.apache.iotdb.calc.execution.operator.source.relational.aggregation.grouped.array.HyperLogLogBigArray,22,iotdb-core/calc-commons/src/main/java/org/apache/iotdb/calc/execution/operator/source/relational/aggregation/approximate/HyperLogLogStateFactory.java,
iotdb,HyperLogLogStateFactory.java,INSTANTIATION,SingleHyperLogLogState,31,iotdb-core/calc-commons/src/main/java/org/apache/iotdb/calc/execution/operator/source/relational/aggregation/approximate/HyperLogLogStateFactory.java,
iotdb,HyperLogLogStateFactory.java,INSTANTIATION,GroupedHyperLogLogState,35,iotdb-core/calc-commons/src/main/java/org/apache/iotdb/calc/execution/operator/source/relational/aggregation/approximate/HyperLogLogStateFactory.java,
iotdb,HyperLogLogStateFactory.java,INSTANTIATION,HyperLogLogBigArray,68,iotdb-core/calc-commons/src/main/java/org/apache/iotdb/calc/execution/operator/source/relational/aggregation/approximate/HyperLogLogStateFactory.java,import org.apache.iotdb.calc.execution.operator.source.relational.aggregation.grouped.array.HyperLogLogBigArray
iotdb,GroupedApproxCountDistinctAccumulator.java,IMPORT,import org.apache.iotdb.calc.execution.operator.source.relational.aggregation.approximate.HyperLogLog,23,iotdb-core/calc-commons/src/main/java/org/apache/iotdb/calc/execution/operator/source/relational/aggregation/grouped/GroupedApproxCountDistinctAccumulator.java,
iotdb,GroupedApproxCountDistinctAccumulator.java,IMPORT,import org.apache.iotdb.calc.execution.operator.source.relational.aggregation.approximate.HyperLogLogStateFactory,24,iotdb-core/calc-commons/src/main/java/org/apache/iotdb/calc/execution/operator/source/relational/aggregation/grouped/GroupedApproxCountDistinctAccumulator.java,
iotdb,GroupedApproxCountDistinctAccumulator.java,IMPORT,import org.apache.iotdb.calc.execution.operator.source.relational.aggregation.grouped.array.HyperLogLogBigArray,25,iotdb-core/calc-commons/src/main/java/org/apache/iotdb/calc/execution/operator/source/relational/aggregation/grouped/GroupedApproxCountDistinctAccumulator.java,
iotdb,GroupedApproxCountDistinctAccumulator.java,IMPORT,import static org.apache.iotdb.calc.execution.operator.source.relational.aggregation.approximate.HyperLogLog.DEFAULT_STANDARD_ERROR,35,iotdb-core/calc-commons/src/main/java/org/apache/iotdb/calc/execution/operator/source/relational/aggregation/grouped/GroupedApproxCountDistinctAccumulator.java,
iotdb,GroupedApproxCountDistinctAccumulator.java,INSTANTIATION,HyperLogLog,104,iotdb-core/calc-commons/src/main/java/org/apache/iotdb/calc/execution/operator/source/relational/aggregation/grouped/GroupedApproxCountDistinctAccumulator.java,import static org.apache.iotdb.calc.execution.operator.source.relational.aggregation.approximate.HyperLogLog.DEFAULT_STANDARD_ERROR
iotdb,GroupedApproxCountDistinctAccumulator.java,INSTANTIATION,HyperLogLogBigArray,319,iotdb-core/calc-commons/src/main/java/org/apache/iotdb/calc/execution/operator/source/relational/aggregation/grouped/GroupedApproxCountDistinctAccumulator.java,import org.apache.iotdb.calc.execution.operator.source.relational.aggregation.grouped.array.HyperLogLogBigArray
iotdb,HyperLogLogBigArray.java,IMPORT,import org.apache.iotdb.calc.execution.operator.source.relational.aggregation.approximate.HyperLogLog,22,iotdb-core/calc-commons/src/main/java/org/apache/iotdb/calc/execution/operator/source/relational/aggregation/grouped/array/HyperLogLogBigArray.java,
iotdb,HyperLogLogBigArray.java,INSTANTIATION,HyperLogLog,46,iotdb-core/calc-commons/src/main/java/org/apache/iotdb/calc/execution/operator/source/relational/aggregation/grouped/array/HyperLogLogBigArray.java,import org.apache.iotdb.calc.execution.operator.source.relational.aggregation.approximate.HyperLogLog
jackrabbit-oak,BloomFilterTest.java,INSTANTIATION,HyperLogLog,104,oak-commons/src/test/java/org/apache/jackrabbit/oak/commons/collections/BloomFilterTest.java,
jackrabbit-oak,HyperLogLogTest.java,INSTANTIATION,HyperLogLog,31,oak-commons/src/test/java/org/apache/jackrabbit/oak/commons/collections/HyperLogLogTest.java,
jackrabbit-oak,HyperLogLogTest.java,INSTANTIATION,HyperLogLog,36,oak-commons/src/test/java/org/apache/jackrabbit/oak/commons/collections/HyperLogLogTest.java,
jackrabbit-oak,HyperLogLogTest.java,INSTANTIATION,HyperLogLog,41,oak-commons/src/test/java/org/apache/jackrabbit/oak/commons/collections/HyperLogLogTest.java,
jackrabbit-oak,HyperLogLogTest.java,INSTANTIATION,HyperLogLog,43,oak-commons/src/test/java/org/apache/jackrabbit/oak/commons/collections/HyperLogLogTest.java,
jackrabbit-oak,HyperLogLogTest.java,INSTANTIATION,HyperLogLog,114,oak-commons/src/test/java/org/apache/jackrabbit/oak/commons/collections/HyperLogLogTest.java,
jackrabbit-oak,BloomFilter.java,INSTANTIATION,BloomFilter,54,oak-commons/src/main/java/org/apache/jackrabbit/oak/commons/collections/BloomFilter.java,
jackrabbit-oak,BlobIdSet.java,IMPORT,import org.apache.jackrabbit.oak.commons.collections.BloomFilter,34,oak-blob/src/main/java/org/apache/jackrabbit/oak/spi/blob/split/BlobIdSet.java,
jackrabbit-oak,CacheChangesTrackerConcurrencyTest.java,INSTANTIATION,CacheChangesTracker.LazyBloomFilter,52,oak-store-document/src/test/java/org/apache/jackrabbit/oak/plugins/document/cache/CacheChangesTrackerConcurrencyTest.java,
jackrabbit-oak,CacheChangesTrackerConcurrencyTest.java,INSTANTIATION,CacheChangesTracker.LazyBloomFilter,142,oak-store-document/src/test/java/org/apache/jackrabbit/oak/plugins/document/cache/CacheChangesTrackerConcurrencyTest.java,
jackrabbit-oak,CacheChangesTrackerConcurrencyTest.java,INSTANTIATION,CacheChangesTracker.LazyBloomFilter,208,oak-store-document/src/test/java/org/apache/jackrabbit/oak/plugins/document/cache/CacheChangesTrackerConcurrencyTest.java,
jackrabbit-oak,CacheChangesTracker.java,IMPORT,import org.apache.jackrabbit.oak.commons.collections.BloomFilter,19,oak-store-document/src/main/java/org/apache/jackrabbit/oak/plugins/document/cache/CacheChangesTracker.java,
jackrabbit-oak,CacheChangesTracker.java,INSTANTIATION,LazyBloomFilter,45,oak-store-document/src/main/java/org/apache/jackrabbit/oak/plugins/document/cache/CacheChangesTracker.java,
jackrabbit-oak,HyperLogLog3Linear64Test.java,IMPORT,import org.apache.jackrabbit.oak.commons.collections.HyperLogLog,24,oak-run-commons/src/test/java/org/apache/jackrabbit/oak/index/indexer/document/flatfile/analysis/utils/HyperLogLog3Linear64Test.java,
jackrabbit-oak,HyperLogLog3Linear64Test.java,INSTANTIATION,HyperLogLogUsingLong,95,oak-run-commons/src/test/java/org/apache/jackrabbit/oak/index/indexer/document/flatfile/analysis/utils/HyperLogLog3Linear64Test.java,
jackrabbit-oak,HyperLogLog3Linear64Test.java,INSTANTIATION,HyperLogLog,97,oak-run-commons/src/test/java/org/apache/jackrabbit/oak/index/indexer/document/flatfile/analysis/utils/HyperLogLog3Linear64Test.java,import org.apache.jackrabbit.oak.commons.collections.HyperLogLog
jackrabbit-oak,CountMinSketchTest.java,INSTANTIATION,CountMinSketch,43,oak-run-commons/src/test/java/org/apache/jackrabbit/oak/index/indexer/document/flatfile/analysis/utils/CountMinSketchTest.java,
jackrabbit-oak,CountMinSketchTest.java,INSTANTIATION,CountMinSketch,48,oak-run-commons/src/test/java/org/apache/jackrabbit/oak/index/indexer/document/flatfile/analysis/utils/CountMinSketchTest.java,
jackrabbit-oak,CountMinSketchTest.java,INSTANTIATION,CountMinSketch,53,oak-run-commons/src/test/java/org/apache/jackrabbit/oak/index/indexer/document/flatfile/analysis/utils/CountMinSketchTest.java,
jackrabbit-oak,CountMinSketchTest.java,INSTANTIATION,CountMinSketch,58,oak-run-commons/src/test/java/org/apache/jackrabbit/oak/index/indexer/document/flatfile/analysis/utils/CountMinSketchTest.java,
jackrabbit-oak,CountMinSketchTest.java,INSTANTIATION,CountMinSketch,59,oak-run-commons/src/test/java/org/apache/jackrabbit/oak/index/indexer/document/flatfile/analysis/utils/CountMinSketchTest.java,
jackrabbit-oak,CountMinSketchTest.java,INSTANTIATION,CountMinSketch,85,oak-run-commons/src/test/java/org/apache/jackrabbit/oak/index/indexer/document/flatfile/analysis/utils/CountMinSketchTest.java,
jackrabbit-oak,CountMinSketchTest.java,INSTANTIATION,CountSketchError,105,oak-run-commons/src/test/java/org/apache/jackrabbit/oak/index/indexer/document/flatfile/analysis/utils/CountMinSketchTest.java,
jackrabbit-oak,Prefetcher.java,IMPORT,import org.apache.jackrabbit.oak.commons.collections.HyperLogLog,38,oak-run-commons/src/main/java/org/apache/jackrabbit/oak/index/indexer/document/tree/Prefetcher.java,
jackrabbit-oak,Prefetcher.java,INSTANTIATION,HyperLogLog,136,oak-run-commons/src/main/java/org/apache/jackrabbit/oak/index/indexer/document/tree/Prefetcher.java,import org.apache.jackrabbit.oak.commons.collections.HyperLogLog
jackrabbit-oak,TopKValues.java,INSTANTIATION,CountMinSketch,45,oak-run-commons/src/main/java/org/apache/jackrabbit/oak/index/indexer/document/flatfile/analysis/utils/TopKValues.java,
jackrabbit-oak,DistinctBinarySize.java,IMPORT,import org.apache.jackrabbit.oak.commons.collections.BloomFilter,31,oak-run-commons/src/main/java/org/apache/jackrabbit/oak/index/indexer/document/flatfile/analysis/modules/DistinctBinarySize.java,
jackrabbit-oak,DistinctBinarySize.java,IMPORT,import org.apache.jackrabbit.oak.commons.collections.HyperLogLog,32,oak-run-commons/src/main/java/org/apache/jackrabbit/oak/index/indexer/document/flatfile/analysis/modules/DistinctBinarySize.java,
jackrabbit-oak,DistinctBinarySize.java,INSTANTIATION,HyperLogLog,67,oak-run-commons/src/main/java/org/apache/jackrabbit/oak/index/indexer/document/flatfile/analysis/modules/DistinctBinarySize.java,import org.apache.jackrabbit.oak.commons.collections.HyperLogLog
jackrabbit-oak,DistinctBinarySizeHistogram.java,IMPORT,import org.apache.jackrabbit.oak.commons.collections.HyperLogLog,30,oak-run-commons/src/main/java/org/apache/jackrabbit/oak/index/indexer/document/flatfile/analysis/modules/DistinctBinarySizeHistogram.java,
jackrabbit-oak,DistinctBinarySizeHistogram.java,INSTANTIATION,HyperLogLog,87,oak-run-commons/src/main/java/org/apache/jackrabbit/oak/index/indexer/document/flatfile/analysis/modules/DistinctBinarySizeHistogram.java,import org.apache.jackrabbit.oak.commons.collections.HyperLogLog
jackrabbit-oak,PropertyStats.java,IMPORT,import org.apache.jackrabbit.oak.index.indexer.document.flatfile.analysis.utils.HyperLogLog3Linear64,35,oak-run-commons/src/main/java/org/apache/jackrabbit/oak/index/indexer/document/flatfile/analysis/modules/PropertyStats.java,
james-project,BloomFilterGCAlgorithmContract.java,IMPORT,import org.apache.james.server.blob.deduplication.BloomFilterGCAlgorithm.Context,44,server/blob/blob-storage-strategy/src/test/java/org/apache/james/server/blob/deduplication/BloomFilterGCAlgorithmContract.java,
james-project,BloomFilterGCAlgorithmContract.java,IMPORT,import org.apache.james.server.blob.deduplication.BloomFilterGCAlgorithm.Context.Snapshot,45,server/blob/blob-storage-strategy/src/test/java/org/apache/james/server/blob/deduplication/BloomFilterGCAlgorithmContract.java,
james-project,BloomFilterGCAlgorithmContract.java,INSTANTIATION,BloomFilterGCAlgorithm,97,server/blob/blob-storage-strategy/src/test/java/org/apache/james/server/blob/deduplication/BloomFilterGCAlgorithmContract.java,import org.apache.james.server.blob.deduplication.BloomFilterGCAlgorithm.Context.Snapshot
james-project,BloomFilterGCAlgorithmContract.java,INSTANTIATION,BloomFilterGCAlgorithm,328,server/blob/blob-storage-strategy/src/test/java/org/apache/james/server/blob/deduplication/BloomFilterGCAlgorithmContract.java,import org.apache.james.server.blob.deduplication.BloomFilterGCAlgorithm.Context.Snapshot
james-project,BlobGCTask.java,IMPORT,import org.apache.james.server.blob.deduplication.BloomFilterGCAlgorithm.Context,31,server/blob/blob-storage-strategy/src/main/java/org/apache/james/server/blob/deduplication/BlobGCTask.java,
james-project,BlobGCTask.java,INSTANTIATION,BloomFilterGCAlgorithm,260,server/blob/blob-storage-strategy/src/main/java/org/apache/james/server/blob/deduplication/BlobGCTask.java,import org.apache.james.server.blob.deduplication.BloomFilterGCAlgorithm.Context
james-project,BloomFilterGCAlgorithm.java,IMPORT,import com.google.common.hash.BloomFilter,46,server/blob/blob-storage-strategy/src/main/java/org/apache/james/server/blob/deduplication/BloomFilterGCAlgorithm.java,
james-project,FileBlobStoreGCAlgorithmTest.java,IMPORT,import org.apache.james.server.blob.deduplication.BloomFilterGCAlgorithmContract,24,server/blob/blob-file/src/test/java/org/apache/james/blob/file/FileBlobStoreGCAlgorithmTest.java,
james-project,MemoryBlobStoreGCAlgorithmTest.java,IMPORT,import org.apache.james.server.blob.deduplication.BloomFilterGCAlgorithmContract,23,server/blob/blob-memory/src/test/java/org/apache/james/blob/memory/MemoryBlobStoreGCAlgorithmTest.java,
james-project,S3MinioBlobStoreGCAlgorithmTest.java,IMPORT,import org.apache.james.server.blob.deduplication.BloomFilterGCAlgorithmContract,31,server/blob/blob-s3/src/test/java/org/apache/james/blob/objectstorage/aws/S3MinioBlobStoreGCAlgorithmTest.java,
james-project,PostgresBlobStoreGCAlgorithmTest.java,IMPORT,import org.apache.james.server.blob.deduplication.BloomFilterGCAlgorithm,34,server/blob/blob-postgres/src/test/java/org/apache/james/blob/postgres/PostgresBlobStoreGCAlgorithmTest.java,
james-project,PostgresBlobStoreGCAlgorithmTest.java,IMPORT,import org.apache.james.server.blob.deduplication.BloomFilterGCAlgorithmContract,35,server/blob/blob-postgres/src/test/java/org/apache/james/blob/postgres/PostgresBlobStoreGCAlgorithmTest.java,
james-project,PostgresBlobStoreGCAlgorithmTest.java,INSTANTIATION,BloomFilterGCAlgorithm.Context,87,server/blob/blob-postgres/src/test/java/org/apache/james/blob/postgres/PostgresBlobStoreGCAlgorithmTest.java,
kafka-merge-queue-sandbox,RocksDBStoreTest.java,IMPORT,import org.rocksdb.BloomFilter,73,streams/src/test/java/org/apache/kafka/streams/state/internals/RocksDBStoreTest.java,
kafka-merge-queue-sandbox,RocksDBStoreTest.java,INSTANTIATION,BloomFilter,1257,streams/src/test/java/org/apache/kafka/streams/state/internals/RocksDBStoreTest.java,import org.rocksdb.BloomFilter
kafka-merge-queue-sandbox,RocksDBStore.java,IMPORT,import org.rocksdb.BloomFilter,43,streams/src/main/java/org/apache/kafka/streams/state/internals/RocksDBStore.java,
kafka-merge-queue-sandbox,RocksDBStore.java,INSTANTIATION,BloomFilter,195,streams/src/main/java/org/apache/kafka/streams/state/internals/RocksDBStore.java,import org.rocksdb.BloomFilter
kafka,RocksDBStoreTest.java,IMPORT,import org.rocksdb.BloomFilter,78,streams/src/test/java/org/apache/kafka/streams/state/internals/RocksDBStoreTest.java,
kafka,RocksDBStoreTest.java,INSTANTIATION,BloomFilter,1826,streams/src/test/java/org/apache/kafka/streams/state/internals/RocksDBStoreTest.java,import org.rocksdb.BloomFilter
kafka,RocksDBStore.java,IMPORT,import org.rocksdb.BloomFilter,50,streams/src/main/java/org/apache/kafka/streams/state/internals/RocksDBStore.java,
kafka,RocksDBStore.java,INSTANTIATION,BloomFilter,212,streams/src/main/java/org/apache/kafka/streams/state/internals/RocksDBStore.java,import org.rocksdb.BloomFilter
kylin,BloomFilterTest.java,IMPORT,import org.apache.kylin.engine.spark.filter.BloomFilterSkipCollector,43,src/kylin-it/src/test/java/org/apache/kylin/newten/BloomFilterTest.java,
kylin,BloomFilterTest.java,IMPORT,import org.apache.kylin.engine.spark.filter.ParquetBloomFilter,44,src/kylin-it/src/test/java/org/apache/kylin/newten/BloomFilterTest.java,
kylin,QueryService.java,IMPORT,import org.apache.kylin.engine.spark.filter.BloomFilterSkipCollector,83,src/query-service/src/main/java/org/apache/kylin/rest/service/QueryService.java,
kylin,Repartitioner.java,IMPORT,import org.apache.kylin.engine.spark.filter.ParquetBloomFilter,30,src/spark-project/spark-common/src/main/java/org/apache/kylin/engine/spark/utils/Repartitioner.java,
lucene,BloomFilteringPostingsFormat.java,IMPORT,import org.apache.lucene.codecs.bloom.FuzzySet.ContainsResult,31,lucene/codecs/src/java/org/apache/lucene/codecs/bloom/BloomFilteringPostingsFormat.java,
lucene,BloomFilteringPostingsFormat.java,INSTANTIATION,DefaultBloomFilterFactory,120,lucene/codecs/src/java/org/apache/lucene/codecs/bloom/BloomFilteringPostingsFormat.java,
lucene,BloomFilteringPostingsFormat.java,INSTANTIATION,DefaultBloomFilterFactory,126,lucene/codecs/src/java/org/apache/lucene/codecs/bloom/BloomFilteringPostingsFormat.java,
lucene,BloomFilteringPostingsFormat.java,INSTANTIATION,BloomFilteredFieldsConsumer,138,lucene/codecs/src/java/org/apache/lucene/codecs/bloom/BloomFilteringPostingsFormat.java,
lucene,BloomFilteringPostingsFormat.java,INSTANTIATION,BloomFilteredFieldsProducer,143,lucene/codecs/src/java/org/apache/lucene/codecs/bloom/BloomFilteringPostingsFormat.java,
lucene,BloomFilteringPostingsFormat.java,INSTANTIATION,BloomFilteredTerms,204,lucene/codecs/src/java/org/apache/lucene/codecs/bloom/BloomFilteringPostingsFormat.java,
lucene,BloomFilteringPostingsFormat.java,INSTANTIATION,BloomFilteredTermsEnum,230,lucene/codecs/src/java/org/apache/lucene/codecs/bloom/BloomFilteringPostingsFormat.java,
lucene,TestBloomPostingsFormat.java,IMPORT,import org.apache.lucene.tests.codecs.bloom.TestBloomFilteredLucenePostings,20,lucene/codecs/src/test/org/apache/lucene/codecs/bloom/TestBloomPostingsFormat.java,
lucene,TestBloomPostingsFormat.java,INSTANTIATION,TestBloomFilteredLucenePostings,26,lucene/codecs/src/test/org/apache/lucene/codecs/bloom/TestBloomPostingsFormat.java,import org.apache.lucene.tests.codecs.bloom.TestBloomFilteredLucenePostings
lucene,RandomCodec.java,IMPORT,import org.apache.lucene.tests.codecs.bloom.TestBloomFilteredLucenePostings,57,lucene/test-framework/src/java/org/apache/lucene/tests/index/RandomCodec.java,
lucene,RandomCodec.java,INSTANTIATION,TestBloomFilteredLucenePostings,251,lucene/test-framework/src/java/org/apache/lucene/tests/index/RandomCodec.java,import org.apache.lucene.tests.codecs.bloom.TestBloomFilteredLucenePostings
lucene,TestBloomFilteredLucenePostings.java,IMPORT,import org.apache.lucene.codecs.bloom.BloomFilterFactory,23,lucene/test-framework/src/java/org/apache/lucene/tests/codecs/bloom/TestBloomFilteredLucenePostings.java,
lucene,TestBloomFilteredLucenePostings.java,IMPORT,import org.apache.lucene.codecs.bloom.BloomFilteringPostingsFormat,24,lucene/test-framework/src/java/org/apache/lucene/tests/codecs/bloom/TestBloomFilteredLucenePostings.java,
lucene,TestBloomFilteredLucenePostings.java,IMPORT,import org.apache.lucene.codecs.bloom.FuzzySet,25,lucene/test-framework/src/java/org/apache/lucene/tests/codecs/bloom/TestBloomFilteredLucenePostings.java,
lucene,TestBloomFilteredLucenePostings.java,INSTANTIATION,BloomFilteringPostingsFormat,60,lucene/test-framework/src/java/org/apache/lucene/tests/codecs/bloom/TestBloomFilteredLucenePostings.java,import org.apache.lucene.codecs.bloom.BloomFilteringPostingsFormat
lucene,TestBloomFilteredLucenePostings.java,INSTANTIATION,LowMemoryBloomFactory,61,lucene/test-framework/src/java/org/apache/lucene/tests/codecs/bloom/TestBloomFilteredLucenePostings.java,
nifi,DeduplicateRecord.java,IMPORT,import com.google.common.hash.BloomFilter,20,nifi-extension-bundles/nifi-standard-bundle/nifi-standard-processors/src/main/java/org/apache/nifi/processors/standard/DeduplicateRecord.java,
nifi,DeduplicateRecord.java,INSTANTIATION,BloomFilterWrapper,383,nifi-extension-bundles/nifi-standard-bundle/nifi-standard-processors/src/main/java/org/apache/nifi/processors/standard/DeduplicateRecord.java,
orc,RecordReaderImpl.java,IMPORT,import org.apache.orc.util.BloomFilter,57,java/core/src/java/org/apache/orc/impl/RecordReaderImpl.java,
orc,RecordReaderImpl.java,IMPORT,import org.apache.orc.util.BloomFilterIO,58,java/core/src/java/org/apache/orc/impl/RecordReaderImpl.java,
orc,TreeWriterBase.java,IMPORT,import org.apache.orc.util.BloomFilter,38,java/core/src/java/org/apache/orc/impl/writer/TreeWriterBase.java,
orc,TreeWriterBase.java,IMPORT,import org.apache.orc.util.BloomFilterIO,39,java/core/src/java/org/apache/orc/impl/writer/TreeWriterBase.java,
orc,TreeWriterBase.java,IMPORT,import org.apache.orc.util.BloomFilterUtf8,40,java/core/src/java/org/apache/orc/impl/writer/TreeWriterBase.java,
orc,TreeWriterBase.java,INSTANTIATION,BloomFilter,109,java/core/src/java/org/apache/orc/impl/writer/TreeWriterBase.java,import org.apache.orc.util.BloomFilterUtf8
orc,TreeWriterBase.java,INSTANTIATION,BloomFilterUtf8,116,java/core/src/java/org/apache/orc/impl/writer/TreeWriterBase.java,import org.apache.orc.util.BloomFilterUtf8
orc,StringFilters.java,IMPORT,import org.apache.orc.util.CuckooSetBytes,25,java/core/src/java/org/apache/orc/impl/filter/leaf/StringFilters.java,
orc,StringFilters.java,INSTANTIATION,CuckooSetBytes,81,java/core/src/java/org/apache/orc/impl/filter/leaf/StringFilters.java,import org.apache.orc.util.CuckooSetBytes
orc,BloomFilterIO.java,INSTANTIATION,BloomFilterUtf8,94,java/core/src/java/org/apache/orc/util/BloomFilterIO.java,
orc,BloomFilterIO.java,INSTANTIATION,BloomFilter,96,java/core/src/java/org/apache/orc/util/BloomFilterIO.java,
orc,BloomFilterIO.java,INSTANTIATION,BloomFilterUtf8,110,java/core/src/java/org/apache/orc/util/BloomFilterIO.java,
orc,TestOrcTimezonePPD.java,IMPORT,import org.apache.orc.util.BloomFilter,32,java/core/src/test/org/apache/orc/TestOrcTimezonePPD.java,
orc,TestOrcTimezonePPD.java,IMPORT,import org.apache.orc.util.BloomFilterIO,33,java/core/src/test/org/apache/orc/TestOrcTimezonePPD.java,
orc,TestRecordReaderImpl.java,IMPORT,import org.apache.orc.util.BloomFilter,62,java/core/src/test/org/apache/orc/impl/TestRecordReaderImpl.java,
orc,TestRecordReaderImpl.java,IMPORT,import org.apache.orc.util.BloomFilterIO,63,java/core/src/test/org/apache/orc/impl/TestRecordReaderImpl.java,
orc,TestRecordReaderImpl.java,IMPORT,import org.apache.orc.util.BloomFilterUtf8,64,java/core/src/test/org/apache/orc/impl/TestRecordReaderImpl.java,
orc,TestRecordReaderImpl.java,INSTANTIATION,BloomFilterUtf8,1301,java/core/src/test/org/apache/orc/impl/TestRecordReaderImpl.java,import org.apache.orc.util.BloomFilterUtf8
orc,TestRecordReaderImpl.java,INSTANTIATION,BloomFilterUtf8,1302,java/core/src/test/org/apache/orc/impl/TestRecordReaderImpl.java,import org.apache.orc.util.BloomFilterUtf8
orc,TestRecordReaderImpl.java,INSTANTIATION,BloomFilterUtf8,1333,java/core/src/test/org/apache/orc/impl/TestRecordReaderImpl.java,import org.apache.orc.util.BloomFilterUtf8
orc,TestRecordReaderImpl.java,INSTANTIATION,BloomFilterUtf8,1335,java/core/src/test/org/apache/orc/impl/TestRecordReaderImpl.java,import org.apache.orc.util.BloomFilterUtf8
orc,TestRecordReaderImpl.java,INSTANTIATION,BloomFilterUtf8,1337,java/core/src/test/org/apache/orc/impl/TestRecordReaderImpl.java,import org.apache.orc.util.BloomFilterUtf8
orc,TestRecordReaderImpl.java,INSTANTIATION,BloomFilter,1671,java/core/src/test/org/apache/orc/impl/TestRecordReaderImpl.java,import org.apache.orc.util.BloomFilterUtf8
orc,TestRecordReaderImpl.java,INSTANTIATION,BloomFilter,1686,java/core/src/test/org/apache/orc/impl/TestRecordReaderImpl.java,import org.apache.orc.util.BloomFilterUtf8
orc,TestRecordReaderImpl.java,INSTANTIATION,BloomFilter,1705,java/core/src/test/org/apache/orc/impl/TestRecordReaderImpl.java,import org.apache.orc.util.BloomFilterUtf8
orc,TestRecordReaderImpl.java,INSTANTIATION,BloomFilter,1723,java/core/src/test/org/apache/orc/impl/TestRecordReaderImpl.java,import org.apache.orc.util.BloomFilterUtf8
orc,TestRecordReaderImpl.java,INSTANTIATION,BloomFilter,1738,java/core/src/test/org/apache/orc/impl/TestRecordReaderImpl.java,import org.apache.orc.util.BloomFilterUtf8
orc,TestRecordReaderImpl.java,INSTANTIATION,BloomFilter,1757,java/core/src/test/org/apache/orc/impl/TestRecordReaderImpl.java,import org.apache.orc.util.BloomFilterUtf8
orc,TestRecordReaderImpl.java,INSTANTIATION,BloomFilter,1775,java/core/src/test/org/apache/orc/impl/TestRecordReaderImpl.java,import org.apache.orc.util.BloomFilterUtf8
orc,TestRecordReaderImpl.java,INSTANTIATION,BloomFilter,1790,java/core/src/test/org/apache/orc/impl/TestRecordReaderImpl.java,import org.apache.orc.util.BloomFilterUtf8
orc,TestRecordReaderImpl.java,INSTANTIATION,BloomFilter,1809,java/core/src/test/org/apache/orc/impl/TestRecordReaderImpl.java,import org.apache.orc.util.BloomFilterUtf8
orc,TestRecordReaderImpl.java,INSTANTIATION,BloomFilter,1828,java/core/src/test/org/apache/orc/impl/TestRecordReaderImpl.java,import org.apache.orc.util.BloomFilterUtf8
orc,TestRecordReaderImpl.java,INSTANTIATION,BloomFilter,1844,java/core/src/test/org/apache/orc/impl/TestRecordReaderImpl.java,import org.apache.orc.util.BloomFilterUtf8
orc,TestRecordReaderImpl.java,INSTANTIATION,BloomFilter,1863,java/core/src/test/org/apache/orc/impl/TestRecordReaderImpl.java,import org.apache.orc.util.BloomFilterUtf8
orc,TestRecordReaderImpl.java,INSTANTIATION,BloomFilter,1883,java/core/src/test/org/apache/orc/impl/TestRecordReaderImpl.java,import org.apache.orc.util.BloomFilterUtf8
orc,TestRecordReaderImpl.java,INSTANTIATION,BloomFilter,1902,java/core/src/test/org/apache/orc/impl/TestRecordReaderImpl.java,import org.apache.orc.util.BloomFilterUtf8
orc,TestRecordReaderImpl.java,INSTANTIATION,BloomFilter,1925,java/core/src/test/org/apache/orc/impl/TestRecordReaderImpl.java,import org.apache.orc.util.BloomFilterUtf8
orc,TestPredicatePushDownBounds.java,IMPORT,import org.apache.orc.util.BloomFilter,26,java/core/src/test/org/apache/orc/impl/TestPredicatePushDownBounds.java,
orc,TestPredicatePushDownBounds.java,INSTANTIATION,BloomFilter,54,java/core/src/test/org/apache/orc/impl/TestPredicatePushDownBounds.java,import org.apache.orc.util.BloomFilter
orc,TestPredicatePushDownBounds.java,INSTANTIATION,BloomFilter,159,java/core/src/test/org/apache/orc/impl/TestPredicatePushDownBounds.java,import org.apache.orc.util.BloomFilter
orc,TestPredicatePushDownBounds.java,INSTANTIATION,BloomFilter,205,java/core/src/test/org/apache/orc/impl/TestPredicatePushDownBounds.java,import org.apache.orc.util.BloomFilter
orc,CuckooSetBytesTest.java,INSTANTIATION,CuckooSetBytes,44,java/core/src/test/org/apache/orc/util/CuckooSetBytesTest.java,
orc,CuckooSetBytesTest.java,INSTANTIATION,CuckooSetBytes,82,java/core/src/test/org/apache/orc/util/CuckooSetBytesTest.java,
orc,TestBloomFilter.java,INSTANTIATION,BloomFilter.BitSet,39,java/core/src/test/org/apache/orc/util/TestBloomFilter.java,
orc,TestBloomFilter.java,INSTANTIATION,BloomFilterUtf8,104,java/core/src/test/org/apache/orc/util/TestBloomFilter.java,
orc,TestBloomFilter.java,INSTANTIATION,BloomFilterUtf8,213,java/core/src/test/org/apache/orc/util/TestBloomFilter.java,
orc,TestBloomFilter.java,INSTANTIATION,BloomFilterUtf8,240,java/core/src/test/org/apache/orc/util/TestBloomFilter.java,
orc,TestBloomFilter.java,INSTANTIATION,BloomFilterUtf8,241,java/core/src/test/org/apache/orc/util/TestBloomFilter.java,
orc,JsonFileDump.java,IMPORT,import org.apache.orc.util.BloomFilter,48,java/tools/src/java/org/apache/orc/tools/JsonFileDump.java,
orc,JsonFileDump.java,IMPORT,import org.apache.orc.util.BloomFilterIO,49,java/tools/src/java/org/apache/orc/tools/JsonFileDump.java,
orc,FileDump.java,IMPORT,import org.apache.orc.util.BloomFilter,48,java/tools/src/java/org/apache/orc/tools/FileDump.java,
orc,FileDump.java,IMPORT,import org.apache.orc.util.BloomFilterIO,49,java/tools/src/java/org/apache/orc/tools/FileDump.java,
orc,CheckTool.java,IMPORT,import org.apache.orc.util.BloomFilter,44,java/tools/src/java/org/apache/orc/tools/CheckTool.java,
orc,CheckTool.java,IMPORT,import org.apache.orc.util.BloomFilterIO,45,java/tools/src/java/org/apache/orc/tools/CheckTool.java,
ozhera,RedisService.java,IMPORT,import redis.clients.jedis.bloom.BFInsertParams,29,ozhera-app/app-service/src/main/java/org/apache/ozhera/app/redis/RedisService.java,
ozhera,RedisService.java,IMPORT,import redis.clients.jedis.bloom.BFReserveParams,30,ozhera-app/app-service/src/main/java/org/apache/ozhera/app/redis/RedisService.java,
ozhera,TraceIdRedisBloomUtil.java,IMPORT,import com.google.common.hash.BloomFilter,22,trace-etl/trace-etl-es/src/main/java/org/apache/ozhera/trace/etl/es/util/bloomfilter/TraceIdRedisBloomUtil.java,
ozhera,ConsumerService.java,IMPORT,import org.apache.ozhera.trace.etl.es.util.bloomfilter.TraceIdRedisBloomUtil,29,trace-etl/trace-etl-es/src/main/java/org/apache/ozhera/trace/etl/es/consumer/ConsumerService.java,
ozhera,FilterService.java,IMPORT,import org.apache.ozhera.trace.etl.es.util.bloomfilter.TraceIdRedisBloomUtil,28,trace-etl/trace-etl-es/src/main/java/org/apache/ozhera/trace/etl/es/consumer/FilterService.java,
ozone,ManagedBloomFilter.java,IMPORT,import org.rocksdb.BloomFilter,23,hadoop-hdds/managed-rocksdb/src/main/java/org/apache/hadoop/hdds/utils/db/managed/ManagedBloomFilter.java,
ozone,DBProfile.java,IMPORT,import org.apache.hadoop.hdds.utils.db.managed.ManagedBloomFilter,23,hadoop-hdds/framework/src/main/java/org/apache/hadoop/hdds/utils/db/DBProfile.java,
ozone,DBProfile.java,INSTANTIATION,ManagedBloomFilter,92,hadoop-hdds/framework/src/main/java/org/apache/hadoop/hdds/utils/db/DBProfile.java,import org.apache.hadoop.hdds.utils.db.managed.ManagedBloomFilter
paimon,ParquetFormatReadWriteTest.java,IMPORT,import org.apache.parquet.column.values.bloomfilter.BloomFilter,43,paimon-format/src/test/java/org/apache/paimon/format/parquet/ParquetFormatReadWriteTest.java,
paimon,RecordReaderImpl.java,IMPORT,import org.apache.orc.util.BloomFilter,58,paimon-format/src/main/java/org/apache/orc/impl/RecordReaderImpl.java,
paimon,RecordReaderImpl.java,IMPORT,import org.apache.orc.util.BloomFilterIO,59,paimon-format/src/main/java/org/apache/orc/impl/RecordReaderImpl.java,
paimon,ColumnCompressionRecordWriter.java,IMPORT,import org.apache.parquet.column.values.bloomfilter.BloomFilterWriteStore,23,paimon-format/src/main/java/org/apache/parquet/hadoop/ColumnCompressionRecordWriter.java,
paimon,ParquetFileReader.java,IMPORT,import org.apache.parquet.column.values.bloomfilter.BlockSplitBloomFilter,41,paimon-format/src/main/java/org/apache/parquet/hadoop/ParquetFileReader.java,
paimon,ParquetFileReader.java,IMPORT,import org.apache.parquet.column.values.bloomfilter.BloomFilter,42,paimon-format/src/main/java/org/apache/parquet/hadoop/ParquetFileReader.java,
paimon,ParquetFileReader.java,IMPORT,import org.apache.parquet.format.BloomFilterHeader,53,paimon-format/src/main/java/org/apache/parquet/hadoop/ParquetFileReader.java,
paimon,ParquetFileReader.java,IMPORT,import static org.apache.parquet.filter2.compat.RowGroupFilter.FilterLevel.BLOOMFILTER,109,paimon-format/src/main/java/org/apache/parquet/hadoop/ParquetFileReader.java,
paimon,ParquetFileReader.java,INSTANTIATION,BloomFilterReader,1037,paimon-format/src/main/java/org/apache/parquet/hadoop/ParquetFileReader.java,
paimon,ParquetFileReader.java,INSTANTIATION,BloomFilterReader,1041,paimon-format/src/main/java/org/apache/parquet/hadoop/ParquetFileReader.java,
paimon,ParquetFileReader.java,INSTANTIATION,BlockSplitBloomFilter,1144,paimon-format/src/main/java/org/apache/parquet/hadoop/ParquetFileReader.java,import org.apache.parquet.column.values.bloomfilter.BlockSplitBloomFilter
paimon,ColumnCompressionPageWriteStore.java,IMPORT,import org.apache.parquet.column.values.bloomfilter.BloomFilter,33,paimon-format/src/main/java/org/apache/parquet/hadoop/ColumnCompressionPageWriteStore.java,
paimon,ColumnCompressionPageWriteStore.java,IMPORT,import org.apache.parquet.column.values.bloomfilter.BloomFilterWriteStore,34,paimon-format/src/main/java/org/apache/parquet/hadoop/ColumnCompressionPageWriteStore.java,
paimon,ColumnCompressionPageWriteStore.java,IMPORT,import org.apache.parquet.column.values.bloomfilter.BloomFilterWriter,35,paimon-format/src/main/java/org/apache/parquet/hadoop/ColumnCompressionPageWriteStore.java,
paimon,BloomFilterTest.java,INSTANTIATION,BloomFilter,122,paimon-common/src/test/java/org/apache/paimon/utils/BloomFilterTest.java,
paimon,BloomFilter64Test.java,INSTANTIATION,BloomFilter64,35,paimon-common/src/test/java/org/apache/paimon/utils/BloomFilter64Test.java,
paimon,FileBasedBloomFilterTest.java,INSTANTIATION,BloomFilter,47,paimon-common/src/test/java/org/apache/paimon/utils/FileBasedBloomFilterTest.java,
paimon,FileBasedBloomFilterTest.java,INSTANTIATION,FileBasedBloomFilter,57,paimon-common/src/test/java/org/apache/paimon/utils/FileBasedBloomFilterTest.java,
paimon,SortLookupStoreTest.java,IMPORT,import org.apache.paimon.utils.BloomFilter,38,paimon-common/src/test/java/org/apache/paimon/lookup/sort/SortLookupStoreTest.java,
paimon,SortLookupStoreFactoryTest.java,IMPORT,import org.apache.paimon.utils.BloomFilter,30,paimon-common/src/test/java/org/apache/paimon/lookup/sort/SortLookupStoreFactoryTest.java,
paimon,SortLookupStoreCloseTest.java,IMPORT,import org.apache.paimon.utils.BloomFilter,31,paimon-common/src/test/java/org/apache/paimon/lookup/sort/SortLookupStoreCloseTest.java,
paimon,FileIndexPredicateTest.java,IMPORT,import org.apache.paimon.fileindex.bloomfilter.BloomFilterFileIndex,21,paimon-common/src/test/java/org/apache/paimon/fileindex/FileIndexPredicateTest.java,
paimon,FileIndexPredicateTest.java,IMPORT,import static org.apache.paimon.fileindex.bloomfilter.BloomFilterFileIndexFactory.BLOOM_FILTER,44,paimon-common/src/test/java/org/apache/paimon/fileindex/FileIndexPredicateTest.java,
paimon,FileIndexPredicateTest.java,INSTANTIATION,BloomFilterFileIndex,67,paimon-common/src/test/java/org/apache/paimon/fileindex/FileIndexPredicateTest.java,import static org.apache.paimon.fileindex.bloomfilter.BloomFilterFileIndexFactory.BLOOM_FILTER
paimon,BloomFilterFileIndexTest.java,INSTANTIATION,BloomFilterFileIndex,43,paimon-common/src/test/java/org/apache/paimon/fileindex/bloomfilter/BloomFilterFileIndexTest.java,
paimon,BloomFilterFileIndexTest.java,INSTANTIATION,BloomFilterFileIndex,89,paimon-common/src/test/java/org/apache/paimon/fileindex/bloomfilter/BloomFilterFileIndexTest.java,
paimon,SstFileReader.java,IMPORT,import org.apache.paimon.utils.FileBasedBloomFilter,27,paimon-common/src/main/java/org/apache/paimon/sst/SstFileReader.java,
paimon,SstFileWriter.java,IMPORT,import org.apache.paimon.utils.BloomFilter,28,paimon-common/src/main/java/org/apache/paimon/sst/SstFileWriter.java,
paimon,FixedBloomFilterBuilder.java,INSTANTIATION,BloomFilter,45,paimon-common/src/main/java/org/apache/paimon/utils/FixedBloomFilterBuilder.java,
paimon,BloomFilter.java,IMPORT,import org.apache.paimon.sst.BloomFilterHandle,25,paimon-common/src/main/java/org/apache/paimon/utils/BloomFilter.java,
paimon,BloomFilter.java,INSTANTIATION,BloomFilterHandle,76,paimon-common/src/main/java/org/apache/paimon/utils/BloomFilter.java,import org.apache.paimon.sst.BloomFilterHandle
paimon,BloomFilter.java,INSTANTIATION,FixedBloomFilterBuilder,142,paimon-common/src/main/java/org/apache/paimon/utils/BloomFilter.java,
paimon,BloomFilter.java,INSTANTIATION,DynamicBloomFilterBuilder,146,paimon-common/src/main/java/org/apache/paimon/utils/BloomFilter.java,
paimon,FileBasedBloomFilter.java,IMPORT,import org.apache.paimon.sst.BloomFilterHandle,30,paimon-common/src/main/java/org/apache/paimon/utils/FileBasedBloomFilter.java,
paimon,FileBasedBloomFilter.java,INSTANTIATION,BloomFilter,60,paimon-common/src/main/java/org/apache/paimon/utils/FileBasedBloomFilter.java,import org.apache.paimon.sst.BloomFilterHandle
paimon,FileBasedBloomFilter.java,INSTANTIATION,FileBasedBloomFilter,74,paimon-common/src/main/java/org/apache/paimon/utils/FileBasedBloomFilter.java,
paimon,FileBasedBloomFilter.java,INSTANTIATION,BloomFilterCallBack,90,paimon-common/src/main/java/org/apache/paimon/utils/FileBasedBloomFilter.java,
paimon,BTreeFileFooter.java,IMPORT,import org.apache.paimon.sst.BloomFilterHandle,25,paimon-common/src/main/java/org/apache/paimon/globalindex/btree/BTreeFileFooter.java,
paimon,BTreeFileFooter.java,INSTANTIATION,BloomFilterHandle,93,paimon-common/src/main/java/org/apache/paimon/globalindex/btree/BTreeFileFooter.java,import org.apache.paimon.sst.BloomFilterHandle
paimon,BTreeIndexWriter.java,IMPORT,import org.apache.paimon.sst.BloomFilterHandle,31,paimon-common/src/main/java/org/apache/paimon/globalindex/btree/BTreeIndexWriter.java,
paimon,BTreeIndexReader.java,IMPORT,import org.apache.paimon.utils.FileBasedBloomFilter,41,paimon-common/src/main/java/org/apache/paimon/globalindex/btree/BTreeIndexReader.java,
paimon,LookupStoreFactory.java,IMPORT,import org.apache.paimon.utils.BloomFilter,27,paimon-common/src/main/java/org/apache/paimon/lookup/LookupStoreFactory.java,
paimon,SortLookupStoreWriter.java,IMPORT,import org.apache.paimon.sst.BloomFilterHandle,26,paimon-common/src/main/java/org/apache/paimon/lookup/sort/SortLookupStoreWriter.java,
paimon,SortLookupStoreWriter.java,IMPORT,import org.apache.paimon.utils.BloomFilter,28,paimon-common/src/main/java/org/apache/paimon/lookup/sort/SortLookupStoreWriter.java,
paimon,SortLookupStoreFooter.java,IMPORT,import org.apache.paimon.sst.BloomFilterHandle,25,paimon-common/src/main/java/org/apache/paimon/lookup/sort/SortLookupStoreFooter.java,
paimon,SortLookupStoreFooter.java,INSTANTIATION,BloomFilterHandle,59,paimon-common/src/main/java/org/apache/paimon/lookup/sort/SortLookupStoreFooter.java,import org.apache.paimon.sst.BloomFilterHandle
paimon,SortLookupStoreReader.java,IMPORT,import org.apache.paimon.utils.FileBasedBloomFilter,30,paimon-common/src/main/java/org/apache/paimon/lookup/sort/SortLookupStoreReader.java,
paimon,SortLookupStoreFactory.java,IMPORT,import org.apache.paimon.utils.BloomFilter,30,paimon-common/src/main/java/org/apache/paimon/lookup/sort/SortLookupStoreFactory.java,
paimon,LocalKvDb.java,IMPORT,import org.apache.paimon.utils.BloomFilter,31,paimon-common/src/main/java/org/apache/paimon/lookup/sort/db/LocalKvDb.java,
paimon,UniversalCompactor.java,IMPORT,import org.apache.paimon.utils.BloomFilter,27,paimon-common/src/main/java/org/apache/paimon/lookup/sort/db/UniversalCompactor.java,
paimon,BloomFilterFileIndex.java,IMPORT,import org.apache.paimon.utils.BloomFilter64,29,paimon-common/src/main/java/org/apache/paimon/fileindex/bloomfilter/BloomFilterFileIndex.java,
paimon,BloomFilterFileIndex.java,IMPORT,import org.apache.paimon.utils.BloomFilter64.BitSet,30,paimon-common/src/main/java/org/apache/paimon/fileindex/bloomfilter/BloomFilterFileIndex.java,
paimon,BloomFilterFileIndex.java,IMPORT,import org.apache.hadoop.util.bloom.HashFunction,33,paimon-common/src/main/java/org/apache/paimon/fileindex/bloomfilter/BloomFilterFileIndex.java,
paimon,BloomFilterFileIndex.java,INSTANTIATION,BloomFilter64,89,paimon-common/src/main/java/org/apache/paimon/fileindex/bloomfilter/BloomFilterFileIndex.java,import org.apache.paimon.utils.BloomFilter64.BitSet
paimon,BloomFilterFileIndex.java,INSTANTIATION,BloomFilter64,127,paimon-common/src/main/java/org/apache/paimon/fileindex/bloomfilter/BloomFilterFileIndex.java,import org.apache.paimon.utils.BloomFilter64.BitSet
paimon,BloomFilterFileIndexFactory.java,INSTANTIATION,BloomFilterFileIndex,38,paimon-common/src/main/java/org/apache/paimon/fileindex/bloomfilter/BloomFilterFileIndexFactory.java,
paimon,LookupLevelsTest.java,IMPORT,import org.apache.paimon.utils.BloomFilter,55,paimon-core/src/test/java/org/apache/paimon/mergetree/LookupLevelsTest.java,
paimon,ContainsLevelsTest.java,IMPORT,import org.apache.paimon.utils.BloomFilter,52,paimon-core/src/test/java/org/apache/paimon/mergetree/ContainsLevelsTest.java,
paimon,AppendOnlySimpleTableTest.java,IMPORT,import org.apache.paimon.fileindex.bloomfilter.BloomFilterFileIndexFactory,33,paimon-core/src/test/java/org/apache/paimon/table/AppendOnlySimpleTableTest.java,
paimon,DataEvolutionFileIndexTest.java,IMPORT,import org.apache.paimon.fileindex.bloomfilter.BloomFilterFileIndexFactory,33,paimon-core/src/test/java/org/apache/paimon/table/DataEvolutionFileIndexTest.java,
paimon,SnapshotReaderTest.java,IMPORT,import org.apache.paimon.fileindex.bloomfilter.BloomFilterFileIndexFactory,25,paimon-core/src/test/java/org/apache/paimon/table/source/snapshot/SnapshotReaderTest.java,
paimon,LookupLevels.java,IMPORT,import org.apache.paimon.utils.BloomFilter,34,paimon-core/src/main/java/org/apache/paimon/mergetree/LookupLevels.java,
paimon,MergeTreeCompactManagerFactory.java,IMPORT,import static org.apache.paimon.lookup.LookupStoreFactory.bloomFilterBuilderFactory,75,paimon-core/src/main/java/org/apache/paimon/mergetree/compact/MergeTreeCompactManagerFactory.java,
paimon,LocalKvStateFactory.java,IMPORT,import static org.apache.paimon.CoreOptions.LOOKUP_CACHE_BLOOM_FILTER_ENABLED,42,paimon-core/src/main/java/org/apache/paimon/lookup/local/LocalKvStateFactory.java,
paimon,LocalKvStateFactory.java,IMPORT,import static org.apache.paimon.CoreOptions.LOOKUP_CACHE_BLOOM_FILTER_FPP,43,paimon-core/src/main/java/org/apache/paimon/lookup/local/LocalKvStateFactory.java,
paimon,LocalTableQuery.java,IMPORT,import static org.apache.paimon.lookup.LookupStoreFactory.bloomFilterBuilderFactory,65,paimon-core/src/main/java/org/apache/paimon/table/query/LocalTableQuery.java,
paimon,AbstractLookupBenchmark.java,IMPORT,import org.apache.paimon.utils.BloomFilter,30,paimon-benchmark/paimon-micro-benchmarks/src/test/java/org/apache/paimon/benchmark/lookup/AbstractLookupBenchmark.java,
parquet-java,TestBloomFilterImpl.java,IMPORT,import org.apache.parquet.column.values.bloomfilter.BlockSplitBloomFilter,33,parquet-hadoop/src/test/java/org/apache/parquet/filter2/bloomfilterlevel/TestBloomFilterImpl.java,
parquet-java,TestBloomFilterImpl.java,IMPORT,import org.apache.parquet.column.values.bloomfilter.BloomFilter,34,parquet-hadoop/src/test/java/org/apache/parquet/filter2/bloomfilterlevel/TestBloomFilterImpl.java,
parquet-java,TestBloomFilterImpl.java,IMPORT,import org.apache.parquet.hadoop.BloomFilterReader,38,parquet-hadoop/src/test/java/org/apache/parquet/filter2/bloomfilterlevel/TestBloomFilterImpl.java,
parquet-java,TestBloomFilterImpl.java,INSTANTIATION,BlockSplitBloomFilter,59,parquet-hadoop/src/test/java/org/apache/parquet/filter2/bloomfilterlevel/TestBloomFilterImpl.java,import org.apache.parquet.column.values.bloomfilter.BlockSplitBloomFilter
parquet-java,TestBloomFilterImpl.java,INSTANTIATION,BlockSplitBloomFilter,76,parquet-hadoop/src/test/java/org/apache/parquet/filter2/bloomfilterlevel/TestBloomFilterImpl.java,import org.apache.parquet.column.values.bloomfilter.BlockSplitBloomFilter
parquet-java,TestBloomFilterImpl.java,INSTANTIATION,BlockSplitBloomFilter,97,parquet-hadoop/src/test/java/org/apache/parquet/filter2/bloomfilterlevel/TestBloomFilterImpl.java,import org.apache.parquet.column.values.bloomfilter.BlockSplitBloomFilter
parquet-java,TestBloomFilterImpl.java,INSTANTIATION,BloomFilterReader,131,parquet-hadoop/src/test/java/org/apache/parquet/filter2/bloomfilterlevel/TestBloomFilterImpl.java,import org.apache.parquet.hadoop.BloomFilterReader
parquet-java,TestParquetWriter.java,IMPORT,import org.apache.parquet.column.values.bloomfilter.BloomFilter,71,parquet-hadoop/src/test/java/org/apache/parquet/hadoop/TestParquetWriter.java,
parquet-java,TestAdaptiveBlockSplitBloomFiltering.java,INSTANTIATION,TestBloomFiltering,40,parquet-hadoop/src/test/java/org/apache/parquet/hadoop/TestAdaptiveBlockSplitBloomFiltering.java,
parquet-java,TestParquetFileWriter.java,IMPORT,import org.apache.parquet.column.values.bloomfilter.BlockSplitBloomFilter,77,parquet-hadoop/src/test/java/org/apache/parquet/hadoop/TestParquetFileWriter.java,
parquet-java,TestParquetFileWriter.java,IMPORT,import org.apache.parquet.column.values.bloomfilter.BloomFilter,78,parquet-hadoop/src/test/java/org/apache/parquet/hadoop/TestParquetFileWriter.java,
parquet-java,TestParquetFileWriter.java,INSTANTIATION,BlockSplitBloomFilter,423,parquet-hadoop/src/test/java/org/apache/parquet/hadoop/TestParquetFileWriter.java,import org.apache.parquet.column.values.bloomfilter.BlockSplitBloomFilter
parquet-java,TestStoreBloomFilter.java,IMPORT,import static org.apache.parquet.hadoop.TestBloomFiltering.generateDictionaryData,25,parquet-hadoop/src/test/java/org/apache/parquet/hadoop/TestStoreBloomFilter.java,
parquet-java,TestInteropBloomFilter.java,IMPORT,import org.apache.parquet.column.values.bloomfilter.BloomFilter,35,parquet-hadoop/src/test/java/org/apache/parquet/hadoop/TestInteropBloomFilter.java,
parquet-java,ParquetRewriterTest.java,IMPORT,import org.apache.parquet.column.values.bloomfilter.BloomFilter,59,parquet-hadoop/src/test/java/org/apache/parquet/hadoop/rewrite/ParquetRewriterTest.java,
parquet-java,ParquetReadOptions.java,IMPORT,import static org.apache.parquet.hadoop.ParquetInputFormat.BLOOM_FILTERING_ENABLED,23,parquet-hadoop/src/main/java/org/apache/parquet/ParquetReadOptions.java,
parquet-java,BloomFilterImpl.java,IMPORT,import org.apache.parquet.column.values.bloomfilter.BloomFilter,28,parquet-hadoop/src/main/java/org/apache/parquet/filter2/bloomfilterlevel/BloomFilterImpl.java,
parquet-java,BloomFilterImpl.java,IMPORT,import org.apache.parquet.hadoop.BloomFilterReader,32,parquet-hadoop/src/main/java/org/apache/parquet/filter2/bloomfilterlevel/BloomFilterImpl.java,
parquet-java,BloomFilterImpl.java,INSTANTIATION,BloomFilterImpl,53,parquet-hadoop/src/main/java/org/apache/parquet/filter2/bloomfilterlevel/BloomFilterImpl.java,
parquet-java,RowGroupFilter.java,IMPORT,import org.apache.parquet.filter2.bloomfilterlevel.BloomFilterImpl,26,parquet-hadoop/src/main/java/org/apache/parquet/filter2/compat/RowGroupFilter.java,
parquet-java,ParquetMetadataConverter.java,IMPORT,import org.apache.parquet.column.values.bloomfilter.BloomFilter,55,parquet-hadoop/src/main/java/org/apache/parquet/format/converter/ParquetMetadataConverter.java,
parquet-java,ParquetMetadataConverter.java,IMPORT,import org.apache.parquet.format.BloomFilterAlgorithm,65,parquet-hadoop/src/main/java/org/apache/parquet/format/converter/ParquetMetadataConverter.java,
parquet-java,ParquetMetadataConverter.java,IMPORT,import org.apache.parquet.format.BloomFilterCompression,66,parquet-hadoop/src/main/java/org/apache/parquet/format/converter/ParquetMetadataConverter.java,
parquet-java,ParquetMetadataConverter.java,IMPORT,import org.apache.parquet.format.BloomFilterHash,67,parquet-hadoop/src/main/java/org/apache/parquet/format/converter/ParquetMetadataConverter.java,
parquet-java,ParquetMetadataConverter.java,IMPORT,import org.apache.parquet.format.BloomFilterHeader,68,parquet-hadoop/src/main/java/org/apache/parquet/format/converter/ParquetMetadataConverter.java,
parquet-java,ParquetMetadataConverter.java,INSTANTIATION,BloomFilterHeader,2677,parquet-hadoop/src/main/java/org/apache/parquet/format/converter/ParquetMetadataConverter.java,import org.apache.parquet.format.BloomFilterHeader
parquet-java,ParquetOutputFormat.java,IMPORT,import static org.apache.parquet.column.ParquetProperties.DEFAULT_ADAPTIVE_BLOOM_FILTER_ENABLED,21,parquet-hadoop/src/main/java/org/apache/parquet/hadoop/ParquetOutputFormat.java,
parquet-java,ParquetOutputFormat.java,IMPORT,import static org.apache.parquet.column.ParquetProperties.DEFAULT_BLOOM_FILTER_ENABLED,22,parquet-hadoop/src/main/java/org/apache/parquet/hadoop/ParquetOutputFormat.java,
parquet-java,PrefetchIndexCache.java,IMPORT,import org.apache.parquet.column.values.bloomfilter.BloomFilter,26,parquet-hadoop/src/main/java/org/apache/parquet/hadoop/PrefetchIndexCache.java,
parquet-java,ParquetFileWriter.java,IMPORT,import org.apache.parquet.column.values.bloomfilter.BloomFilter,61,parquet-hadoop/src/main/java/org/apache/parquet/hadoop/ParquetFileWriter.java,
parquet-java,NoneIndexCache.java,IMPORT,import org.apache.parquet.column.values.bloomfilter.BloomFilter,22,parquet-hadoop/src/main/java/org/apache/parquet/hadoop/NoneIndexCache.java,
parquet-java,IndexCache.java,IMPORT,import org.apache.parquet.column.values.bloomfilter.BloomFilter,23,parquet-hadoop/src/main/java/org/apache/parquet/hadoop/IndexCache.java,
parquet-java,ParquetFileReader.java,IMPORT,import static org.apache.parquet.filter2.compat.RowGroupFilter.FilterLevel.BLOOMFILTER,22,parquet-hadoop/src/main/java/org/apache/parquet/hadoop/ParquetFileReader.java,
parquet-java,ParquetFileReader.java,IMPORT,import org.apache.parquet.column.values.bloomfilter.BlockSplitBloomFilter,79,parquet-hadoop/src/main/java/org/apache/parquet/hadoop/ParquetFileReader.java,
parquet-java,ParquetFileReader.java,IMPORT,import org.apache.parquet.column.values.bloomfilter.BloomFilter,80,parquet-hadoop/src/main/java/org/apache/parquet/hadoop/ParquetFileReader.java,
parquet-java,ParquetFileReader.java,IMPORT,import org.apache.parquet.format.BloomFilterHeader,92,parquet-hadoop/src/main/java/org/apache/parquet/hadoop/ParquetFileReader.java,
parquet-java,ParquetFileReader.java,INSTANTIATION,BloomFilterReader,1681,parquet-hadoop/src/main/java/org/apache/parquet/hadoop/ParquetFileReader.java,
parquet-java,ParquetFileReader.java,INSTANTIATION,BloomFilterReader,1685,parquet-hadoop/src/main/java/org/apache/parquet/hadoop/ParquetFileReader.java,
parquet-java,ParquetFileReader.java,INSTANTIATION,BlockSplitBloomFilter,1781,parquet-hadoop/src/main/java/org/apache/parquet/hadoop/ParquetFileReader.java,import org.apache.parquet.column.values.bloomfilter.BlockSplitBloomFilter
parquet-java,ColumnChunkPageWriteStore.java,IMPORT,import org.apache.parquet.column.values.bloomfilter.BloomFilter,46,parquet-hadoop/src/main/java/org/apache/parquet/hadoop/ColumnChunkPageWriteStore.java,
parquet-java,ColumnChunkPageWriteStore.java,IMPORT,import org.apache.parquet.column.values.bloomfilter.BloomFilterWriteStore,47,parquet-hadoop/src/main/java/org/apache/parquet/hadoop/ColumnChunkPageWriteStore.java,
parquet-java,ColumnChunkPageWriteStore.java,IMPORT,import org.apache.parquet.column.values.bloomfilter.BloomFilterWriter,48,parquet-hadoop/src/main/java/org/apache/parquet/hadoop/ColumnChunkPageWriteStore.java,
parquet-java,BloomFilterReader.java,IMPORT,import org.apache.parquet.column.values.bloomfilter.BloomFilter,24,parquet-hadoop/src/main/java/org/apache/parquet/hadoop/BloomFilterReader.java,
parquet-java,InternalParquetRecordWriter.java,IMPORT,import org.apache.parquet.column.values.bloomfilter.BloomFilterWriteStore,32,parquet-hadoop/src/main/java/org/apache/parquet/hadoop/InternalParquetRecordWriter.java,
parquet-java,ParquetRewriter.java,IMPORT,import org.apache.parquet.column.values.bloomfilter.BloomFilter,54,parquet-hadoop/src/main/java/org/apache/parquet/hadoop/rewrite/ParquetRewriter.java,
parquet-java,Util.java,INSTANTIATION,BloomFilterHeader,111,parquet-format-structures/src/main/java/org/apache/parquet/format/Util.java,
parquet-java,ShowBloomFilterCommandTest.java,INSTANTIATION,ShowBloomFilterCommand,54,parquet-cli/src/test/java/org/apache/parquet/cli/commands/ShowBloomFilterCommandTest.java,
parquet-java,ShowBloomFilterCommandTest.java,INSTANTIATION,ShowBloomFilterCommand,66,parquet-cli/src/test/java/org/apache/parquet/cli/commands/ShowBloomFilterCommandTest.java,
parquet-java,ShowBloomFilterCommandTest.java,INSTANTIATION,ShowBloomFilterCommand,80,parquet-cli/src/test/java/org/apache/parquet/cli/commands/ShowBloomFilterCommandTest.java,
parquet-java,ShowBloomFilterCommandTest.java,INSTANTIATION,ShowBloomFilterCommand,88,parquet-cli/src/test/java/org/apache/parquet/cli/commands/ShowBloomFilterCommandTest.java,
parquet-java,Main.java,IMPORT,import org.apache.parquet.cli.commands.ShowBloomFilterCommand,54,parquet-cli/src/main/java/org/apache/parquet/cli/Main.java,
parquet-java,Main.java,INSTANTIATION,ShowBloomFilterCommand,124,parquet-cli/src/main/java/org/apache/parquet/cli/Main.java,import org.apache.parquet.cli.commands.ShowBloomFilterCommand
parquet-java,ShowBloomFilterCommand.java,IMPORT,import org.apache.parquet.column.values.bloomfilter.BloomFilter,32,parquet-cli/src/main/java/org/apache/parquet/cli/commands/ShowBloomFilterCommand.java,
parquet-java,ShowBloomFilterCommand.java,IMPORT,import org.apache.parquet.hadoop.BloomFilterReader,33,parquet-cli/src/main/java/org/apache/parquet/cli/commands/ShowBloomFilterCommand.java,
parquet-java,TestBlockSplitBloomFilter.java,INSTANTIATION,BlockSplitBloomFilter,39,parquet-column/src/test/java/org/apache/parquet/column/values/bloomfilter/TestBlockSplitBloomFilter.java,
parquet-java,TestBlockSplitBloomFilter.java,INSTANTIATION,BlockSplitBloomFilter,41,parquet-column/src/test/java/org/apache/parquet/column/values/bloomfilter/TestBlockSplitBloomFilter.java,
parquet-java,TestBlockSplitBloomFilter.java,INSTANTIATION,BlockSplitBloomFilter,53,parquet-column/src/test/java/org/apache/parquet/column/values/bloomfilter/TestBlockSplitBloomFilter.java,
parquet-java,TestBlockSplitBloomFilter.java,INSTANTIATION,BlockSplitBloomFilter,80,parquet-column/src/test/java/org/apache/parquet/column/values/bloomfilter/TestBlockSplitBloomFilter.java,
parquet-java,TestBlockSplitBloomFilter.java,INSTANTIATION,BlockSplitBloomFilter,121,parquet-column/src/test/java/org/apache/parquet/column/values/bloomfilter/TestBlockSplitBloomFilter.java,
parquet-java,TestBlockSplitBloomFilter.java,INSTANTIATION,BlockSplitBloomFilter,148,parquet-column/src/test/java/org/apache/parquet/column/values/bloomfilter/TestBlockSplitBloomFilter.java,
parquet-java,TestBlockSplitBloomFilter.java,INSTANTIATION,BlockSplitBloomFilter,149,parquet-column/src/test/java/org/apache/parquet/column/values/bloomfilter/TestBlockSplitBloomFilter.java,
parquet-java,TestBlockSplitBloomFilter.java,INSTANTIATION,BlockSplitBloomFilter,158,parquet-column/src/test/java/org/apache/parquet/column/values/bloomfilter/TestBlockSplitBloomFilter.java,
parquet-java,TestBlockSplitBloomFilter.java,INSTANTIATION,AdaptiveBlockSplitBloomFilter,187,parquet-column/src/test/java/org/apache/parquet/column/values/bloomfilter/TestBlockSplitBloomFilter.java,
parquet-java,TestBlockSplitBloomFilter.java,INSTANTIATION,BlockSplitBloomFilter,223,parquet-column/src/test/java/org/apache/parquet/column/values/bloomfilter/TestBlockSplitBloomFilter.java,
parquet-java,TestBlockSplitBloomFilter.java,INSTANTIATION,BlockSplitBloomFilter,224,parquet-column/src/test/java/org/apache/parquet/column/values/bloomfilter/TestBlockSplitBloomFilter.java,
parquet-java,TestBlockSplitBloomFilter.java,INSTANTIATION,BlockSplitBloomFilter,247,parquet-column/src/test/java/org/apache/parquet/column/values/bloomfilter/TestBlockSplitBloomFilter.java,
parquet-java,TestBlockSplitBloomFilter.java,INSTANTIATION,BlockSplitBloomFilter,248,parquet-column/src/test/java/org/apache/parquet/column/values/bloomfilter/TestBlockSplitBloomFilter.java,
parquet-java,ParquetProperties.java,IMPORT,import org.apache.parquet.column.values.bloomfilter.BloomFilterWriteStore,37,parquet-column/src/main/java/org/apache/parquet/column/ParquetProperties.java,
parquet-java,ColumnValueCollector.java,IMPORT,import org.apache.parquet.column.values.bloomfilter.AdaptiveBlockSplitBloomFilter,30,parquet-column/src/main/java/org/apache/parquet/column/impl/ColumnValueCollector.java,
parquet-java,ColumnValueCollector.java,IMPORT,import org.apache.parquet.column.values.bloomfilter.BlockSplitBloomFilter,31,parquet-column/src/main/java/org/apache/parquet/column/impl/ColumnValueCollector.java,
parquet-java,ColumnValueCollector.java,IMPORT,import org.apache.parquet.column.values.bloomfilter.BloomFilter,32,parquet-column/src/main/java/org/apache/parquet/column/impl/ColumnValueCollector.java,
parquet-java,ColumnValueCollector.java,IMPORT,import org.apache.parquet.column.values.bloomfilter.BloomFilterWriter,33,parquet-column/src/main/java/org/apache/parquet/column/impl/ColumnValueCollector.java,
parquet-java,ColumnValueCollector.java,INSTANTIATION,BloomFilter,114,parquet-column/src/main/java/org/apache/parquet/column/impl/ColumnValueCollector.java,import org.apache.parquet.column.values.bloomfilter.BloomFilterWriter
parquet-java,ColumnValueCollector.java,INSTANTIATION,BlockSplitBloomFilter,185,parquet-column/src/main/java/org/apache/parquet/column/impl/ColumnValueCollector.java,import org.apache.parquet.column.values.bloomfilter.BlockSplitBloomFilter
parquet-java,ColumnValueCollector.java,INSTANTIATION,AdaptiveBlockSplitBloomFilter,189,parquet-column/src/main/java/org/apache/parquet/column/impl/ColumnValueCollector.java,import org.apache.parquet.column.values.bloomfilter.AdaptiveBlockSplitBloomFilter
parquet-java,ColumnValueCollector.java,INSTANTIATION,BlockSplitBloomFilter,191,parquet-column/src/main/java/org/apache/parquet/column/impl/ColumnValueCollector.java,import org.apache.parquet.column.values.bloomfilter.BlockSplitBloomFilter
parquet-java,ColumnWriterV1.java,IMPORT,import org.apache.parquet.column.values.bloomfilter.BloomFilterWriter,31,parquet-column/src/main/java/org/apache/parquet/column/impl/ColumnWriterV1.java,
parquet-java,ColumnWriteStoreBase.java,IMPORT,import org.apache.parquet.column.values.bloomfilter.BloomFilterWriteStore,36,parquet-column/src/main/java/org/apache/parquet/column/impl/ColumnWriteStoreBase.java,
parquet-java,ColumnWriteStoreBase.java,IMPORT,import org.apache.parquet.column.values.bloomfilter.BloomFilterWriter,37,parquet-column/src/main/java/org/apache/parquet/column/impl/ColumnWriteStoreBase.java,
parquet-java,ColumnWriteStoreV1.java,IMPORT,import org.apache.parquet.column.values.bloomfilter.BloomFilterWriteStore,25,parquet-column/src/main/java/org/apache/parquet/column/impl/ColumnWriteStoreV1.java,
parquet-java,ColumnWriteStoreV1.java,IMPORT,import org.apache.parquet.column.values.bloomfilter.BloomFilterWriter,26,parquet-column/src/main/java/org/apache/parquet/column/impl/ColumnWriteStoreV1.java,
parquet-java,ColumnWriterV2.java,IMPORT,import org.apache.parquet.column.values.bloomfilter.BloomFilterWriter,32,parquet-column/src/main/java/org/apache/parquet/column/impl/ColumnWriterV2.java,
parquet-java,ColumnWriterBase.java,IMPORT,import org.apache.parquet.column.values.bloomfilter.BloomFilterWriter,32,parquet-column/src/main/java/org/apache/parquet/column/impl/ColumnWriterBase.java,
parquet-java,ColumnWriteStoreV2.java,IMPORT,import org.apache.parquet.column.values.bloomfilter.BloomFilterWriteStore,25,parquet-column/src/main/java/org/apache/parquet/column/impl/ColumnWriteStoreV2.java,
parquet-java,ColumnWriteStoreV2.java,IMPORT,import org.apache.parquet.column.values.bloomfilter.BloomFilterWriter,26,parquet-column/src/main/java/org/apache/parquet/column/impl/ColumnWriteStoreV2.java,
parquet-java,AdaptiveBlockSplitBloomFilter.java,IMPORT,import static org.apache.parquet.column.values.bloomfilter.BlockSplitBloomFilter.LOWER_BOUND_BYTES,22,parquet-column/src/main/java/org/apache/parquet/column/values/bloomfilter/AdaptiveBlockSplitBloomFilter.java,
parquet-java,AdaptiveBlockSplitBloomFilter.java,IMPORT,import static org.apache.parquet.column.values.bloomfilter.BlockSplitBloomFilter.UPPER_BOUND_BYTES,23,parquet-column/src/main/java/org/apache/parquet/column/values/bloomfilter/AdaptiveBlockSplitBloomFilter.java,
parquet-java,AdaptiveBlockSplitBloomFilter.java,INSTANTIATION,BloomFilterCandidate,111,parquet-column/src/main/java/org/apache/parquet/column/values/bloomfilter/AdaptiveBlockSplitBloomFilter.java,
parquet-java,AdaptiveBlockSplitBloomFilter.java,INSTANTIATION,BloomFilterCandidate,119,parquet-column/src/main/java/org/apache/parquet/column/values/bloomfilter/AdaptiveBlockSplitBloomFilter.java,
parquet-java,AdaptiveBlockSplitBloomFilter.java,INSTANTIATION,BlockSplitBloomFilter,280,parquet-column/src/main/java/org/apache/parquet/column/values/bloomfilter/AdaptiveBlockSplitBloomFilter.java,import static org.apache.parquet.column.values.bloomfilter.BlockSplitBloomFilter.UPPER_BOUND_BYTES
phoenix,CountRowsScannedIT.java,IMPORT,import static org.apache.phoenix.query.QueryServices.USE_BLOOMFILTER_FOR_MULTIKEY_POINTLOOKUP,20,phoenix-core/src/it/java/org/apache/phoenix/monitoring/CountRowsScannedIT.java,
phoenix,ServerPagingIT.java,IMPORT,import static org.apache.phoenix.query.QueryServices.USE_BLOOMFILTER_FOR_MULTIKEY_POINTLOOKUP,24,phoenix-core/src/it/java/org/apache/phoenix/end2end/ServerPagingIT.java,
phoenix,ServerPagingIT.java,IMPORT,import org.apache.hadoop.hbase.regionserver.BloomType,44,phoenix-core/src/it/java/org/apache/phoenix/end2end/ServerPagingIT.java,
phoenix,CreateTableIT.java,IMPORT,import org.apache.hadoop.hbase.regionserver.BloomType,59,phoenix-core/src/it/java/org/apache/phoenix/end2end/CreateTableIT.java,
phoenix,InListIT.java,IMPORT,import static org.apache.phoenix.query.QueryServices.USE_BLOOMFILTER_FOR_MULTIKEY_POINTLOOKUP,21,phoenix-core/src/it/java/org/apache/phoenix/end2end/InListIT.java,
phoenix,DistinctCountHyperLogLogAggregateFunction.java,IMPORT,import com.clearspring.analytics.stream.cardinality.HyperLogLogPlus,20,phoenix-core-client/src/main/java/org/apache/phoenix/expression/function/DistinctCountHyperLogLogAggregateFunction.java,
phoenix,DistinctCountHyperLogLogAggregateFunction.java,IMPORT,import org.apache.phoenix.parse.DistinctCountHyperLogLogAggregateParseNode,29,phoenix-core-client/src/main/java/org/apache/phoenix/expression/function/DistinctCountHyperLogLogAggregateFunction.java,
phoenix,DistinctCountHyperLogLogAggregateFunction.java,INSTANTIATION,HyperLogLogClientAggregator,70,phoenix-core-client/src/main/java/org/apache/phoenix/expression/function/DistinctCountHyperLogLogAggregateFunction.java,
phoenix,DistinctCountHyperLogLogAggregateFunction.java,INSTANTIATION,HyperLogLogServerAggregator,76,phoenix-core-client/src/main/java/org/apache/phoenix/expression/function/DistinctCountHyperLogLogAggregateFunction.java,
phoenix,DistinctCountHyperLogLogAggregateFunction.java,INSTANTIATION,HyperLogLogServerAggregator,87,phoenix-core-client/src/main/java/org/apache/phoenix/expression/function/DistinctCountHyperLogLogAggregateFunction.java,
phoenix,DistinctCountHyperLogLogAggregateFunction.java,INSTANTIATION,HyperLogLogPlus,109,phoenix-core-client/src/main/java/org/apache/phoenix/expression/function/DistinctCountHyperLogLogAggregateFunction.java,import com.clearspring.analytics.stream.cardinality.HyperLogLogPlus
phoenix,DistinctCountHyperLogLogAggregateFunction.java,INSTANTIATION,HyperLogLogPlus,141,phoenix-core-client/src/main/java/org/apache/phoenix/expression/function/DistinctCountHyperLogLogAggregateFunction.java,import com.clearspring.analytics.stream.cardinality.HyperLogLogPlus
phoenix,DistinctCountHyperLogLogAggregateParseNode.java,IMPORT,import org.apache.phoenix.expression.function.DistinctCountHyperLogLogAggregateFunction,24,phoenix-core-client/src/main/java/org/apache/phoenix/parse/DistinctCountHyperLogLogAggregateParseNode.java,
phoenix,DistinctCountHyperLogLogAggregateParseNode.java,INSTANTIATION,DistinctCountHyperLogLogAggregateFunction,36,phoenix-core-client/src/main/java/org/apache/phoenix/parse/DistinctCountHyperLogLogAggregateParseNode.java,import org.apache.phoenix.expression.function.DistinctCountHyperLogLogAggregateFunction
phoenix,MultiHfileOutputFormat.java,IMPORT,import org.apache.hadoop.hbase.regionserver.BloomType,65,phoenix-core-server/src/main/java/org/apache/phoenix/mapreduce/MultiHfileOutputFormat.java,
phoenix,MultiHfileOutputFormat.java,INSTANTIATION,"TreeMap<byte[], BloomType>",359,phoenix-core-server/src/main/java/org/apache/phoenix/mapreduce/MultiHfileOutputFormat.java,
phoenix,SpillMap.java,IMPORT,import org.apache.phoenix.thirdparty.com.google.common.hash.BloomFilter,36,phoenix-core-server/src/main/java/org/apache/phoenix/cache/aggcache/SpillMap.java,
phoenix,IndexRegionObserver.java,IMPORT,import org.apache.hadoop.hbase.regionserver.BloomType,74,phoenix-core-server/src/main/java/org/apache/phoenix/hbase/index/IndexRegionObserver.java,
phoenix,PagingRegionScanner.java,IMPORT,import static org.apache.phoenix.query.QueryServices.USE_BLOOMFILTER_FOR_MULTIKEY_POINTLOOKUP,20,phoenix-core-server/src/main/java/org/apache/phoenix/coprocessor/PagingRegionScanner.java,
phoenix,PagingRegionScanner.java,IMPORT,import org.apache.hadoop.hbase.regionserver.BloomType,28,phoenix-core-server/src/main/java/org/apache/phoenix/coprocessor/PagingRegionScanner.java,
phoenix,TenantOperationFactory.java,IMPORT,import org.apache.phoenix.thirdparty.com.google.common.hash.BloomFilter,51,phoenix-pherf/src/main/java/org/apache/phoenix/pherf/workload/mt/operations/TenantOperationFactory.java,
pig,TezCompiler.java,IMPORT,import org.apache.pig.backend.hadoop.executionengine.tez.plan.operator.BloomPackager,92,src/org/apache/pig/backend/hadoop/executionengine/tez/plan/TezCompiler.java,
pig,TezCompiler.java,IMPORT,import org.apache.pig.backend.hadoop.executionengine.tez.plan.operator.POBloomFilterRearrangeTez,94,src/org/apache/pig/backend/hadoop/executionengine/tez/plan/TezCompiler.java,
pig,TezCompiler.java,IMPORT,import org.apache.pig.backend.hadoop.executionengine.tez.plan.operator.POBuildBloomRearrangeTez,95,src/org/apache/pig/backend/hadoop/executionengine/tez/plan/TezCompiler.java,
pig,TezCompiler.java,IMPORT,import org.apache.pig.backend.hadoop.executionengine.tez.runtime.BloomFilterPartitioner,113,src/org/apache/pig/backend/hadoop/executionengine/tez/plan/TezCompiler.java,
pig,TezCompiler.java,INSTANTIATION,POBuildBloomRearrangeTez,1433,src/org/apache/pig/backend/hadoop/executionengine/tez/plan/TezCompiler.java,import org.apache.pig.backend.hadoop.executionengine.tez.plan.operator.POBuildBloomRearrangeTez
pig,TezCompiler.java,INSTANTIATION,BloomPackager,1459,src/org/apache/pig/backend/hadoop/executionengine/tez/plan/TezCompiler.java,import org.apache.pig.backend.hadoop.executionengine.tez.plan.operator.BloomPackager
pig,TezCompiler.java,INSTANTIATION,BloomPackager,1474,src/org/apache/pig/backend/hadoop/executionengine/tez/plan/TezCompiler.java,import org.apache.pig.backend.hadoop.executionengine.tez.plan.operator.BloomPackager
pig,TezCompiler.java,INSTANTIATION,POBloomFilterRearrangeTez,1504,src/org/apache/pig/backend/hadoop/executionengine/tez/plan/TezCompiler.java,import org.apache.pig.backend.hadoop.executionengine.tez.plan.operator.POBloomFilterRearrangeTez
pig,TezPOPackageAnnotator.java,IMPORT,import org.apache.pig.backend.hadoop.executionengine.tez.plan.operator.BloomPackager,34,src/org/apache/pig/backend/hadoop/executionengine/tez/plan/TezPOPackageAnnotator.java,
pig,POBloomFilterRearrangeTez.java,IMPORT,import org.apache.hadoop.util.bloom.Key,27,src/org/apache/pig/backend/hadoop/executionengine/tez/plan/operator/POBloomFilterRearrangeTez.java,
pig,POBloomFilterRearrangeTez.java,IMPORT,import org.apache.pig.impl.bloom.BloomFilter,39,src/org/apache/pig/backend/hadoop/executionengine/tez/plan/operator/POBloomFilterRearrangeTez.java,
pig,POBuildBloomRearrangeTez.java,IMPORT,import org.apache.hadoop.util.bloom.Key,28,src/org/apache/pig/backend/hadoop/executionengine/tez/plan/operator/POBuildBloomRearrangeTez.java,
pig,POBuildBloomRearrangeTez.java,IMPORT,import org.apache.pig.impl.bloom.BloomFilter,39,src/org/apache/pig/backend/hadoop/executionengine/tez/plan/operator/POBuildBloomRearrangeTez.java,
pig,POBuildBloomRearrangeTez.java,INSTANTIATION,BloomFilter,213,src/org/apache/pig/backend/hadoop/executionengine/tez/plan/operator/POBuildBloomRearrangeTez.java,import org.apache.pig.impl.bloom.BloomFilter
pig,POBuildBloomRearrangeTez.java,INSTANTIATION,BloomFilter,220,src/org/apache/pig/backend/hadoop/executionengine/tez/plan/operator/POBuildBloomRearrangeTez.java,import org.apache.pig.impl.bloom.BloomFilter
pig,BloomPackager.java,IMPORT,import org.apache.hadoop.util.bloom.Key,25,src/org/apache/pig/backend/hadoop/executionengine/tez/plan/operator/BloomPackager.java,
pig,BloomPackager.java,IMPORT,import org.apache.pig.impl.bloom.BloomFilter,34,src/org/apache/pig/backend/hadoop/executionengine/tez/plan/operator/BloomPackager.java,
pig,BloomPackager.java,INSTANTIATION,BloomFilter,142,src/org/apache/pig/backend/hadoop/executionengine/tez/plan/operator/BloomPackager.java,import org.apache.pig.impl.bloom.BloomFilter
pig,PigCombiner.java,IMPORT,import org.apache.pig.backend.hadoop.executionengine.tez.plan.operator.BloomPackager,40,src/org/apache/pig/backend/hadoop/executionengine/mapReduceLayer/PigCombiner.java,
pig,EndOfAllInputSetter.java,IMPORT,import org.apache.pig.backend.hadoop.executionengine.tez.plan.operator.BloomPackager,34,src/org/apache/pig/backend/hadoop/executionengine/mapReduceLayer/plans/EndOfAllInputSetter.java,
pig,EndOfAllInputSetter.java,IMPORT,import org.apache.pig.backend.hadoop.executionengine.tez.plan.operator.POBuildBloomRearrangeTez,35,src/org/apache/pig/backend/hadoop/executionengine/mapReduceLayer/plans/EndOfAllInputSetter.java,
pig,Bloom.java,IMPORT,import org.apache.hadoop.util.bloom.BloomFilter,32,src/org/apache/pig/builtin/Bloom.java,
pig,Bloom.java,IMPORT,import org.apache.hadoop.util.bloom.Key,33,src/org/apache/pig/builtin/Bloom.java,
pig,Bloom.java,INSTANTIATION,BloomFilter,145,src/org/apache/pig/builtin/Bloom.java,import org.apache.hadoop.util.bloom.BloomFilter
pig,Bloom.java,INSTANTIATION,BloomFilter,171,src/org/apache/pig/builtin/Bloom.java,import org.apache.hadoop.util.bloom.BloomFilter
pig,BuildBloomBase.java,IMPORT,import org.apache.hadoop.util.bloom.BloomFilter,28,src/org/apache/pig/builtin/BuildBloomBase.java,
pig,BuildBloomBase.java,INSTANTIATION,BloomFilter,84,src/org/apache/pig/builtin/BuildBloomBase.java,import org.apache.hadoop.util.bloom.BloomFilter
pig,BuildBloomBase.java,INSTANTIATION,BloomFilter,109,src/org/apache/pig/builtin/BuildBloomBase.java,import org.apache.hadoop.util.bloom.BloomFilter
pig,BuildBloom.java,IMPORT,import org.apache.hadoop.util.bloom.BloomFilter,24,src/org/apache/pig/builtin/BuildBloom.java,
pig,BuildBloom.java,IMPORT,import org.apache.hadoop.util.bloom.Key,25,src/org/apache/pig/builtin/BuildBloom.java,
pig,BuildBloom.java,INSTANTIATION,BloomFilter,141,src/org/apache/pig/builtin/BuildBloom.java,import org.apache.hadoop.util.bloom.BloomFilter
pig,HashFunction.java,IMPORT,import org.apache.hadoop.util.bloom.Key,21,src/org/apache/pig/impl/bloom/HashFunction.java,
pig,BloomFilter.java,IMPORT,import org.apache.hadoop.util.bloom.Filter,36,src/org/apache/pig/impl/bloom/BloomFilter.java,
pig,BloomFilter.java,IMPORT,import org.apache.hadoop.util.bloom.Key,37,src/org/apache/pig/impl/bloom/BloomFilter.java,
pig,BloomFilter.java,INSTANTIATION,BloomFilter,174,src/org/apache/pig/impl/bloom/BloomFilter.java,
pig,TestBloom.java,IMPORT,import org.apache.pig.builtin.Bloom,22,test/org/apache/pig/test/TestBloom.java,
pig,TestBloom.java,IMPORT,import org.apache.pig.builtin.BuildBloom,23,test/org/apache/pig/test/TestBloom.java,
pig,TestBloom.java,INSTANTIATION,TestBuildBloom,51,test/org/apache/pig/test/TestBloom.java,
pig,TestBloom.java,INSTANTIATION,TestBuildBloom,54,test/org/apache/pig/test/TestBloom.java,
pig,TestBloom.java,INSTANTIATION,TestBuildBloom,57,test/org/apache/pig/test/TestBloom.java,
pig,TestBloom.java,INSTANTIATION,TestBuildBloom,60,test/org/apache/pig/test/TestBloom.java,
pig,TestBloom.java,INSTANTIATION,BuildBloom,71,test/org/apache/pig/test/TestBloom.java,import org.apache.pig.builtin.BuildBloom
pig,TestBloom.java,INSTANTIATION,BuildBloom,83,test/org/apache/pig/test/TestBloom.java,import org.apache.pig.builtin.BuildBloom
pig,TestBloom.java,INSTANTIATION,BuildBloom.Initial,107,test/org/apache/pig/test/TestBloom.java,
pig,TestBloom.java,INSTANTIATION,Bloom,110,test/org/apache/pig/test/TestBloom.java,import org.apache.pig.builtin.BuildBloom
pig,TestBloom.java,INSTANTIATION,BuildBloom.Initial,142,test/org/apache/pig/test/TestBloom.java,
pig,TestBloom.java,INSTANTIATION,BuildBloom.Intermediate,148,test/org/apache/pig/test/TestBloom.java,
pig,TestBloom.java,INSTANTIATION,Bloom,151,test/org/apache/pig/test/TestBloom.java,import org.apache.pig.builtin.BuildBloom
pig,TestBloom.java,INSTANTIATION,BuildBloom.Initial,187,test/org/apache/pig/test/TestBloom.java,
pig,TestBloom.java,INSTANTIATION,BuildBloom.Intermediate,193,test/org/apache/pig/test/TestBloom.java,
pig,TestBloom.java,INSTANTIATION,BuildBloom.Final,200,test/org/apache/pig/test/TestBloom.java,
pig,TestBloom.java,INSTANTIATION,Bloom,203,test/org/apache/pig/test/TestBloom.java,import org.apache.pig.builtin.BuildBloom
pig,TestBloom.java,INSTANTIATION,BuildBloom.Initial,247,test/org/apache/pig/test/TestBloom.java,
pig,TestBloom.java,INSTANTIATION,BuildBloom.Intermediate,254,test/org/apache/pig/test/TestBloom.java,
pig,TestBloom.java,INSTANTIATION,BuildBloom.Final,262,test/org/apache/pig/test/TestBloom.java,
pig,TestBloom.java,INSTANTIATION,Bloom,265,test/org/apache/pig/test/TestBloom.java,import org.apache.pig.builtin.BuildBloom
pinot,BloomIndexTypeTest.java,IMPORT,import org.apache.pinot.spi.config.table.BloomFilterConfig,27,pinot-segment-local/src/test/java/org/apache/pinot/segment/local/segment/index/bloom/BloomIndexTypeTest.java,
pinot,BloomIndexTypeTest.java,INSTANTIATION,BloomIndexPlugin,179,pinot-segment-local/src/test/java/org/apache/pinot/segment/local/segment/index/bloom/BloomIndexTypeTest.java,
pinot,FixedByteSVMutableForwardIndexTest.java,IMPORT,import com.clearspring.analytics.stream.cardinality.HyperLogLog,21,pinot-segment-local/src/test/java/org/apache/pinot/segment/local/segment/index/forward/mutable/FixedByteSVMutableForwardIndexTest.java,
pinot,FixedByteSVMutableForwardIndexTest.java,IMPORT,import com.clearspring.analytics.stream.cardinality.HyperLogLogPlus,22,pinot-segment-local/src/test/java/org/apache/pinot/segment/local/segment/index/forward/mutable/FixedByteSVMutableForwardIndexTest.java,
pinot,FixedByteSVMutableForwardIndexTest.java,INSTANTIATION,HyperLogLog,144,pinot-segment-local/src/test/java/org/apache/pinot/segment/local/segment/index/forward/mutable/FixedByteSVMutableForwardIndexTest.java,import com.clearspring.analytics.stream.cardinality.HyperLogLogPlus
pinot,FixedByteSVMutableForwardIndexTest.java,INSTANTIATION,HyperLogLog,159,pinot-segment-local/src/test/java/org/apache/pinot/segment/local/segment/index/forward/mutable/FixedByteSVMutableForwardIndexTest.java,import com.clearspring.analytics.stream.cardinality.HyperLogLogPlus
pinot,FixedByteSVMutableForwardIndexTest.java,INSTANTIATION,HyperLogLog,172,pinot-segment-local/src/test/java/org/apache/pinot/segment/local/segment/index/forward/mutable/FixedByteSVMutableForwardIndexTest.java,import com.clearspring.analytics.stream.cardinality.HyperLogLogPlus
pinot,FixedByteSVMutableForwardIndexTest.java,INSTANTIATION,HyperLogLogPlus,203,pinot-segment-local/src/test/java/org/apache/pinot/segment/local/segment/index/forward/mutable/FixedByteSVMutableForwardIndexTest.java,import com.clearspring.analytics.stream.cardinality.HyperLogLogPlus
pinot,FixedByteSVMutableForwardIndexTest.java,INSTANTIATION,HyperLogLogPlus,218,pinot-segment-local/src/test/java/org/apache/pinot/segment/local/segment/index/forward/mutable/FixedByteSVMutableForwardIndexTest.java,import com.clearspring.analytics.stream.cardinality.HyperLogLogPlus
pinot,FixedByteSVMutableForwardIndexTest.java,INSTANTIATION,HyperLogLogPlus,231,pinot-segment-local/src/test/java/org/apache/pinot/segment/local/segment/index/forward/mutable/FixedByteSVMutableForwardIndexTest.java,import com.clearspring.analytics.stream.cardinality.HyperLogLogPlus
pinot,BloomFilterCreatorTest.java,IMPORT,import org.apache.pinot.segment.local.segment.creator.impl.bloom.OnHeapGuavaBloomFilterCreator,24,pinot-segment-local/src/test/java/org/apache/pinot/segment/local/segment/index/creator/BloomFilterCreatorTest.java,
pinot,BloomFilterCreatorTest.java,IMPORT,import org.apache.pinot.segment.local.segment.index.readers.bloom.BloomFilterReaderFactory,25,pinot-segment-local/src/test/java/org/apache/pinot/segment/local/segment/index/creator/BloomFilterCreatorTest.java,
pinot,BloomFilterCreatorTest.java,IMPORT,import org.apache.pinot.segment.spi.index.creator.BloomFilterCreator,27,pinot-segment-local/src/test/java/org/apache/pinot/segment/local/segment/index/creator/BloomFilterCreatorTest.java,
pinot,BloomFilterCreatorTest.java,IMPORT,import org.apache.pinot.segment.spi.index.reader.BloomFilterReader,28,pinot-segment-local/src/test/java/org/apache/pinot/segment/local/segment/index/creator/BloomFilterCreatorTest.java,
pinot,BloomFilterCreatorTest.java,IMPORT,import org.apache.pinot.spi.config.table.BloomFilterConfig,30,pinot-segment-local/src/test/java/org/apache/pinot/segment/local/segment/index/creator/BloomFilterCreatorTest.java,
pinot,BloomFilterCreatorTest.java,INSTANTIATION,OnHeapGuavaBloomFilterCreator,55,pinot-segment-local/src/test/java/org/apache/pinot/segment/local/segment/index/creator/BloomFilterCreatorTest.java,import org.apache.pinot.segment.local.segment.creator.impl.bloom.OnHeapGuavaBloomFilterCreator
pinot,BloomFilterCreatorTest.java,INSTANTIATION,BloomFilterConfig,56,pinot-segment-local/src/test/java/org/apache/pinot/segment/local/segment/index/creator/BloomFilterCreatorTest.java,import org.apache.pinot.spi.config.table.BloomFilterConfig
pinot,BloomFilterCreatorTest.java,INSTANTIATION,OnHeapGuavaBloomFilterCreator,88,pinot-segment-local/src/test/java/org/apache/pinot/segment/local/segment/index/creator/BloomFilterCreatorTest.java,import org.apache.pinot.segment.local.segment.creator.impl.bloom.OnHeapGuavaBloomFilterCreator
pinot,BloomFilterCreatorTest.java,INSTANTIATION,BloomFilterConfig,89,pinot-segment-local/src/test/java/org/apache/pinot/segment/local/segment/index/creator/BloomFilterCreatorTest.java,import org.apache.pinot.spi.config.table.BloomFilterConfig
pinot,SegmentPreProcessorTest.java,IMPORT,import org.apache.pinot.spi.config.table.BloomFilterConfig,69,pinot-segment-local/src/test/java/org/apache/pinot/segment/local/segment/index/loader/SegmentPreProcessorTest.java,
pinot,SegmentPreProcessorTest.java,INSTANTIATION,BloomFilterConfig,1478,pinot-segment-local/src/test/java/org/apache/pinot/segment/local/segment/index/loader/SegmentPreProcessorTest.java,import org.apache.pinot.spi.config.table.BloomFilterConfig
pinot,SegmentPreProcessorTest.java,INSTANTIATION,BloomFilterConfig,1597,pinot-segment-local/src/test/java/org/apache/pinot/segment/local/segment/index/loader/SegmentPreProcessorTest.java,import org.apache.pinot.spi.config.table.BloomFilterConfig
pinot,SegmentPreProcessorTest.java,INSTANTIATION,BloomFilterConfig,1788,pinot-segment-local/src/test/java/org/apache/pinot/segment/local/segment/index/loader/SegmentPreProcessorTest.java,import org.apache.pinot.spi.config.table.BloomFilterConfig
pinot,SegmentPreProcessorTest.java,INSTANTIATION,BloomFilterConfig,1812,pinot-segment-local/src/test/java/org/apache/pinot/segment/local/segment/index/loader/SegmentPreProcessorTest.java,import org.apache.pinot.spi.config.table.BloomFilterConfig
pinot,HyperLogLogUtilsTest.java,IMPORT,import com.clearspring.analytics.stream.cardinality.HyperLogLog,21,pinot-segment-local/src/test/java/org/apache/pinot/segment/local/utils/HyperLogLogUtilsTest.java,
pinot,HyperLogLogUtilsTest.java,INSTANTIATION,HyperLogLog,34,pinot-segment-local/src/test/java/org/apache/pinot/segment/local/utils/HyperLogLogUtilsTest.java,import com.clearspring.analytics.stream.cardinality.HyperLogLog
pinot,TableConfigUtilsTest.java,IMPORT,import org.apache.pinot.spi.config.table.BloomFilterConfig,34,pinot-segment-local/src/test/java/org/apache/pinot/segment/local/utils/TableConfigUtilsTest.java,
pinot,TableConfigUtilsTest.java,INSTANTIATION,BloomFilterConfig,1984,pinot-segment-local/src/test/java/org/apache/pinot/segment/local/utils/TableConfigUtilsTest.java,import org.apache.pinot.spi.config.table.BloomFilterConfig
pinot,MutableSegmentImplIngestionAggregationTest.java,IMPORT,import com.clearspring.analytics.stream.cardinality.HyperLogLog,21,pinot-segment-local/src/test/java/org/apache/pinot/segment/local/indexsegment/mutable/MutableSegmentImplIngestionAggregationTest.java,
pinot,MutableSegmentImplIngestionAggregationTest.java,INSTANTIATION,HyperLogLog,273,pinot-segment-local/src/test/java/org/apache/pinot/segment/local/indexsegment/mutable/MutableSegmentImplIngestionAggregationTest.java,import com.clearspring.analytics.stream.cardinality.HyperLogLog
pinot,BloomIndexType.java,IMPORT,import org.apache.pinot.segment.local.segment.creator.impl.bloom.OnHeapGuavaBloomFilterCreator,26,pinot-segment-local/src/main/java/org/apache/pinot/segment/local/segment/index/bloom/BloomIndexType.java,
pinot,BloomIndexType.java,IMPORT,import org.apache.pinot.segment.local.segment.index.loader.bloomfilter.BloomFilterHandler,27,pinot-segment-local/src/main/java/org/apache/pinot/segment/local/segment/index/bloom/BloomIndexType.java,
pinot,BloomIndexType.java,IMPORT,import org.apache.pinot.segment.local.segment.index.readers.bloom.BloomFilterReaderFactory,28,pinot-segment-local/src/main/java/org/apache/pinot/segment/local/segment/index/bloom/BloomIndexType.java,
pinot,BloomIndexType.java,IMPORT,import org.apache.pinot.segment.spi.index.creator.BloomFilterCreator,40,pinot-segment-local/src/main/java/org/apache/pinot/segment/local/segment/index/bloom/BloomIndexType.java,
pinot,BloomIndexType.java,IMPORT,import org.apache.pinot.segment.spi.index.reader.BloomFilterReader,41,pinot-segment-local/src/main/java/org/apache/pinot/segment/local/segment/index/bloom/BloomIndexType.java,
pinot,BloomIndexType.java,IMPORT,import org.apache.pinot.spi.config.table.BloomFilterConfig,44,pinot-segment-local/src/main/java/org/apache/pinot/segment/local/segment/index/bloom/BloomIndexType.java,
pinot,BloomIndexType.java,INSTANTIATION,OnHeapGuavaBloomFilterCreator,107,pinot-segment-local/src/main/java/org/apache/pinot/segment/local/segment/index/bloom/BloomIndexType.java,import org.apache.pinot.segment.local.segment.creator.impl.bloom.OnHeapGuavaBloomFilterCreator
pinot,BloomIndexType.java,INSTANTIATION,BloomFilterHandler,119,pinot-segment-local/src/main/java/org/apache/pinot/segment/local/segment/index/bloom/BloomIndexType.java,import org.apache.pinot.segment.local.segment.index.loader.bloomfilter.BloomFilterHandler
pinot,BloomIndexPlugin.java,INSTANTIATION,BloomIndexType,27,pinot-segment-local/src/main/java/org/apache/pinot/segment/local/segment/index/bloom/BloomIndexPlugin.java,
pinot,NullDataSource.java,IMPORT,import org.apache.pinot.segment.spi.index.reader.BloomFilterReader,31,pinot-segment-local/src/main/java/org/apache/pinot/segment/local/segment/index/map/NullDataSource.java,
pinot,BaseDataSource.java,IMPORT,import org.apache.pinot.segment.spi.index.reader.BloomFilterReader,30,pinot-segment-local/src/main/java/org/apache/pinot/segment/local/segment/index/datasource/BaseDataSource.java,
pinot,BaseGuavaBloomFilterReader.java,IMPORT,import org.apache.pinot.segment.spi.index.reader.BloomFilterReader,23,pinot-segment-local/src/main/java/org/apache/pinot/segment/local/segment/index/readers/bloom/BaseGuavaBloomFilterReader.java,
pinot,BloomFilterReaderFactory.java,IMPORT,import org.apache.pinot.segment.local.segment.creator.impl.bloom.OnHeapGuavaBloomFilterCreator,22,pinot-segment-local/src/main/java/org/apache/pinot/segment/local/segment/index/readers/bloom/BloomFilterReaderFactory.java,
pinot,BloomFilterReaderFactory.java,IMPORT,import org.apache.pinot.segment.spi.index.reader.BloomFilterReader,23,pinot-segment-local/src/main/java/org/apache/pinot/segment/local/segment/index/readers/bloom/BloomFilterReaderFactory.java,
pinot,BloomFilterReaderFactory.java,INSTANTIATION,OnHeapGuavaBloomFilterReader,42,pinot-segment-local/src/main/java/org/apache/pinot/segment/local/segment/index/readers/bloom/BloomFilterReaderFactory.java,
pinot,BloomFilterReaderFactory.java,INSTANTIATION,OffHeapGuavaBloomFilterReader,43,pinot-segment-local/src/main/java/org/apache/pinot/segment/local/segment/index/readers/bloom/BloomFilterReaderFactory.java,
pinot,BloomFilterHandler.java,IMPORT,import org.apache.pinot.segment.spi.index.creator.BloomFilterCreator,39,pinot-segment-local/src/main/java/org/apache/pinot/segment/local/segment/index/loader/bloomfilter/BloomFilterHandler.java,
pinot,BloomFilterHandler.java,IMPORT,import org.apache.pinot.spi.config.table.BloomFilterConfig,45,pinot-segment-local/src/main/java/org/apache/pinot/segment/local/segment/index/loader/bloomfilter/BloomFilterHandler.java,
pinot,OnHeapGuavaBloomFilterCreator.java,IMPORT,import com.google.common.hash.BloomFilter,21,pinot-segment-local/src/main/java/org/apache/pinot/segment/local/segment/creator/impl/bloom/OnHeapGuavaBloomFilterCreator.java,
pinot,OnHeapGuavaBloomFilterCreator.java,IMPORT,import org.apache.pinot.segment.local.segment.index.readers.bloom.GuavaBloomFilterReaderUtils,28,pinot-segment-local/src/main/java/org/apache/pinot/segment/local/segment/creator/impl/bloom/OnHeapGuavaBloomFilterCreator.java,
pinot,OnHeapGuavaBloomFilterCreator.java,IMPORT,import org.apache.pinot.segment.spi.index.creator.BloomFilterCreator,30,pinot-segment-local/src/main/java/org/apache/pinot/segment/local/segment/creator/impl/bloom/OnHeapGuavaBloomFilterCreator.java,
pinot,OnHeapGuavaBloomFilterCreator.java,IMPORT,import org.apache.pinot.spi.config.table.BloomFilterConfig,31,pinot-segment-local/src/main/java/org/apache/pinot/segment/local/segment/creator/impl/bloom/OnHeapGuavaBloomFilterCreator.java,
pinot,NoDictColumnStatisticsCollector.java,IMPORT,import com.clearspring.analytics.stream.cardinality.HyperLogLogPlus,21,pinot-segment-local/src/main/java/org/apache/pinot/segment/local/segment/creator/impl/stats/NoDictColumnStatisticsCollector.java,
pinot,NoDictColumnStatisticsCollector.java,INSTANTIATION,HyperLogLogPlus,70,pinot-segment-local/src/main/java/org/apache/pinot/segment/local/segment/creator/impl/stats/NoDictColumnStatisticsCollector.java,import com.clearspring.analytics.stream.cardinality.HyperLogLogPlus
pinot,DistinctCountHLLValueAggregator.java,IMPORT,import com.clearspring.analytics.stream.cardinality.HyperLogLog,22,pinot-segment-local/src/main/java/org/apache/pinot/segment/local/aggregator/DistinctCountHLLValueAggregator.java,
pinot,DistinctCountHLLValueAggregator.java,IMPORT,import org.apache.pinot.segment.local.utils.HyperLogLogUtils,28,pinot-segment-local/src/main/java/org/apache/pinot/segment/local/aggregator/DistinctCountHLLValueAggregator.java,
pinot,DistinctCountHLLValueAggregator.java,INSTANTIATION,HyperLogLog,64,pinot-segment-local/src/main/java/org/apache/pinot/segment/local/aggregator/DistinctCountHLLValueAggregator.java,import org.apache.pinot.segment.local.utils.HyperLogLogUtils
pinot,DistinctCountHLLValueAggregator.java,INSTANTIATION,HyperLogLog,72,pinot-segment-local/src/main/java/org/apache/pinot/segment/local/aggregator/DistinctCountHLLValueAggregator.java,import org.apache.pinot.segment.local.utils.HyperLogLogUtils
pinot,DistinctCountHLLPlusValueAggregator.java,IMPORT,import com.clearspring.analytics.stream.cardinality.HyperLogLogPlus,22,pinot-segment-local/src/main/java/org/apache/pinot/segment/local/aggregator/DistinctCountHLLPlusValueAggregator.java,
pinot,DistinctCountHLLPlusValueAggregator.java,IMPORT,import org.apache.pinot.segment.local.utils.HyperLogLogPlusUtils,28,pinot-segment-local/src/main/java/org/apache/pinot/segment/local/aggregator/DistinctCountHLLPlusValueAggregator.java,
pinot,DistinctCountHLLPlusValueAggregator.java,INSTANTIATION,HyperLogLogPlus,70,pinot-segment-local/src/main/java/org/apache/pinot/segment/local/aggregator/DistinctCountHLLPlusValueAggregator.java,import org.apache.pinot.segment.local.utils.HyperLogLogPlusUtils
pinot,DistinctCountHLLPlusValueAggregator.java,INSTANTIATION,HyperLogLogPlus,78,pinot-segment-local/src/main/java/org/apache/pinot/segment/local/aggregator/DistinctCountHLLPlusValueAggregator.java,import org.apache.pinot.segment.local.utils.HyperLogLogPlusUtils
pinot,SerializedHLL.java,IMPORT,import com.clearspring.analytics.stream.cardinality.HyperLogLog,21,pinot-segment-local/src/main/java/org/apache/pinot/segment/local/customobject/SerializedHLL.java,
pinot,SerializedHLLPlus.java,IMPORT,import com.clearspring.analytics.stream.cardinality.HyperLogLogPlus,21,pinot-segment-local/src/main/java/org/apache/pinot/segment/local/customobject/SerializedHLLPlus.java,
pinot,CustomSerDeUtils.java,IMPORT,import com.clearspring.analytics.stream.cardinality.HyperLogLog,21,pinot-segment-local/src/main/java/org/apache/pinot/segment/local/utils/CustomSerDeUtils.java,
pinot,CustomSerDeUtils.java,IMPORT,import com.clearspring.analytics.stream.cardinality.HyperLogLogPlus,22,pinot-segment-local/src/main/java/org/apache/pinot/segment/local/utils/CustomSerDeUtils.java,
pinot,CustomSerDeUtils.java,INSTANTIATION,ObjectSerDe<HyperLogLog>,154,pinot-segment-local/src/main/java/org/apache/pinot/segment/local/utils/CustomSerDeUtils.java,
pinot,CustomSerDeUtils.java,INSTANTIATION,ObjectSerDe<HyperLogLogPlus>,186,pinot-segment-local/src/main/java/org/apache/pinot/segment/local/utils/CustomSerDeUtils.java,
pinot,HyperLogLogUtils.java,IMPORT,import com.clearspring.analytics.stream.cardinality.HyperLogLog,21,pinot-segment-local/src/main/java/org/apache/pinot/segment/local/utils/HyperLogLogUtils.java,
pinot,HyperLogLogPlusUtils.java,IMPORT,import com.clearspring.analytics.stream.cardinality.HyperLogLogPlus,21,pinot-segment-local/src/main/java/org/apache/pinot/segment/local/utils/HyperLogLogPlusUtils.java,
pinot,HyperLogLogPlusUtils.java,INSTANTIATION,HyperLogLogPlus,37,pinot-segment-local/src/main/java/org/apache/pinot/segment/local/utils/HyperLogLogPlusUtils.java,import com.clearspring.analytics.stream.cardinality.HyperLogLogPlus
pinot,BenchmarkBloomFilter.java,IMPORT,import com.google.common.hash.BloomFilter,22,pinot-perf/src/main/java/org/apache/pinot/perf/BenchmarkBloomFilter.java,
pinot,BenchmarkBloomFilter.java,IMPORT,import org.apache.pinot.segment.local.segment.index.readers.bloom.BaseGuavaBloomFilterReader,36,pinot-perf/src/main/java/org/apache/pinot/perf/BenchmarkBloomFilter.java,
pinot,BenchmarkBloomFilter.java,IMPORT,import org.apache.pinot.segment.local.segment.index.readers.bloom.GuavaBloomFilterReaderUtils,37,pinot-perf/src/main/java/org/apache/pinot/perf/BenchmarkBloomFilter.java,
pinot,BenchmarkBloomFilter.java,IMPORT,import org.apache.pinot.segment.local.segment.index.readers.bloom.OffHeapGuavaBloomFilterReader,38,pinot-perf/src/main/java/org/apache/pinot/perf/BenchmarkBloomFilter.java,
pinot,BenchmarkBloomFilter.java,IMPORT,import org.apache.pinot.segment.local.segment.index.readers.bloom.OnHeapGuavaBloomFilterReader,39,pinot-perf/src/main/java/org/apache/pinot/perf/BenchmarkBloomFilter.java,
pinot,BenchmarkBloomFilter.java,INSTANTIATION,OnHeapGuavaBloomFilterReader,104,pinot-perf/src/main/java/org/apache/pinot/perf/BenchmarkBloomFilter.java,import org.apache.pinot.segment.local.segment.index.readers.bloom.OnHeapGuavaBloomFilterReader
pinot,BenchmarkBloomFilter.java,INSTANTIATION,OffHeapGuavaBloomFilterReader,106,pinot-perf/src/main/java/org/apache/pinot/perf/BenchmarkBloomFilter.java,import org.apache.pinot.segment.local.segment.index.readers.bloom.OffHeapGuavaBloomFilterReader
pinot,RulesToExecute.java,IMPORT,import org.apache.pinot.controller.recommender.rules.impl.BloomFilterRule,26,pinot-controller/src/main/java/org/apache/pinot/controller/recommender/rules/RulesToExecute.java,
pinot,RulesToExecute.java,INSTANTIATION,BloomFilterRule,60,pinot-controller/src/main/java/org/apache/pinot/controller/recommender/rules/RulesToExecute.java,import org.apache.pinot.controller.recommender.rules.impl.BloomFilterRule
pinot,BloomFilterRule.java,IMPORT,import org.apache.pinot.controller.recommender.rules.io.params.BloomFilterRuleParams,32,pinot-controller/src/main/java/org/apache/pinot/controller/recommender/rules/impl/BloomFilterRule.java,
pinot,InputManager.java,IMPORT,import org.apache.pinot.controller.recommender.rules.io.params.BloomFilterRuleParams,43,pinot-controller/src/main/java/org/apache/pinot/controller/recommender/io/InputManager.java,
pinot,InputManager.java,INSTANTIATION,BloomFilterRuleParams,103,pinot-controller/src/main/java/org/apache/pinot/controller/recommender/io/InputManager.java,import org.apache.pinot.controller.recommender.rules.io.params.BloomFilterRuleParams
pinot,IndexingConfigTest.java,INSTANTIATION,BloomFilterConfig,52,pinot-spi/src/test/java/org/apache/pinot/spi/config/table/IndexingConfigTest.java,
pinot,BloomFilterConfig.java,INSTANTIATION,BloomFilterConfig,29,pinot-spi/src/main/java/org/apache/pinot/spi/config/table/BloomFilterConfig.java,
pinot,BloomFilterConfig.java,INSTANTIATION,BloomFilterConfig,30,pinot-spi/src/main/java/org/apache/pinot/spi/config/table/BloomFilterConfig.java,
pinot,IdSetQueriesTest.java,IMPORT,import org.apache.pinot.core.query.utils.idset.BloomFilterIdSet,36,pinot-core/src/test/java/org/apache/pinot/queries/IdSetQueriesTest.java,
pinot,SerializedBytesQueriesTest.java,IMPORT,import com.clearspring.analytics.stream.cardinality.HyperLogLog,21,pinot-core/src/test/java/org/apache/pinot/queries/SerializedBytesQueriesTest.java,
pinot,SerializedBytesQueriesTest.java,IMPORT,import com.clearspring.analytics.stream.cardinality.HyperLogLogPlus,22,pinot-core/src/test/java/org/apache/pinot/queries/SerializedBytesQueriesTest.java,
pinot,SerializedBytesQueriesTest.java,INSTANTIATION,HyperLogLog,161,pinot-core/src/test/java/org/apache/pinot/queries/SerializedBytesQueriesTest.java,import com.clearspring.analytics.stream.cardinality.HyperLogLogPlus
pinot,SerializedBytesQueriesTest.java,INSTANTIATION,HyperLogLogPlus,196,pinot-core/src/test/java/org/apache/pinot/queries/SerializedBytesQueriesTest.java,import com.clearspring.analytics.stream.cardinality.HyperLogLogPlus
pinot,SerializedBytesQueriesTest.java,INSTANTIATION,HyperLogLog,247,pinot-core/src/test/java/org/apache/pinot/queries/SerializedBytesQueriesTest.java,import com.clearspring.analytics.stream.cardinality.HyperLogLogPlus
pinot,SerializedBytesQueriesTest.java,INSTANTIATION,HyperLogLogPlus,290,pinot-core/src/test/java/org/apache/pinot/queries/SerializedBytesQueriesTest.java,import com.clearspring.analytics.stream.cardinality.HyperLogLogPlus
pinot,SerializedBytesQueriesTest.java,INSTANTIATION,HyperLogLog,322,pinot-core/src/test/java/org/apache/pinot/queries/SerializedBytesQueriesTest.java,import com.clearspring.analytics.stream.cardinality.HyperLogLogPlus
pinot,SerializedBytesQueriesTest.java,INSTANTIATION,HyperLogLog,323,pinot-core/src/test/java/org/apache/pinot/queries/SerializedBytesQueriesTest.java,import com.clearspring.analytics.stream.cardinality.HyperLogLogPlus
pinot,SerializedBytesQueriesTest.java,INSTANTIATION,HyperLogLogPlus,394,pinot-core/src/test/java/org/apache/pinot/queries/SerializedBytesQueriesTest.java,import com.clearspring.analytics.stream.cardinality.HyperLogLogPlus
pinot,SerializedBytesQueriesTest.java,INSTANTIATION,HyperLogLogPlus,395,pinot-core/src/test/java/org/apache/pinot/queries/SerializedBytesQueriesTest.java,import com.clearspring.analytics.stream.cardinality.HyperLogLogPlus
pinot,SerializedBytesQueriesTest.java,INSTANTIATION,HyperLogLog,443,pinot-core/src/test/java/org/apache/pinot/queries/SerializedBytesQueriesTest.java,import com.clearspring.analytics.stream.cardinality.HyperLogLogPlus
pinot,SerializedBytesQueriesTest.java,INSTANTIATION,HyperLogLogPlus,486,pinot-core/src/test/java/org/apache/pinot/queries/SerializedBytesQueriesTest.java,import com.clearspring.analytics.stream.cardinality.HyperLogLogPlus
pinot,SerializedBytesQueriesTest.java,INSTANTIATION,HyperLogLog,520,pinot-core/src/test/java/org/apache/pinot/queries/SerializedBytesQueriesTest.java,import com.clearspring.analytics.stream.cardinality.HyperLogLogPlus
pinot,SerializedBytesQueriesTest.java,INSTANTIATION,HyperLogLog,521,pinot-core/src/test/java/org/apache/pinot/queries/SerializedBytesQueriesTest.java,import com.clearspring.analytics.stream.cardinality.HyperLogLogPlus
pinot,SerializedBytesQueriesTest.java,INSTANTIATION,HyperLogLogPlus,592,pinot-core/src/test/java/org/apache/pinot/queries/SerializedBytesQueriesTest.java,import com.clearspring.analytics.stream.cardinality.HyperLogLogPlus
pinot,SerializedBytesQueriesTest.java,INSTANTIATION,HyperLogLogPlus,593,pinot-core/src/test/java/org/apache/pinot/queries/SerializedBytesQueriesTest.java,import com.clearspring.analytics.stream.cardinality.HyperLogLogPlus
pinot,SerializedBytesQueriesTest.java,INSTANTIATION,HyperLogLog,634,pinot-core/src/test/java/org/apache/pinot/queries/SerializedBytesQueriesTest.java,import com.clearspring.analytics.stream.cardinality.HyperLogLogPlus
pinot,SerializedBytesQueriesTest.java,INSTANTIATION,HyperLogLogPlus,668,pinot-core/src/test/java/org/apache/pinot/queries/SerializedBytesQueriesTest.java,import com.clearspring.analytics.stream.cardinality.HyperLogLogPlus
pinot,SerializedBytesQueriesTest.java,INSTANTIATION,HyperLogLog,731,pinot-core/src/test/java/org/apache/pinot/queries/SerializedBytesQueriesTest.java,import com.clearspring.analytics.stream.cardinality.HyperLogLogPlus
pinot,SerializedBytesQueriesTest.java,INSTANTIATION,HyperLogLog,732,pinot-core/src/test/java/org/apache/pinot/queries/SerializedBytesQueriesTest.java,import com.clearspring.analytics.stream.cardinality.HyperLogLogPlus
pinot,SerializedBytesQueriesTest.java,INSTANTIATION,HyperLogLogPlus,803,pinot-core/src/test/java/org/apache/pinot/queries/SerializedBytesQueriesTest.java,import com.clearspring.analytics.stream.cardinality.HyperLogLogPlus
pinot,SerializedBytesQueriesTest.java,INSTANTIATION,HyperLogLogPlus,804,pinot-core/src/test/java/org/apache/pinot/queries/SerializedBytesQueriesTest.java,import com.clearspring.analytics.stream.cardinality.HyperLogLogPlus
pinot,FastHllQueriesTest.java,IMPORT,import com.clearspring.analytics.stream.cardinality.HyperLogLog,21,pinot-core/src/test/java/org/apache/pinot/queries/FastHllQueriesTest.java,
pinot,DistinctCountQueriesTest.java,IMPORT,import com.clearspring.analytics.stream.cardinality.HyperLogLog,21,pinot-core/src/test/java/org/apache/pinot/queries/DistinctCountQueriesTest.java,
pinot,DistinctCountQueriesTest.java,IMPORT,import com.clearspring.analytics.stream.cardinality.HyperLogLogPlus,22,pinot-core/src/test/java/org/apache/pinot/queries/DistinctCountQueriesTest.java,
pinot,DistinctCountHLLAggregationFunctionTest.java,IMPORT,import com.clearspring.analytics.stream.cardinality.HyperLogLog,21,pinot-core/src/test/java/org/apache/pinot/core/query/aggregation/function/DistinctCountHLLAggregationFunctionTest.java,
pinot,DistinctCountSmartHLLAggregationFunctionTest.java,IMPORT,import com.clearspring.analytics.stream.cardinality.HyperLogLog,21,pinot-core/src/test/java/org/apache/pinot/core/query/aggregation/function/DistinctCountSmartHLLAggregationFunctionTest.java,
pinot,DistinctCountSmartHLLAggregationFunctionTest.java,INSTANTIATION,HyperLogLog,139,pinot-core/src/test/java/org/apache/pinot/core/query/aggregation/function/DistinctCountSmartHLLAggregationFunctionTest.java,import com.clearspring.analytics.stream.cardinality.HyperLogLog
pinot,DistinctCountSmartHLLAggregationFunctionTest.java,INSTANTIATION,HyperLogLog,148,pinot-core/src/test/java/org/apache/pinot/core/query/aggregation/function/DistinctCountSmartHLLAggregationFunctionTest.java,import com.clearspring.analytics.stream.cardinality.HyperLogLog
pinot,DistinctCountSmartHLLAggregationFunctionTest.java,INSTANTIATION,HyperLogLog,149,pinot-core/src/test/java/org/apache/pinot/core/query/aggregation/function/DistinctCountSmartHLLAggregationFunctionTest.java,import com.clearspring.analytics.stream.cardinality.HyperLogLog
pinot,DistinctCountSmartHLLAggregationFunctionTest.java,INSTANTIATION,HyperLogLog,170,pinot-core/src/test/java/org/apache/pinot/core/query/aggregation/function/DistinctCountSmartHLLAggregationFunctionTest.java,import com.clearspring.analytics.stream.cardinality.HyperLogLog
pinot,DistinctCountSketchNullHandlingTest.java,IMPORT,import com.clearspring.analytics.stream.cardinality.HyperLogLog,21,pinot-core/src/test/java/org/apache/pinot/core/query/aggregation/function/DistinctCountSketchNullHandlingTest.java,
pinot,DistinctCountSketchNullHandlingTest.java,INSTANTIATION,HyperLogLog,130,pinot-core/src/test/java/org/apache/pinot/core/query/aggregation/function/DistinctCountSketchNullHandlingTest.java,import com.clearspring.analytics.stream.cardinality.HyperLogLog
pinot,DistinctCountSketchNullHandlingTest.java,INSTANTIATION,HyperLogLog,132,pinot-core/src/test/java/org/apache/pinot/core/query/aggregation/function/DistinctCountSketchNullHandlingTest.java,import com.clearspring.analytics.stream.cardinality.HyperLogLog
pinot,DefaultFetchPlannerTest.java,IMPORT,import org.apache.pinot.segment.spi.index.reader.BloomFilterReader,31,pinot-core/src/test/java/org/apache/pinot/core/query/prefetch/DefaultFetchPlannerTest.java,
pinot,BloomFilterSegmentPrunerTest.java,IMPORT,import com.google.common.hash.BloomFilter,23,pinot-core/src/test/java/org/apache/pinot/core/query/pruner/BloomFilterSegmentPrunerTest.java,
pinot,BloomFilterSegmentPrunerTest.java,IMPORT,import org.apache.pinot.segment.local.segment.index.readers.bloom.OnHeapGuavaBloomFilterReader,40,pinot-core/src/test/java/org/apache/pinot/core/query/pruner/BloomFilterSegmentPrunerTest.java,
pinot,BloomFilterSegmentPrunerTest.java,IMPORT,import org.apache.pinot.segment.spi.index.reader.BloomFilterReader,48,pinot-core/src/test/java/org/apache/pinot/core/query/pruner/BloomFilterSegmentPrunerTest.java,
pinot,BloomFilterSegmentPrunerTest.java,IMPORT,import org.apache.pinot.spi.config.table.BloomFilterConfig,50,pinot-core/src/test/java/org/apache/pinot/core/query/pruner/BloomFilterSegmentPrunerTest.java,
pinot,BloomFilterSegmentPrunerTest.java,INSTANTIATION,BloomFilterSegmentPruner,72,pinot-core/src/test/java/org/apache/pinot/core/query/pruner/BloomFilterSegmentPrunerTest.java,
pinot,BloomFilterSegmentPrunerTest.java,INSTANTIATION,BloomFilterConfig,196,pinot-core/src/test/java/org/apache/pinot/core/query/pruner/BloomFilterSegmentPrunerTest.java,import org.apache.pinot.spi.config.table.BloomFilterConfig
pinot,BloomFilterSegmentPrunerTest.java,INSTANTIATION,BloomFilterSegmentPruner,310,pinot-core/src/test/java/org/apache/pinot/core/query/pruner/BloomFilterSegmentPrunerTest.java,
pinot,BloomFilterSegmentPrunerTest.java,INSTANTIATION,BloomFilterReaderBuilder,332,pinot-core/src/test/java/org/apache/pinot/core/query/pruner/BloomFilterSegmentPrunerTest.java,
pinot,BloomFilterSegmentPrunerTest.java,INSTANTIATION,OnHeapGuavaBloomFilterReader,372,pinot-core/src/test/java/org/apache/pinot/core/query/pruner/BloomFilterSegmentPrunerTest.java,import org.apache.pinot.segment.local.segment.index.readers.bloom.OnHeapGuavaBloomFilterReader
pinot,DistinctCountHLLStarTreeV2Test.java,IMPORT,import com.clearspring.analytics.stream.cardinality.HyperLogLog,21,pinot-core/src/test/java/org/apache/pinot/core/startree/v2/DistinctCountHLLStarTreeV2Test.java,
pinot,PreAggregatedDistinctCountHLLStarTreeV2Test.java,IMPORT,import com.clearspring.analytics.stream.cardinality.HyperLogLog,21,pinot-core/src/test/java/org/apache/pinot/core/startree/v2/PreAggregatedDistinctCountHLLStarTreeV2Test.java,
pinot,PreAggregatedDistinctCountHLLStarTreeV2Test.java,INSTANTIATION,HyperLogLog,48,pinot-core/src/test/java/org/apache/pinot/core/startree/v2/PreAggregatedDistinctCountHLLStarTreeV2Test.java,import com.clearspring.analytics.stream.cardinality.HyperLogLog
pinot,DistinctCountHLLWithMVStarTreeV2Test.java,IMPORT,import com.clearspring.analytics.stream.cardinality.HyperLogLog,21,pinot-core/src/test/java/org/apache/pinot/core/startree/v2/DistinctCountHLLWithMVStarTreeV2Test.java,
pinot,DistinctCountRawHLLStarTreeV2Test.java,IMPORT,import com.clearspring.analytics.stream.cardinality.HyperLogLog,21,pinot-core/src/test/java/org/apache/pinot/core/startree/v2/DistinctCountRawHLLStarTreeV2Test.java,
pinot,ObjectSerDeUtilsTest.java,IMPORT,import com.clearspring.analytics.stream.cardinality.HyperLogLog,21,pinot-core/src/test/java/org/apache/pinot/core/common/ObjectSerDeUtilsTest.java,
pinot,ObjectSerDeUtilsTest.java,INSTANTIATION,HyperLogLog,248,pinot-core/src/test/java/org/apache/pinot/core/common/ObjectSerDeUtilsTest.java,import com.clearspring.analytics.stream.cardinality.HyperLogLog
pinot,ObjectSerDeUtilsTest.java,INSTANTIATION,HyperLogLog,262,pinot-core/src/test/java/org/apache/pinot/core/common/ObjectSerDeUtilsTest.java,import com.clearspring.analytics.stream.cardinality.HyperLogLog
pinot,DistinctCountHLLAggregator.java,IMPORT,import com.clearspring.analytics.stream.cardinality.HyperLogLog,22,pinot-core/src/main/java/org/apache/pinot/core/segment/processing/aggregator/DistinctCountHLLAggregator.java,
pinot,DistinctCountHLLAggregationFunction.java,IMPORT,import com.clearspring.analytics.stream.cardinality.HyperLogLog,21,pinot-core/src/main/java/org/apache/pinot/core/query/aggregation/function/DistinctCountHLLAggregationFunction.java,
pinot,DistinctCountHLLAggregationFunction.java,INSTANTIATION,HyperLogLog,707,pinot-core/src/main/java/org/apache/pinot/core/query/aggregation/function/DistinctCountHLLAggregationFunction.java,import com.clearspring.analytics.stream.cardinality.HyperLogLog
pinot,DistinctCountHLLAggregationFunction.java,INSTANTIATION,HyperLogLog,723,pinot-core/src/main/java/org/apache/pinot/core/query/aggregation/function/DistinctCountHLLAggregationFunction.java,import com.clearspring.analytics.stream.cardinality.HyperLogLog
pinot,DistinctCountHLLAggregationFunction.java,INSTANTIATION,HyperLogLog,825,pinot-core/src/main/java/org/apache/pinot/core/query/aggregation/function/DistinctCountHLLAggregationFunction.java,import com.clearspring.analytics.stream.cardinality.HyperLogLog
pinot,DistinctCountHLLAggregationFunction.java,INSTANTIATION,HyperLogLog,835,pinot-core/src/main/java/org/apache/pinot/core/query/aggregation/function/DistinctCountHLLAggregationFunction.java,import com.clearspring.analytics.stream.cardinality.HyperLogLog
pinot,DistinctCountHLLAggregationFunction.java,INSTANTIATION,HyperLogLog,850,pinot-core/src/main/java/org/apache/pinot/core/query/aggregation/function/DistinctCountHLLAggregationFunction.java,import com.clearspring.analytics.stream.cardinality.HyperLogLog
pinot,DistinctCountHLLAggregationFunction.java,INSTANTIATION,HyperLogLog,860,pinot-core/src/main/java/org/apache/pinot/core/query/aggregation/function/DistinctCountHLLAggregationFunction.java,import com.clearspring.analytics.stream.cardinality.HyperLogLog
pinot,FastHLLAggregationFunction.java,IMPORT,import com.clearspring.analytics.stream.cardinality.HyperLogLog,21,pinot-core/src/main/java/org/apache/pinot/core/query/aggregation/function/FastHLLAggregationFunction.java,
pinot,FastHLLAggregationFunction.java,INSTANTIATION,HyperLogLog,141,pinot-core/src/main/java/org/apache/pinot/core/query/aggregation/function/FastHLLAggregationFunction.java,import com.clearspring.analytics.stream.cardinality.HyperLogLog
pinot,FastHLLAggregationFunction.java,INSTANTIATION,HyperLogLog,151,pinot-core/src/main/java/org/apache/pinot/core/query/aggregation/function/FastHLLAggregationFunction.java,import com.clearspring.analytics.stream.cardinality.HyperLogLog
pinot,DistinctCountRawHLLAggregationFunction.java,IMPORT,import com.clearspring.analytics.stream.cardinality.HyperLogLog,21,pinot-core/src/main/java/org/apache/pinot/core/query/aggregation/function/DistinctCountRawHLLAggregationFunction.java,
pinot,DistinctCountSmartHLLPlusAggregationFunction.java,IMPORT,import com.clearspring.analytics.stream.cardinality.HyperLogLogPlus,21,pinot-core/src/main/java/org/apache/pinot/core/query/aggregation/function/DistinctCountSmartHLLPlusAggregationFunction.java,
pinot,DistinctCountSmartHLLPlusAggregationFunction.java,INSTANTIATION,HyperLogLogPlus,251,pinot-core/src/main/java/org/apache/pinot/core/query/aggregation/function/DistinctCountSmartHLLPlusAggregationFunction.java,import com.clearspring.analytics.stream.cardinality.HyperLogLogPlus
pinot,DistinctCountSmartHLLPlusAggregationFunction.java,INSTANTIATION,HyperLogLogPlus,259,pinot-core/src/main/java/org/apache/pinot/core/query/aggregation/function/DistinctCountSmartHLLPlusAggregationFunction.java,import com.clearspring.analytics.stream.cardinality.HyperLogLogPlus
pinot,DistinctCountSmartHLLPlusAggregationFunction.java,INSTANTIATION,HyperLogLogPlus,366,pinot-core/src/main/java/org/apache/pinot/core/query/aggregation/function/DistinctCountSmartHLLPlusAggregationFunction.java,import com.clearspring.analytics.stream.cardinality.HyperLogLogPlus
pinot,AggregationFunctionUtils.java,IMPORT,import com.clearspring.analytics.stream.cardinality.HyperLogLog,21,pinot-core/src/main/java/org/apache/pinot/core/query/aggregation/function/AggregationFunctionUtils.java,
pinot,AggregationFunctionUtils.java,IMPORT,import com.clearspring.analytics.stream.cardinality.HyperLogLogPlus,22,pinot-core/src/main/java/org/apache/pinot/core/query/aggregation/function/AggregationFunctionUtils.java,
pinot,AggregationFunctionUtils.java,INSTANTIATION,HyperLogLog,773,pinot-core/src/main/java/org/apache/pinot/core/query/aggregation/function/AggregationFunctionUtils.java,import com.clearspring.analytics.stream.cardinality.HyperLogLogPlus
pinot,AggregationFunctionUtils.java,INSTANTIATION,HyperLogLogPlus,794,pinot-core/src/main/java/org/apache/pinot/core/query/aggregation/function/AggregationFunctionUtils.java,import com.clearspring.analytics.stream.cardinality.HyperLogLogPlus
pinot,BaseDistinctCountSmartSketchAggregationFunction.java,IMPORT,import com.clearspring.analytics.stream.cardinality.HyperLogLog,21,pinot-core/src/main/java/org/apache/pinot/core/query/aggregation/function/BaseDistinctCountSmartSketchAggregationFunction.java,
pinot,DistinctCountRawHLLPlusAggregationFunction.java,IMPORT,import com.clearspring.analytics.stream.cardinality.HyperLogLogPlus,21,pinot-core/src/main/java/org/apache/pinot/core/query/aggregation/function/DistinctCountRawHLLPlusAggregationFunction.java,
pinot,DistinctCountSmartHLLAggregationFunction.java,IMPORT,import com.clearspring.analytics.stream.cardinality.HyperLogLog,22,pinot-core/src/main/java/org/apache/pinot/core/query/aggregation/function/DistinctCountSmartHLLAggregationFunction.java,
pinot,DistinctCountSmartHLLAggregationFunction.java,INSTANTIATION,HyperLogLog,294,pinot-core/src/main/java/org/apache/pinot/core/query/aggregation/function/DistinctCountSmartHLLAggregationFunction.java,import com.clearspring.analytics.stream.cardinality.HyperLogLog
pinot,DistinctCountSmartHLLAggregationFunction.java,INSTANTIATION,HyperLogLog,302,pinot-core/src/main/java/org/apache/pinot/core/query/aggregation/function/DistinctCountSmartHLLAggregationFunction.java,import com.clearspring.analytics.stream.cardinality.HyperLogLog
pinot,DistinctCountSmartHLLAggregationFunction.java,INSTANTIATION,HyperLogLog,418,pinot-core/src/main/java/org/apache/pinot/core/query/aggregation/function/DistinctCountSmartHLLAggregationFunction.java,import com.clearspring.analytics.stream.cardinality.HyperLogLog
pinot,DistinctCountHLLPlusAggregationFunction.java,IMPORT,import com.clearspring.analytics.stream.cardinality.HyperLogLogPlus,21,pinot-core/src/main/java/org/apache/pinot/core/query/aggregation/function/DistinctCountHLLPlusAggregationFunction.java,
pinot,DistinctCountHLLPlusAggregationFunction.java,INSTANTIATION,HyperLogLogPlus,711,pinot-core/src/main/java/org/apache/pinot/core/query/aggregation/function/DistinctCountHLLPlusAggregationFunction.java,import com.clearspring.analytics.stream.cardinality.HyperLogLogPlus
pinot,DistinctCountHLLPlusAggregationFunction.java,INSTANTIATION,HyperLogLogPlus,727,pinot-core/src/main/java/org/apache/pinot/core/query/aggregation/function/DistinctCountHLLPlusAggregationFunction.java,import com.clearspring.analytics.stream.cardinality.HyperLogLogPlus
pinot,DistinctCountHLLPlusAggregationFunction.java,INSTANTIATION,HyperLogLogPlus,818,pinot-core/src/main/java/org/apache/pinot/core/query/aggregation/function/DistinctCountHLLPlusAggregationFunction.java,import com.clearspring.analytics.stream.cardinality.HyperLogLogPlus
pinot,DistinctCountHLLPlusAggregationFunction.java,INSTANTIATION,HyperLogLogPlus,839,pinot-core/src/main/java/org/apache/pinot/core/query/aggregation/function/DistinctCountHLLPlusAggregationFunction.java,import com.clearspring.analytics.stream.cardinality.HyperLogLogPlus
pinot,DistinctCountHLLPlusAggregationFunction.java,INSTANTIATION,HyperLogLogPlus,862,pinot-core/src/main/java/org/apache/pinot/core/query/aggregation/function/DistinctCountHLLPlusAggregationFunction.java,import com.clearspring.analytics.stream.cardinality.HyperLogLogPlus
pinot,BloomFilterIdSet.java,IMPORT,import com.google.common.hash.BloomFilter,22,pinot-core/src/main/java/org/apache/pinot/core/query/utils/idset/BloomFilterIdSet.java,
pinot,BloomFilterIdSet.java,INSTANTIATION,BloomFilterIdSet,213,pinot-core/src/main/java/org/apache/pinot/core/query/utils/idset/BloomFilterIdSet.java,
pinot,IdSets.java,INSTANTIATION,BloomFilterIdSet,59,pinot-core/src/main/java/org/apache/pinot/core/query/utils/idset/IdSets.java,
pinot,IdSets.java,INSTANTIATION,BloomFilterIdSet,70,pinot-core/src/main/java/org/apache/pinot/core/query/utils/idset/IdSets.java,
pinot,IdSets.java,INSTANTIATION,BloomFilterIdSet,162,pinot-core/src/main/java/org/apache/pinot/core/query/utils/idset/IdSets.java,
pinot,IdSets.java,INSTANTIATION,BloomFilterIdSet,176,pinot-core/src/main/java/org/apache/pinot/core/query/utils/idset/IdSets.java,
pinot,BloomFilterSegmentPruner.java,IMPORT,import org.apache.pinot.segment.spi.index.reader.BloomFilterReader,43,pinot-core/src/main/java/org/apache/pinot/core/query/pruner/BloomFilterSegmentPruner.java,
pinot,ValueBasedSegmentPruner.java,IMPORT,import org.apache.pinot.segment.local.segment.index.readers.bloom.GuavaBloomFilterReaderUtils,34,pinot-core/src/main/java/org/apache/pinot/core/query/pruner/ValueBasedSegmentPruner.java,
pinot,ValueBasedSegmentPruner.java,IMPORT,import org.apache.pinot.segment.spi.index.reader.BloomFilterReader,37,pinot-core/src/main/java/org/apache/pinot/core/query/pruner/ValueBasedSegmentPruner.java,
pinot,ObjectSerDeUtils.java,IMPORT,import com.clearspring.analytics.stream.cardinality.HyperLogLog,21,pinot-core/src/main/java/org/apache/pinot/core/common/ObjectSerDeUtils.java,
pinot,ObjectSerDeUtils.java,IMPORT,import com.clearspring.analytics.stream.cardinality.HyperLogLogPlus,22,pinot-core/src/main/java/org/apache/pinot/core/common/ObjectSerDeUtils.java,
pinot,ObjectSerDeUtils.java,INSTANTIATION,ObjectSerDe<HyperLogLog>,741,pinot-core/src/main/java/org/apache/pinot/core/common/ObjectSerDeUtils.java,
pinot,ObjectSerDeUtils.java,INSTANTIATION,HyperLogLog,770,pinot-core/src/main/java/org/apache/pinot/core/common/ObjectSerDeUtils.java,import com.clearspring.analytics.stream.cardinality.HyperLogLogPlus
pinot,ObjectSerDeUtils.java,INSTANTIATION,ObjectSerDe<HyperLogLogPlus>,777,pinot-core/src/main/java/org/apache/pinot/core/common/ObjectSerDeUtils.java,
pinot,SketchFunctions.java,IMPORT,import com.clearspring.analytics.stream.cardinality.HyperLogLog,21,pinot-core/src/main/java/org/apache/pinot/core/function/scalar/SketchFunctions.java,
pinot,SketchFunctions.java,INSTANTIATION,HyperLogLog,150,pinot-core/src/main/java/org/apache/pinot/core/function/scalar/SketchFunctions.java,import com.clearspring.analytics.stream.cardinality.HyperLogLog
pinot,UuidBloomFilterTest.java,IMPORT,import org.apache.pinot.spi.config.table.BloomFilterConfig,27,pinot-integration-tests/src/test/java/org/apache/pinot/integration/tests/custom/UuidBloomFilterTest.java,
pinot,UuidBloomFilterTest.java,INSTANTIATION,BloomFilterConfig,70,pinot-integration-tests/src/test/java/org/apache/pinot/integration/tests/custom/UuidBloomFilterTest.java,import org.apache.pinot.spi.config.table.BloomFilterConfig
pinot,StandardIndexes.java,IMPORT,import org.apache.pinot.segment.spi.index.creator.BloomFilterCreator,22,pinot-segment-spi/src/main/java/org/apache/pinot/segment/spi/index/StandardIndexes.java,
pinot,StandardIndexes.java,IMPORT,import org.apache.pinot.segment.spi.index.reader.BloomFilterReader,34,pinot-segment-spi/src/main/java/org/apache/pinot/segment/spi/index/StandardIndexes.java,
pinot,StandardIndexes.java,IMPORT,import org.apache.pinot.spi.config.table.BloomFilterConfig,45,pinot-segment-spi/src/main/java/org/apache/pinot/segment/spi/index/StandardIndexes.java,
pinot,DataSource.java,IMPORT,import org.apache.pinot.segment.spi.index.reader.BloomFilterReader,26,pinot-segment-spi/src/main/java/org/apache/pinot/segment/spi/datasource/DataSource.java,
poi,SettingExternalFunction.java,INSTANTIATION,BloombergAddIn,73,poi-examples/src/main/java/org/apache/poi/examples/ss/formula/SettingExternalFunction.java,
polaris,AllRetained.java,IMPORT,import com.google.common.hash.BloomFilter,23,persistence/nosql/persistence/maintenance/impl/src/main/java/org/apache/polaris/persistence/nosql/maintenance/impl/AllRetained.java,
ranger,RangerAuthorizationCoprocessor.java,IMPORT,import org.apache.hadoop.hbase.regionserver.BloomType,74,hbase-agent/src/main/java/org/apache/ranger/authorization/hbase/RangerAuthorizationCoprocessor.java,
rocketmq,RocksDBOptionsFactory.java,IMPORT,import org.rocksdb.BloomFilter,23,store/src/main/java/org/apache/rocketmq/store/rocksdb/RocksDBOptionsFactory.java,
rocketmq,RocksDBOptionsFactory.java,INSTANTIATION,BloomFilter,53,store/src/main/java/org/apache/rocketmq/store/rocksdb/RocksDBOptionsFactory.java,import org.rocksdb.BloomFilter
rocketmq,RocksDBOptionsFactory.java,INSTANTIATION,BloomFilter,105,store/src/main/java/org/apache/rocketmq/store/rocksdb/RocksDBOptionsFactory.java,import org.rocksdb.BloomFilter
rocketmq,RocksDBOptionsFactory.java,INSTANTIATION,BloomFilter,141,store/src/main/java/org/apache/rocketmq/store/rocksdb/RocksDBOptionsFactory.java,import org.rocksdb.BloomFilter
rocketmq,RocksDBOptionsFactory.java,INSTANTIATION,BloomFilter,227,store/src/main/java/org/apache/rocketmq/store/rocksdb/RocksDBOptionsFactory.java,import org.rocksdb.BloomFilter
rocketmq,RocksDBOptionsFactory.java,INSTANTIATION,BloomFilter,269,store/src/main/java/org/apache/rocketmq/store/rocksdb/RocksDBOptionsFactory.java,import org.rocksdb.BloomFilter
rocketmq,RocksDBOptionsFactory.java,INSTANTIATION,BloomFilter,320,store/src/main/java/org/apache/rocketmq/store/rocksdb/RocksDBOptionsFactory.java,import org.rocksdb.BloomFilter
rocketmq,ConfigHelper.java,IMPORT,import org.rocksdb.BloomFilter,23,common/src/main/java/org/apache/rocketmq/common/config/ConfigHelper.java,
rocketmq,ConfigHelper.java,INSTANTIATION,BloomFilter,47,common/src/main/java/org/apache/rocketmq/common/config/ConfigHelper.java,import org.rocksdb.BloomFilter
rocketmq,BloomFilterTest.java,IMPORT,import org.apache.rocketmq.filter.util.BloomFilter,21,filter/src/test/java/org/apache/rocketmq/filter/BloomFilterTest.java,
rocketmq,BloomFilterTest.java,IMPORT,import org.apache.rocketmq.filter.util.BloomFilterData,22,filter/src/test/java/org/apache/rocketmq/filter/BloomFilterTest.java,
rocketmq,BloomFilterTest.java,INSTANTIATION,BloomFilterData,110,filter/src/test/java/org/apache/rocketmq/filter/BloomFilterTest.java,import org.apache.rocketmq.filter.util.BloomFilterData
rocketmq,BloomFilterTest.java,INSTANTIATION,BloomFilterData,111,filter/src/test/java/org/apache/rocketmq/filter/BloomFilterTest.java,import org.apache.rocketmq.filter.util.BloomFilterData
rocketmq,BloomFilterTest.java,INSTANTIATION,BloomFilterData,112,filter/src/test/java/org/apache/rocketmq/filter/BloomFilterTest.java,import org.apache.rocketmq.filter.util.BloomFilterData
rocketmq,BloomFilterTest.java,INSTANTIATION,BloomFilterData,134,filter/src/test/java/org/apache/rocketmq/filter/BloomFilterTest.java,import org.apache.rocketmq.filter.util.BloomFilterData
rocketmq,BloomFilter.java,INSTANTIATION,BloomFilter,48,filter/src/main/java/org/apache/rocketmq/filter/util/BloomFilter.java,
rocketmq,BloomFilter.java,INSTANTIATION,BloomFilterData,117,filter/src/main/java/org/apache/rocketmq/filter/util/BloomFilter.java,
rocketmq,ConsumerFilterManager.java,IMPORT,import org.apache.rocketmq.filter.util.BloomFilter,35,broker/src/main/java/org/apache/rocketmq/broker/filter/ConsumerFilterManager.java,
rocketmq,ConsumerFilterManager.java,IMPORT,import org.apache.rocketmq.filter.util.BloomFilterData,36,broker/src/main/java/org/apache/rocketmq/broker/filter/ConsumerFilterManager.java,
rocketmq,ExpressionMessageFilter.java,IMPORT,import org.apache.rocketmq.filter.util.BloomFilter,26,broker/src/main/java/org/apache/rocketmq/broker/filter/ExpressionMessageFilter.java,
rocketmq,ConsumerFilterData.java,IMPORT,import org.apache.rocketmq.filter.util.BloomFilterData,25,broker/src/main/java/org/apache/rocketmq/broker/filter/ConsumerFilterData.java,
tika,CommonTokensBloomGenerator.java,IMPORT,import org.apache.commons.collections4.bloomfilter.SimpleBloomFilter,31,tika-eval/tika-eval-core/src/test/java/org/apache/tika/eval/core/tokens/tools/CommonTokensBloomGenerator.java,
tika,CommonTokensBloomGenerator.java,IMPORT,import org.apache.tika.eval.core.tokens.CommonTokensBloom,35,tika-eval/tika-eval-core/src/test/java/org/apache/tika/eval/core/tokens/tools/CommonTokensBloomGenerator.java,
tika,CommonTokensBloomGenerator.java,INSTANTIATION,SimpleBloomFilter,103,tika-eval/tika-eval-core/src/test/java/org/apache/tika/eval/core/tokens/tools/CommonTokensBloomGenerator.java,import org.apache.commons.collections4.bloomfilter.SimpleBloomFilter
tika,CommonTokensBloom.java,IMPORT,import org.apache.commons.collections4.bloomfilter.BitMapExtractor,27,tika-eval/tika-eval-core/src/main/java/org/apache/tika/eval/core/tokens/CommonTokensBloom.java,
tika,CommonTokensBloom.java,IMPORT,import org.apache.commons.collections4.bloomfilter.BloomFilter,28,tika-eval/tika-eval-core/src/main/java/org/apache/tika/eval/core/tokens/CommonTokensBloom.java,
tika,CommonTokensBloom.java,IMPORT,import org.apache.commons.collections4.bloomfilter.EnhancedDoubleHasher,29,tika-eval/tika-eval-core/src/main/java/org/apache/tika/eval/core/tokens/CommonTokensBloom.java,
tika,CommonTokensBloom.java,IMPORT,import org.apache.commons.collections4.bloomfilter.Hasher,30,tika-eval/tika-eval-core/src/main/java/org/apache/tika/eval/core/tokens/CommonTokensBloom.java,
tika,CommonTokensBloom.java,IMPORT,import org.apache.commons.collections4.bloomfilter.Shape,31,tika-eval/tika-eval-core/src/main/java/org/apache/tika/eval/core/tokens/CommonTokensBloom.java,
tika,CommonTokensBloom.java,IMPORT,import org.apache.commons.collections4.bloomfilter.SimpleBloomFilter,32,tika-eval/tika-eval-core/src/main/java/org/apache/tika/eval/core/tokens/CommonTokensBloom.java,
tika,CommonTokensBloom.java,INSTANTIATION,SimpleBloomFilter,133,tika-eval/tika-eval-core/src/main/java/org/apache/tika/eval/core/tokens/CommonTokensBloom.java,import org.apache.commons.collections4.bloomfilter.SimpleBloomFilter
tika,LangModel.java,IMPORT,import org.apache.commons.collections4.bloomfilter.BloomFilter,19,tika-eval/tika-eval-core/src/main/java/org/apache/tika/eval/core/tokens/LangModel.java,
tika,CommonTokenCountManager.java,IMPORT,import org.apache.commons.collections4.bloomfilter.BloomFilter,28,tika-eval/tika-eval-core/src/main/java/org/apache/tika/eval/core/tokens/CommonTokenCountManager.java,
tsfile,TsFileSequenceReaderTest.java,IMPORT,import org.apache.tsfile.utils.BloomFilter,39,java/tsfile/src/test/java/org/apache/tsfile/read/TsFileSequenceReaderTest.java,
tsfile,CompatibilityUtils.java,IMPORT,import org.apache.tsfile.utils.BloomFilter,25,java/tsfile/src/main/java/org/apache/tsfile/compatibility/CompatibilityUtils.java,
tsfile,TsFileIOWriter.java,IMPORT,import org.apache.tsfile.utils.BloomFilter,48,java/tsfile/src/main/java/org/apache/tsfile/write/writer/TsFileIOWriter.java,
tsfile,BloomFilter.java,INSTANTIATION,BloomFilter,74,java/tsfile/src/main/java/org/apache/tsfile/utils/BloomFilter.java,
tsfile,BloomFilter.java,INSTANTIATION,BloomFilter,85,java/tsfile/src/main/java/org/apache/tsfile/utils/BloomFilter.java,
tsfile,TsFileMetadata.java,IMPORT,import org.apache.tsfile.utils.BloomFilter,27,java/tsfile/src/main/java/org/apache/tsfile/file/metadata/TsFileMetadata.java,
tsfile,TsFileSequenceReader.java,IMPORT,import org.apache.tsfile.utils.BloomFilter,75,java/tsfile/src/main/java/org/apache/tsfile/read/TsFileSequenceReader.java,
tsfile,TsFileExecutor.java,IMPORT,import org.apache.tsfile.utils.BloomFilter,41,java/tsfile/src/main/java/org/apache/tsfile/read/query/executor/TsFileExecutor.java,
